ISO-10303-21;
HEADER;
FILE_DESCRIPTION(('FreeCAD Model'),'2;1');
FILE_NAME('Open CASCADE Shape Model','2026-10-05T06:55:05',('FreeCAD'),(
    'FreeCAD'),'Open CASCADE STEP processor 7.8','FreeCAD','Unknown');
FILE_SCHEMA(('AUTOMOTIVE_DESIGN { 1 0 10303 214 1 1 1 1 }'));
ENDSEC;
DATA;
#1 = APPLICATION_PROTOCOL_DEFINITION('international standard',
  'automotive_design',2000,#2);
#2 = APPLICATION_CONTEXT(
  'core data for automotive mechanical design processes');
#3 = SHAPE_DEFINITION_REPRESENTATION(#4,#10);
#4 = PRODUCT_DEFINITION_SHAPE('','',#5);
#5 = PRODUCT_DEFINITION('design','',#6,#9);
#6 = PRODUCT_DEFINITION_FORMATION('','',#7);
#7 = PRODUCT('Open CASCADE STEP translator 7.8 2',
  'Open CASCADE STEP translator 7.8 2','',(#8));
#8 = PRODUCT_CONTEXT('',#2,'mechanical');
#9 = PRODUCT_DEFINITION_CONTEXT('part definition',#2,'design');
#10 = ADVANCED_BREP_SHAPE_REPRESENTATION('',(#11,#15),#10331);
#11 = AXIS2_PLACEMENT_3D('',#12,#13,#14);
#12 = CARTESIAN_POINT('',(0.,0.,0.));
#13 = DIRECTION('',(0.,0.,1.));
#14 = DIRECTION('',(1.,0.,-0.));
#15 = MANIFOLD_SOLID_BREP('',#16);
#16 = CLOSED_SHELL('',(#17,#185,#344,#402,#802,#826,#850,#881,#905,#929,
    #953,#977,#1001,#1025,#1049,#1073,#1097,#1121,#1145,#1169,#1202,
    #1226,#1250,#1274,#1298,#1322,#1346,#1370,#1394,#1418,#1442,#1466,
    #1490,#1514,#1538,#1562,#1602,#1708,#1739,#1763,#1787,#1804,#1821,
    #1852,#1876,#1900,#1940,#1964,#2004,#2028,#2052,#2076,#2100,#2124,
    #2148,#2172,#2196,#2220,#2244,#2268,#2292,#2316,#2340,#2364,#2388,
    #2412,#2436,#2460,#2484,#2508,#2532,#2556,#2580,#2604,#2628,#2652,
    #2669,#2694,#2719,#2744,#2769,#2794,#2819,#2844,#2869,#2985,#3073,
    #3097,#3114,#3131,#3164,#3188,#3212,#3236,#3267,#3291,#3315,#3334,
    #5033,#5118,#5135,#5167,#5184,#5235,#5245,#6941,#6968,#6978,#6988,
    #7010,#7027,#7044,#7056,#7078,#7095,#7112,#7124,#7146,#7163,#7180,
    #7192,#7214,#7231,#7248,#7260,#7282,#7299,#7316,#7328,#7350,#7367,
    #7384,#7396,#7418,#7435,#7452,#7464,#7486,#7503,#7520,#7532,#7549,
    #7571,#7588,#7605,#7617,#7634,#7656,#7673,#7690,#7702,#7724,#7741,
    #7758,#7770,#7792,#7809,#7826,#7838,#7860,#7877,#7894,#7906,#7928,
    #7945,#7962,#7974,#7996,#8013,#8030,#8042,#8064,#8081,#8098,#8110,
    #8132,#8149,#8166,#8178,#8200,#8217,#8234,#8246,#8268,#8285,#8302,
    #8314,#8336,#8353,#8370,#8382,#8404,#8421,#8438,#8450,#8472,#8489,
    #8506,#8518,#8540,#8557,#8574,#8586,#8608,#8625,#8642,#8654,#8676,
    #8693,#8710,#8722,#8744,#8761,#8778,#8790,#8812,#8829,#8846,#8858,
    #8880,#8897,#8914,#8926,#8948,#8965,#8982,#8994,#9016,#9033,#9050,
    #9062,#9084,#9101,#9118,#9130,#9152,#9169,#9186,#9198,#9220,#9237,
    #9254,#9266,#9288,#9305,#9322,#9334,#9356,#9373,#9390,#9402,#9424,
    #9441,#9458,#9470,#9492,#9509,#9526,#9538,#9560,#9577,#9594,#9606,
    #9628,#9645,#9662,#9674,#9696,#9713,#9730,#9742,#9764,#9781,#9798,
    #9810,#9832,#9849,#9866,#9878,#9900,#9917,#9934,#9946,#9968,#9985,
    #10002,#10014,#10036,#10053,#10070,#10082,#10104,#10121,#10138,
    #10150,#10167,#10189,#10206,#10223,#10235,#10257,#10274,#10291,
    #10303,#10319));
#17 = ADVANCED_FACE('',(#18),#180,.F.);
#18 = FACE_BOUND('',#19,.F.);
#19 = EDGE_LOOP('',(#20,#30,#38,#46,#54,#62,#70,#78,#86,#94,#102,#110,
    #118,#126,#134,#142,#150,#158,#166,#174));
#20 = ORIENTED_EDGE('',*,*,#21,.F.);
#21 = EDGE_CURVE('',#22,#24,#26,.T.);
#22 = VERTEX_POINT('',#23);
#23 = CARTESIAN_POINT('',(2.8,2.8,12.1));
#24 = VERTEX_POINT('',#25);
#25 = CARTESIAN_POINT('',(2.8,2.8,19.1));
#26 = LINE('',#27,#28);
#27 = CARTESIAN_POINT('',(2.8,2.8,12.1));
#28 = VECTOR('',#29,1.);
#29 = DIRECTION('',(0.,0.,1.));
#30 = ORIENTED_EDGE('',*,*,#31,.T.);
#31 = EDGE_CURVE('',#22,#32,#34,.T.);
#32 = VERTEX_POINT('',#33);
#33 = CARTESIAN_POINT('',(2.8,16.9,12.1));
#34 = LINE('',#35,#36);
#35 = CARTESIAN_POINT('',(2.8,2.8,12.1));
#36 = VECTOR('',#37,1.);
#37 = DIRECTION('',(-0.,1.,0.));
#38 = ORIENTED_EDGE('',*,*,#39,.T.);
#39 = EDGE_CURVE('',#32,#40,#42,.T.);
#40 = VERTEX_POINT('',#41);
#41 = CARTESIAN_POINT('',(2.8,16.9,12.5));
#42 = LINE('',#43,#44);
#43 = CARTESIAN_POINT('',(2.8,16.9,10.45));
#44 = VECTOR('',#45,1.);
#45 = DIRECTION('',(0.,0.,1.));
#46 = ORIENTED_EDGE('',*,*,#47,.F.);
#47 = EDGE_CURVE('',#48,#40,#50,.T.);
#48 = VERTEX_POINT('',#49);
#49 = CARTESIAN_POINT('',(2.8,26.9,12.5));
#50 = LINE('',#51,#52);
#51 = CARTESIAN_POINT('',(2.8,9.85,12.5));
#52 = VECTOR('',#53,1.);
#53 = DIRECTION('',(0.,-1.,0.));
#54 = ORIENTED_EDGE('',*,*,#55,.F.);
#55 = EDGE_CURVE('',#56,#48,#58,.T.);
#56 = VERTEX_POINT('',#57);
#57 = CARTESIAN_POINT('',(2.8,26.9,12.1));
#58 = LINE('',#59,#60);
#59 = CARTESIAN_POINT('',(2.8,26.9,10.45));
#60 = VECTOR('',#61,1.);
#61 = DIRECTION('',(0.,0.,1.));
#62 = ORIENTED_EDGE('',*,*,#63,.T.);
#63 = EDGE_CURVE('',#56,#64,#66,.T.);
#64 = VERTEX_POINT('',#65);
#65 = CARTESIAN_POINT('',(2.8,37.4,12.1));
#66 = LINE('',#67,#68);
#67 = CARTESIAN_POINT('',(2.8,2.8,12.1));
#68 = VECTOR('',#69,1.);
#69 = DIRECTION('',(-0.,1.,0.));
#70 = ORIENTED_EDGE('',*,*,#71,.T.);
#71 = EDGE_CURVE('',#64,#72,#74,.T.);
#72 = VERTEX_POINT('',#73);
#73 = CARTESIAN_POINT('',(2.8,37.4,16.2));
#74 = LINE('',#75,#76);
#75 = CARTESIAN_POINT('',(2.8,37.4,10.45));
#76 = VECTOR('',#77,1.);
#77 = DIRECTION('',(0.,0.,1.));
#78 = ORIENTED_EDGE('',*,*,#79,.F.);
#79 = EDGE_CURVE('',#80,#72,#82,.T.);
#80 = VERTEX_POINT('',#81);
#81 = CARTESIAN_POINT('',(2.8,45.4,16.2));
#82 = LINE('',#83,#84);
#83 = CARTESIAN_POINT('',(2.8,20.1,16.2));
#84 = VECTOR('',#85,1.);
#85 = DIRECTION('',(0.,-1.,0.));
#86 = ORIENTED_EDGE('',*,*,#87,.F.);
#87 = EDGE_CURVE('',#88,#80,#90,.T.);
#88 = VERTEX_POINT('',#89);
#89 = CARTESIAN_POINT('',(2.8,45.4,12.1));
#90 = LINE('',#91,#92);
#91 = CARTESIAN_POINT('',(2.8,45.4,10.45));
#92 = VECTOR('',#93,1.);
#93 = DIRECTION('',(0.,0.,1.));
#94 = ORIENTED_EDGE('',*,*,#95,.T.);
#95 = EDGE_CURVE('',#88,#96,#98,.T.);
#96 = VERTEX_POINT('',#97);
#97 = CARTESIAN_POINT('',(2.8,50.9,12.1));
#98 = LINE('',#99,#100);
#99 = CARTESIAN_POINT('',(2.8,2.8,12.1));
#100 = VECTOR('',#101,1.);
#101 = DIRECTION('',(-0.,1.,0.));
#102 = ORIENTED_EDGE('',*,*,#103,.T.);
#103 = EDGE_CURVE('',#96,#104,#106,.T.);
#104 = VERTEX_POINT('',#105);
#105 = CARTESIAN_POINT('',(2.8,50.9,16.2));
#106 = LINE('',#107,#108);
#107 = CARTESIAN_POINT('',(2.8,50.9,10.45));
#108 = VECTOR('',#109,1.);
#109 = DIRECTION('',(0.,0.,1.));
#110 = ORIENTED_EDGE('',*,*,#111,.F.);
#111 = EDGE_CURVE('',#112,#104,#114,.T.);
#112 = VERTEX_POINT('',#113);
#113 = CARTESIAN_POINT('',(2.8,58.9,16.2));
#114 = LINE('',#115,#116);
#115 = CARTESIAN_POINT('',(2.8,26.85,16.2));
#116 = VECTOR('',#117,1.);
#117 = DIRECTION('',(0.,-1.,0.));
#118 = ORIENTED_EDGE('',*,*,#119,.F.);
#119 = EDGE_CURVE('',#120,#112,#122,.T.);
#120 = VERTEX_POINT('',#121);
#121 = CARTESIAN_POINT('',(2.8,58.9,12.1));
#122 = LINE('',#123,#124);
#123 = CARTESIAN_POINT('',(2.8,58.9,10.45));
#124 = VECTOR('',#125,1.);
#125 = DIRECTION('',(0.,0.,1.));
#126 = ORIENTED_EDGE('',*,*,#127,.T.);
#127 = EDGE_CURVE('',#120,#128,#130,.T.);
#128 = VERTEX_POINT('',#129);
#129 = CARTESIAN_POINT('',(2.8,70.5,12.1));
#130 = LINE('',#131,#132);
#131 = CARTESIAN_POINT('',(2.8,2.8,12.1));
#132 = VECTOR('',#133,1.);
#133 = DIRECTION('',(-0.,1.,0.));
#134 = ORIENTED_EDGE('',*,*,#135,.T.);
#135 = EDGE_CURVE('',#128,#136,#138,.T.);
#136 = VERTEX_POINT('',#137);
#137 = CARTESIAN_POINT('',(2.8,70.5,15.4));
#138 = LINE('',#139,#140);
#139 = CARTESIAN_POINT('',(2.8,70.5,10.45));
#140 = VECTOR('',#141,1.);
#141 = DIRECTION('',(0.,0.,1.));
#142 = ORIENTED_EDGE('',*,*,#143,.F.);
#143 = EDGE_CURVE('',#144,#136,#146,.T.);
#144 = VERTEX_POINT('',#145);
#145 = CARTESIAN_POINT('',(2.8,80.8,15.4));
#146 = LINE('',#147,#148);
#147 = CARTESIAN_POINT('',(2.8,36.65,15.4));
#148 = VECTOR('',#149,1.);
#149 = DIRECTION('',(0.,-1.,0.));
#150 = ORIENTED_EDGE('',*,*,#151,.F.);
#151 = EDGE_CURVE('',#152,#144,#154,.T.);
#152 = VERTEX_POINT('',#153);
#153 = CARTESIAN_POINT('',(2.8,80.8,12.1));
#154 = LINE('',#155,#156);
#155 = CARTESIAN_POINT('',(2.8,80.8,10.45));
#156 = VECTOR('',#157,1.);
#157 = DIRECTION('',(0.,0.,1.));
#158 = ORIENTED_EDGE('',*,*,#159,.T.);
#159 = EDGE_CURVE('',#152,#160,#162,.T.);
#160 = VERTEX_POINT('',#161);
#161 = CARTESIAN_POINT('',(2.8,83.,12.1));
#162 = LINE('',#163,#164);
#163 = CARTESIAN_POINT('',(2.8,2.8,12.1));
#164 = VECTOR('',#165,1.);
#165 = DIRECTION('',(-0.,1.,0.));
#166 = ORIENTED_EDGE('',*,*,#167,.T.);
#167 = EDGE_CURVE('',#160,#168,#170,.T.);
#168 = VERTEX_POINT('',#169);
#169 = CARTESIAN_POINT('',(2.8,83.,19.1));
#170 = LINE('',#171,#172);
#171 = CARTESIAN_POINT('',(2.8,83.,12.1));
#172 = VECTOR('',#173,1.);
#173 = DIRECTION('',(0.,0.,1.));
#174 = ORIENTED_EDGE('',*,*,#175,.F.);
#175 = EDGE_CURVE('',#24,#168,#176,.T.);
#176 = LINE('',#177,#178);
#177 = CARTESIAN_POINT('',(2.8,2.8,19.1));
#178 = VECTOR('',#179,1.);
#179 = DIRECTION('',(-0.,1.,0.));
#180 = PLANE('',#181);
#181 = AXIS2_PLACEMENT_3D('',#182,#183,#184);
#182 = CARTESIAN_POINT('',(2.8,2.8,12.1));
#183 = DIRECTION('',(1.,0.,-0.));
#184 = DIRECTION('',(0.,0.,1.));
#185 = ADVANCED_FACE('',(#186),#339,.F.);
#186 = FACE_BOUND('',#187,.F.);
#187 = EDGE_LOOP('',(#188,#196,#197,#205,#213,#221,#229,#237,#245,#253,
    #261,#269,#277,#285,#293,#301,#309,#317,#325,#333));
#188 = ORIENTED_EDGE('',*,*,#189,.F.);
#189 = EDGE_CURVE('',#22,#190,#192,.T.);
#190 = VERTEX_POINT('',#191);
#191 = CARTESIAN_POINT('',(43.45,2.8,12.1));
#192 = LINE('',#193,#194);
#193 = CARTESIAN_POINT('',(2.8,2.8,12.1));
#194 = VECTOR('',#195,1.);
#195 = DIRECTION('',(1.,0.,-0.));
#196 = ORIENTED_EDGE('',*,*,#21,.T.);
#197 = ORIENTED_EDGE('',*,*,#198,.T.);
#198 = EDGE_CURVE('',#24,#199,#201,.T.);
#199 = VERTEX_POINT('',#200);
#200 = CARTESIAN_POINT('',(103.,2.8,19.1));
#201 = LINE('',#202,#203);
#202 = CARTESIAN_POINT('',(2.8,2.8,19.1));
#203 = VECTOR('',#204,1.);
#204 = DIRECTION('',(1.,0.,-0.));
#205 = ORIENTED_EDGE('',*,*,#206,.F.);
#206 = EDGE_CURVE('',#207,#199,#209,.T.);
#207 = VERTEX_POINT('',#208);
#208 = CARTESIAN_POINT('',(103.,2.8,12.1));
#209 = LINE('',#210,#211);
#210 = CARTESIAN_POINT('',(103.,2.8,12.1));
#211 = VECTOR('',#212,1.);
#212 = DIRECTION('',(0.,0.,1.));
#213 = ORIENTED_EDGE('',*,*,#214,.F.);
#214 = EDGE_CURVE('',#215,#207,#217,.T.);
#215 = VERTEX_POINT('',#216);
#216 = CARTESIAN_POINT('',(91.85,2.8,12.1));
#217 = LINE('',#218,#219);
#218 = CARTESIAN_POINT('',(2.8,2.8,12.1));
#219 = VECTOR('',#220,1.);
#220 = DIRECTION('',(1.,0.,-0.));
#221 = ORIENTED_EDGE('',*,*,#222,.F.);
#222 = EDGE_CURVE('',#223,#215,#225,.T.);
#223 = VERTEX_POINT('',#224);
#224 = CARTESIAN_POINT('',(91.85,2.8,16.2));
#225 = LINE('',#226,#227);
#226 = CARTESIAN_POINT('',(91.85,2.8,10.45));
#227 = VECTOR('',#228,1.);
#228 = DIRECTION('',(-0.,0.,-1.));
#229 = ORIENTED_EDGE('',*,*,#230,.F.);
#230 = EDGE_CURVE('',#231,#223,#233,.T.);
#231 = VERTEX_POINT('',#232);
#232 = CARTESIAN_POINT('',(83.35,2.8,16.2));
#233 = LINE('',#234,#235);
#234 = CARTESIAN_POINT('',(43.075,2.8,16.2));
#235 = VECTOR('',#236,1.);
#236 = DIRECTION('',(1.,0.,-0.));
#237 = ORIENTED_EDGE('',*,*,#238,.T.);
#238 = EDGE_CURVE('',#231,#239,#241,.T.);
#239 = VERTEX_POINT('',#240);
#240 = CARTESIAN_POINT('',(83.35,2.8,12.1));
#241 = LINE('',#242,#243);
#242 = CARTESIAN_POINT('',(83.35,2.8,10.45));
#243 = VECTOR('',#244,1.);
#244 = DIRECTION('',(-0.,0.,-1.));
#245 = ORIENTED_EDGE('',*,*,#246,.F.);
#246 = EDGE_CURVE('',#247,#239,#249,.T.);
#247 = VERTEX_POINT('',#248);
#248 = CARTESIAN_POINT('',(78.55,2.8,12.1));
#249 = LINE('',#250,#251);
#250 = CARTESIAN_POINT('',(2.8,2.8,12.1));
#251 = VECTOR('',#252,1.);
#252 = DIRECTION('',(1.,0.,-0.));
#253 = ORIENTED_EDGE('',*,*,#254,.F.);
#254 = EDGE_CURVE('',#255,#247,#257,.T.);
#255 = VERTEX_POINT('',#256);
#256 = CARTESIAN_POINT('',(78.55,2.8,16.2));
#257 = LINE('',#258,#259);
#258 = CARTESIAN_POINT('',(78.55,2.8,10.45));
#259 = VECTOR('',#260,1.);
#260 = DIRECTION('',(-0.,0.,-1.));
#261 = ORIENTED_EDGE('',*,*,#262,.F.);
#262 = EDGE_CURVE('',#263,#255,#265,.T.);
#263 = VERTEX_POINT('',#264);
#264 = CARTESIAN_POINT('',(70.05,2.8,16.2));
#265 = LINE('',#266,#267);
#266 = CARTESIAN_POINT('',(36.425,2.8,16.2));
#267 = VECTOR('',#268,1.);
#268 = DIRECTION('',(1.,0.,-0.));
#269 = ORIENTED_EDGE('',*,*,#270,.T.);
#270 = EDGE_CURVE('',#263,#271,#273,.T.);
#271 = VERTEX_POINT('',#272);
#272 = CARTESIAN_POINT('',(70.05,2.8,12.1));
#273 = LINE('',#274,#275);
#274 = CARTESIAN_POINT('',(70.05,2.8,10.45));
#275 = VECTOR('',#276,1.);
#276 = DIRECTION('',(-0.,0.,-1.));
#277 = ORIENTED_EDGE('',*,*,#278,.F.);
#278 = EDGE_CURVE('',#279,#271,#281,.T.);
#279 = VERTEX_POINT('',#280);
#280 = CARTESIAN_POINT('',(65.25,2.8,12.1));
#281 = LINE('',#282,#283);
#282 = CARTESIAN_POINT('',(2.8,2.8,12.1));
#283 = VECTOR('',#284,1.);
#284 = DIRECTION('',(1.,0.,-0.));
#285 = ORIENTED_EDGE('',*,*,#286,.F.);
#286 = EDGE_CURVE('',#287,#279,#289,.T.);
#287 = VERTEX_POINT('',#288);
#288 = CARTESIAN_POINT('',(65.25,2.8,16.2));
#289 = LINE('',#290,#291);
#290 = CARTESIAN_POINT('',(65.25,2.8,10.45));
#291 = VECTOR('',#292,1.);
#292 = DIRECTION('',(-0.,0.,-1.));
#293 = ORIENTED_EDGE('',*,*,#294,.F.);
#294 = EDGE_CURVE('',#295,#287,#297,.T.);
#295 = VERTEX_POINT('',#296);
#296 = CARTESIAN_POINT('',(56.75,2.8,16.2));
#297 = LINE('',#298,#299);
#298 = CARTESIAN_POINT('',(29.775,2.8,16.2));
#299 = VECTOR('',#300,1.);
#300 = DIRECTION('',(1.,0.,-0.));
#301 = ORIENTED_EDGE('',*,*,#302,.T.);
#302 = EDGE_CURVE('',#295,#303,#305,.T.);
#303 = VERTEX_POINT('',#304);
#304 = CARTESIAN_POINT('',(56.75,2.8,12.1));
#305 = LINE('',#306,#307);
#306 = CARTESIAN_POINT('',(56.75,2.8,10.45));
#307 = VECTOR('',#308,1.);
#308 = DIRECTION('',(-0.,0.,-1.));
#309 = ORIENTED_EDGE('',*,*,#310,.F.);
#310 = EDGE_CURVE('',#311,#303,#313,.T.);
#311 = VERTEX_POINT('',#312);
#312 = CARTESIAN_POINT('',(51.95,2.8,12.1));
#313 = LINE('',#314,#315);
#314 = CARTESIAN_POINT('',(2.8,2.8,12.1));
#315 = VECTOR('',#316,1.);
#316 = DIRECTION('',(1.,0.,-0.));
#317 = ORIENTED_EDGE('',*,*,#318,.F.);
#318 = EDGE_CURVE('',#319,#311,#321,.T.);
#319 = VERTEX_POINT('',#320);
#320 = CARTESIAN_POINT('',(51.95,2.8,16.2));
#321 = LINE('',#322,#323);
#322 = CARTESIAN_POINT('',(51.95,2.8,10.45));
#323 = VECTOR('',#324,1.);
#324 = DIRECTION('',(-0.,0.,-1.));
#325 = ORIENTED_EDGE('',*,*,#326,.F.);
#326 = EDGE_CURVE('',#327,#319,#329,.T.);
#327 = VERTEX_POINT('',#328);
#328 = CARTESIAN_POINT('',(43.45,2.8,16.2));
#329 = LINE('',#330,#331);
#330 = CARTESIAN_POINT('',(23.125,2.8,16.2));
#331 = VECTOR('',#332,1.);
#332 = DIRECTION('',(1.,0.,-0.));
#333 = ORIENTED_EDGE('',*,*,#334,.T.);
#334 = EDGE_CURVE('',#327,#190,#335,.T.);
#335 = LINE('',#336,#337);
#336 = CARTESIAN_POINT('',(43.45,2.8,10.45));
#337 = VECTOR('',#338,1.);
#338 = DIRECTION('',(-0.,0.,-1.));
#339 = PLANE('',#340);
#340 = AXIS2_PLACEMENT_3D('',#341,#342,#343);
#341 = CARTESIAN_POINT('',(2.8,2.8,12.1));
#342 = DIRECTION('',(-0.,1.,0.));
#343 = DIRECTION('',(0.,0.,1.));
#344 = ADVANCED_FACE('',(#345,#379),#397,.F.);
#345 = FACE_BOUND('',#346,.F.);
#346 = EDGE_LOOP('',(#347,#357,#365,#373));
#347 = ORIENTED_EDGE('',*,*,#348,.F.);
#348 = EDGE_CURVE('',#349,#351,#353,.T.);
#349 = VERTEX_POINT('',#350);
#350 = CARTESIAN_POINT('',(0.,0.,19.1));
#351 = VERTEX_POINT('',#352);
#352 = CARTESIAN_POINT('',(0.,85.8,19.1));
#353 = LINE('',#354,#355);
#354 = CARTESIAN_POINT('',(0.,0.,19.1));
#355 = VECTOR('',#356,1.);
#356 = DIRECTION('',(-0.,1.,0.));
#357 = ORIENTED_EDGE('',*,*,#358,.T.);
#358 = EDGE_CURVE('',#349,#359,#361,.T.);
#359 = VERTEX_POINT('',#360);
#360 = CARTESIAN_POINT('',(105.8,0.,19.1));
#361 = LINE('',#362,#363);
#362 = CARTESIAN_POINT('',(0.,0.,19.1));
#363 = VECTOR('',#364,1.);
#364 = DIRECTION('',(1.,0.,-0.));
#365 = ORIENTED_EDGE('',*,*,#366,.T.);
#366 = EDGE_CURVE('',#359,#367,#369,.T.);
#367 = VERTEX_POINT('',#368);
#368 = CARTESIAN_POINT('',(105.8,85.8,19.1));
#369 = LINE('',#370,#371);
#370 = CARTESIAN_POINT('',(105.8,0.,19.1));
#371 = VECTOR('',#372,1.);
#372 = DIRECTION('',(-0.,1.,0.));
#373 = ORIENTED_EDGE('',*,*,#374,.F.);
#374 = EDGE_CURVE('',#351,#367,#375,.T.);
#375 = LINE('',#376,#377);
#376 = CARTESIAN_POINT('',(0.,85.8,19.1));
#377 = VECTOR('',#378,1.);
#378 = DIRECTION('',(1.,0.,-0.));
#379 = FACE_BOUND('',#380,.F.);
#380 = EDGE_LOOP('',(#381,#382,#383,#391));
#381 = ORIENTED_EDGE('',*,*,#198,.F.);
#382 = ORIENTED_EDGE('',*,*,#175,.T.);
#383 = ORIENTED_EDGE('',*,*,#384,.T.);
#384 = EDGE_CURVE('',#168,#385,#387,.T.);
#385 = VERTEX_POINT('',#386);
#386 = CARTESIAN_POINT('',(103.,83.,19.1));
#387 = LINE('',#388,#389);
#388 = CARTESIAN_POINT('',(2.8,83.,19.1));
#389 = VECTOR('',#390,1.);
#390 = DIRECTION('',(1.,0.,-0.));
#391 = ORIENTED_EDGE('',*,*,#392,.F.);
#392 = EDGE_CURVE('',#199,#385,#393,.T.);
#393 = LINE('',#394,#395);
#394 = CARTESIAN_POINT('',(103.,2.8,19.1));
#395 = VECTOR('',#396,1.);
#396 = DIRECTION('',(-0.,1.,0.));
#397 = PLANE('',#398);
#398 = AXIS2_PLACEMENT_3D('',#399,#400,#401);
#399 = CARTESIAN_POINT('',(0.,0.,19.1));
#400 = DIRECTION('',(0.,0.,1.));
#401 = DIRECTION('',(1.,0.,-0.));
#402 = ADVANCED_FACE('',(#403,#709,#720,#731,#742,#753,#764,#775,#786),
  #797,.T.);
#403 = FACE_BOUND('',#404,.T.);
#404 = EDGE_LOOP('',(#405,#413,#414,#415,#423,#431,#439,#447,#455,#463,
    #471,#479,#487,#495,#503,#511,#519,#527,#535,#543,#551,#559,#567,
    #575,#583,#591,#599,#607,#615,#623,#631,#639,#647,#655,#663,#671,
    #679,#687,#695,#703));
#405 = ORIENTED_EDGE('',*,*,#406,.F.);
#406 = EDGE_CURVE('',#160,#407,#409,.T.);
#407 = VERTEX_POINT('',#408);
#408 = CARTESIAN_POINT('',(2.9,83.,12.1));
#409 = LINE('',#410,#411);
#410 = CARTESIAN_POINT('',(2.8,83.,12.1));
#411 = VECTOR('',#412,1.);
#412 = DIRECTION('',(1.,0.,-0.));
#413 = ORIENTED_EDGE('',*,*,#167,.T.);
#414 = ORIENTED_EDGE('',*,*,#384,.T.);
#415 = ORIENTED_EDGE('',*,*,#416,.F.);
#416 = EDGE_CURVE('',#417,#385,#419,.T.);
#417 = VERTEX_POINT('',#418);
#418 = CARTESIAN_POINT('',(103.,83.,12.1));
#419 = LINE('',#420,#421);
#420 = CARTESIAN_POINT('',(103.,83.,12.1));
#421 = VECTOR('',#422,1.);
#422 = DIRECTION('',(0.,0.,1.));
#423 = ORIENTED_EDGE('',*,*,#424,.F.);
#424 = EDGE_CURVE('',#425,#417,#427,.T.);
#425 = VERTEX_POINT('',#426);
#426 = CARTESIAN_POINT('',(101.65,83.,12.1));
#427 = LINE('',#428,#429);
#428 = CARTESIAN_POINT('',(2.8,83.,12.1));
#429 = VECTOR('',#430,1.);
#430 = DIRECTION('',(1.,0.,-0.));
#431 = ORIENTED_EDGE('',*,*,#432,.F.);
#432 = EDGE_CURVE('',#433,#425,#435,.T.);
#433 = VERTEX_POINT('',#434);
#434 = CARTESIAN_POINT('',(101.65,83.,16.2));
#435 = LINE('',#436,#437);
#436 = CARTESIAN_POINT('',(101.65,83.,10.45));
#437 = VECTOR('',#438,1.);
#438 = DIRECTION('',(-0.,0.,-1.));
#439 = ORIENTED_EDGE('',*,*,#440,.F.);
#440 = EDGE_CURVE('',#441,#433,#443,.T.);
#441 = VERTEX_POINT('',#442);
#442 = CARTESIAN_POINT('',(93.15,83.,16.2));
#443 = LINE('',#444,#445);
#444 = CARTESIAN_POINT('',(47.975,83.,16.2));
#445 = VECTOR('',#446,1.);
#446 = DIRECTION('',(1.,0.,-0.));
#447 = ORIENTED_EDGE('',*,*,#448,.T.);
#448 = EDGE_CURVE('',#441,#449,#451,.T.);
#449 = VERTEX_POINT('',#450);
#450 = CARTESIAN_POINT('',(93.15,83.,12.1));
#451 = LINE('',#452,#453);
#452 = CARTESIAN_POINT('',(93.15,83.,10.45));
#453 = VECTOR('',#454,1.);
#454 = DIRECTION('',(-0.,0.,-1.));
#455 = ORIENTED_EDGE('',*,*,#456,.F.);
#456 = EDGE_CURVE('',#457,#449,#459,.T.);
#457 = VERTEX_POINT('',#458);
#458 = CARTESIAN_POINT('',(90.7,83.,12.1));
#459 = LINE('',#460,#461);
#460 = CARTESIAN_POINT('',(2.8,83.,12.1));
#461 = VECTOR('',#462,1.);
#462 = DIRECTION('',(1.,0.,-0.));
#463 = ORIENTED_EDGE('',*,*,#464,.F.);
#464 = EDGE_CURVE('',#465,#457,#467,.T.);
#465 = VERTEX_POINT('',#466);
#466 = CARTESIAN_POINT('',(90.7,83.,15.4));
#467 = LINE('',#468,#469);
#468 = CARTESIAN_POINT('',(90.7,83.,10.45));
#469 = VECTOR('',#470,1.);
#470 = DIRECTION('',(-0.,0.,-1.));
#471 = ORIENTED_EDGE('',*,*,#472,.F.);
#472 = EDGE_CURVE('',#473,#465,#475,.T.);
#473 = VERTEX_POINT('',#474);
#474 = CARTESIAN_POINT('',(79.9,83.,15.4));
#475 = LINE('',#476,#477);
#476 = CARTESIAN_POINT('',(41.35,83.,15.4));
#477 = VECTOR('',#478,1.);
#478 = DIRECTION('',(1.,0.,-0.));
#479 = ORIENTED_EDGE('',*,*,#480,.T.);
#480 = EDGE_CURVE('',#473,#481,#483,.T.);
#481 = VERTEX_POINT('',#482);
#482 = CARTESIAN_POINT('',(79.9,83.,12.1));
#483 = LINE('',#484,#485);
#484 = CARTESIAN_POINT('',(79.9,83.,10.45));
#485 = VECTOR('',#486,1.);
#486 = DIRECTION('',(-0.,0.,-1.));
#487 = ORIENTED_EDGE('',*,*,#488,.F.);
#488 = EDGE_CURVE('',#489,#481,#491,.T.);
#489 = VERTEX_POINT('',#490);
#490 = CARTESIAN_POINT('',(79.7,83.,12.1));
#491 = LINE('',#492,#493);
#492 = CARTESIAN_POINT('',(2.8,83.,12.1));
#493 = VECTOR('',#494,1.);
#494 = DIRECTION('',(1.,0.,-0.));
#495 = ORIENTED_EDGE('',*,*,#496,.F.);
#496 = EDGE_CURVE('',#497,#489,#499,.T.);
#497 = VERTEX_POINT('',#498);
#498 = CARTESIAN_POINT('',(79.7,83.,15.4));
#499 = LINE('',#500,#501);
#500 = CARTESIAN_POINT('',(79.7,83.,10.45));
#501 = VECTOR('',#502,1.);
#502 = DIRECTION('',(-0.,0.,-1.));
#503 = ORIENTED_EDGE('',*,*,#504,.F.);
#504 = EDGE_CURVE('',#505,#497,#507,.T.);
#505 = VERTEX_POINT('',#506);
#506 = CARTESIAN_POINT('',(68.9,83.,15.4));
#507 = LINE('',#508,#509);
#508 = CARTESIAN_POINT('',(35.85,83.,15.4));
#509 = VECTOR('',#510,1.);
#510 = DIRECTION('',(1.,0.,-0.));
#511 = ORIENTED_EDGE('',*,*,#512,.T.);
#512 = EDGE_CURVE('',#505,#513,#515,.T.);
#513 = VERTEX_POINT('',#514);
#514 = CARTESIAN_POINT('',(68.9,83.,12.1));
#515 = LINE('',#516,#517);
#516 = CARTESIAN_POINT('',(68.9,83.,10.45));
#517 = VECTOR('',#518,1.);
#518 = DIRECTION('',(-0.,0.,-1.));
#519 = ORIENTED_EDGE('',*,*,#520,.F.);
#520 = EDGE_CURVE('',#521,#513,#523,.T.);
#521 = VERTEX_POINT('',#522);
#522 = CARTESIAN_POINT('',(68.7,83.,12.1));
#523 = LINE('',#524,#525);
#524 = CARTESIAN_POINT('',(2.8,83.,12.1));
#525 = VECTOR('',#526,1.);
#526 = DIRECTION('',(1.,0.,-0.));
#527 = ORIENTED_EDGE('',*,*,#528,.F.);
#528 = EDGE_CURVE('',#529,#521,#531,.T.);
#529 = VERTEX_POINT('',#530);
#530 = CARTESIAN_POINT('',(68.7,83.,15.4));
#531 = LINE('',#532,#533);
#532 = CARTESIAN_POINT('',(68.7,83.,10.45));
#533 = VECTOR('',#534,1.);
#534 = DIRECTION('',(-0.,0.,-1.));
#535 = ORIENTED_EDGE('',*,*,#536,.F.);
#536 = EDGE_CURVE('',#537,#529,#539,.T.);
#537 = VERTEX_POINT('',#538);
#538 = CARTESIAN_POINT('',(57.9,83.,15.4));
#539 = LINE('',#540,#541);
#540 = CARTESIAN_POINT('',(30.35,83.,15.4));
#541 = VECTOR('',#542,1.);
#542 = DIRECTION('',(1.,0.,-0.));
#543 = ORIENTED_EDGE('',*,*,#544,.T.);
#544 = EDGE_CURVE('',#537,#545,#547,.T.);
#545 = VERTEX_POINT('',#546);
#546 = CARTESIAN_POINT('',(57.9,83.,12.1));
#547 = LINE('',#548,#549);
#548 = CARTESIAN_POINT('',(57.9,83.,10.45));
#549 = VECTOR('',#550,1.);
#550 = DIRECTION('',(-0.,0.,-1.));
#551 = ORIENTED_EDGE('',*,*,#552,.F.);
#552 = EDGE_CURVE('',#553,#545,#555,.T.);
#553 = VERTEX_POINT('',#554);
#554 = CARTESIAN_POINT('',(57.7,83.,12.1));
#555 = LINE('',#556,#557);
#556 = CARTESIAN_POINT('',(2.8,83.,12.1));
#557 = VECTOR('',#558,1.);
#558 = DIRECTION('',(1.,0.,-0.));
#559 = ORIENTED_EDGE('',*,*,#560,.F.);
#560 = EDGE_CURVE('',#561,#553,#563,.T.);
#561 = VERTEX_POINT('',#562);
#562 = CARTESIAN_POINT('',(57.7,83.,15.4));
#563 = LINE('',#564,#565);
#564 = CARTESIAN_POINT('',(57.7,83.,10.45));
#565 = VECTOR('',#566,1.);
#566 = DIRECTION('',(-0.,0.,-1.));
#567 = ORIENTED_EDGE('',*,*,#568,.F.);
#568 = EDGE_CURVE('',#569,#561,#571,.T.);
#569 = VERTEX_POINT('',#570);
#570 = CARTESIAN_POINT('',(46.9,83.,15.4));
#571 = LINE('',#572,#573);
#572 = CARTESIAN_POINT('',(24.85,83.,15.4));
#573 = VECTOR('',#574,1.);
#574 = DIRECTION('',(1.,0.,-0.));
#575 = ORIENTED_EDGE('',*,*,#576,.T.);
#576 = EDGE_CURVE('',#569,#577,#579,.T.);
#577 = VERTEX_POINT('',#578);
#578 = CARTESIAN_POINT('',(46.9,83.,12.1));
#579 = LINE('',#580,#581);
#580 = CARTESIAN_POINT('',(46.9,83.,10.45));
#581 = VECTOR('',#582,1.);
#582 = DIRECTION('',(-0.,0.,-1.));
#583 = ORIENTED_EDGE('',*,*,#584,.F.);
#584 = EDGE_CURVE('',#585,#577,#587,.T.);
#585 = VERTEX_POINT('',#586);
#586 = CARTESIAN_POINT('',(46.7,83.,12.1));
#587 = LINE('',#588,#589);
#588 = CARTESIAN_POINT('',(2.8,83.,12.1));
#589 = VECTOR('',#590,1.);
#590 = DIRECTION('',(1.,0.,-0.));
#591 = ORIENTED_EDGE('',*,*,#592,.F.);
#592 = EDGE_CURVE('',#593,#585,#595,.T.);
#593 = VERTEX_POINT('',#594);
#594 = CARTESIAN_POINT('',(46.7,83.,15.4));
#595 = LINE('',#596,#597);
#596 = CARTESIAN_POINT('',(46.7,83.,10.45));
#597 = VECTOR('',#598,1.);
#598 = DIRECTION('',(-0.,0.,-1.));
#599 = ORIENTED_EDGE('',*,*,#600,.F.);
#600 = EDGE_CURVE('',#601,#593,#603,.T.);
#601 = VERTEX_POINT('',#602);
#602 = CARTESIAN_POINT('',(35.9,83.,15.4));
#603 = LINE('',#604,#605);
#604 = CARTESIAN_POINT('',(19.35,83.,15.4));
#605 = VECTOR('',#606,1.);
#606 = DIRECTION('',(1.,0.,-0.));
#607 = ORIENTED_EDGE('',*,*,#608,.T.);
#608 = EDGE_CURVE('',#601,#609,#611,.T.);
#609 = VERTEX_POINT('',#610);
#610 = CARTESIAN_POINT('',(35.9,83.,12.1));
#611 = LINE('',#612,#613);
#612 = CARTESIAN_POINT('',(35.9,83.,10.45));
#613 = VECTOR('',#614,1.);
#614 = DIRECTION('',(-0.,0.,-1.));
#615 = ORIENTED_EDGE('',*,*,#616,.F.);
#616 = EDGE_CURVE('',#617,#609,#619,.T.);
#617 = VERTEX_POINT('',#618);
#618 = CARTESIAN_POINT('',(35.7,83.,12.1));
#619 = LINE('',#620,#621);
#620 = CARTESIAN_POINT('',(2.8,83.,12.1));
#621 = VECTOR('',#622,1.);
#622 = DIRECTION('',(1.,0.,-0.));
#623 = ORIENTED_EDGE('',*,*,#624,.F.);
#624 = EDGE_CURVE('',#625,#617,#627,.T.);
#625 = VERTEX_POINT('',#626);
#626 = CARTESIAN_POINT('',(35.7,83.,15.4));
#627 = LINE('',#628,#629);
#628 = CARTESIAN_POINT('',(35.7,83.,10.45));
#629 = VECTOR('',#630,1.);
#630 = DIRECTION('',(-0.,0.,-1.));
#631 = ORIENTED_EDGE('',*,*,#632,.F.);
#632 = EDGE_CURVE('',#633,#625,#635,.T.);
#633 = VERTEX_POINT('',#634);
#634 = CARTESIAN_POINT('',(24.9,83.,15.4));
#635 = LINE('',#636,#637);
#636 = CARTESIAN_POINT('',(13.85,83.,15.4));
#637 = VECTOR('',#638,1.);
#638 = DIRECTION('',(1.,0.,-0.));
#639 = ORIENTED_EDGE('',*,*,#640,.T.);
#640 = EDGE_CURVE('',#633,#641,#643,.T.);
#641 = VERTEX_POINT('',#642);
#642 = CARTESIAN_POINT('',(24.9,83.,12.1));
#643 = LINE('',#644,#645);
#644 = CARTESIAN_POINT('',(24.9,83.,10.45));
#645 = VECTOR('',#646,1.);
#646 = DIRECTION('',(-0.,0.,-1.));
#647 = ORIENTED_EDGE('',*,*,#648,.F.);
#648 = EDGE_CURVE('',#649,#641,#651,.T.);
#649 = VERTEX_POINT('',#650);
#650 = CARTESIAN_POINT('',(24.7,83.,12.1));
#651 = LINE('',#652,#653);
#652 = CARTESIAN_POINT('',(2.8,83.,12.1));
#653 = VECTOR('',#654,1.);
#654 = DIRECTION('',(1.,0.,-0.));
#655 = ORIENTED_EDGE('',*,*,#656,.F.);
#656 = EDGE_CURVE('',#657,#649,#659,.T.);
#657 = VERTEX_POINT('',#658);
#658 = CARTESIAN_POINT('',(24.7,83.,15.4));
#659 = LINE('',#660,#661);
#660 = CARTESIAN_POINT('',(24.7,83.,10.45));
#661 = VECTOR('',#662,1.);
#662 = DIRECTION('',(-0.,0.,-1.));
#663 = ORIENTED_EDGE('',*,*,#664,.F.);
#664 = EDGE_CURVE('',#665,#657,#667,.T.);
#665 = VERTEX_POINT('',#666);
#666 = CARTESIAN_POINT('',(13.9,83.,15.4));
#667 = LINE('',#668,#669);
#668 = CARTESIAN_POINT('',(8.35,83.,15.4));
#669 = VECTOR('',#670,1.);
#670 = DIRECTION('',(1.,0.,-0.));
#671 = ORIENTED_EDGE('',*,*,#672,.T.);
#672 = EDGE_CURVE('',#665,#673,#675,.T.);
#673 = VERTEX_POINT('',#674);
#674 = CARTESIAN_POINT('',(13.9,83.,12.1));
#675 = LINE('',#676,#677);
#676 = CARTESIAN_POINT('',(13.9,83.,10.45));
#677 = VECTOR('',#678,1.);
#678 = DIRECTION('',(-0.,0.,-1.));
#679 = ORIENTED_EDGE('',*,*,#680,.F.);
#680 = EDGE_CURVE('',#681,#673,#683,.T.);
#681 = VERTEX_POINT('',#682);
#682 = CARTESIAN_POINT('',(13.7,83.,12.1));
#683 = LINE('',#684,#685);
#684 = CARTESIAN_POINT('',(2.8,83.,12.1));
#685 = VECTOR('',#686,1.);
#686 = DIRECTION('',(1.,0.,-0.));
#687 = ORIENTED_EDGE('',*,*,#688,.F.);
#688 = EDGE_CURVE('',#689,#681,#691,.T.);
#689 = VERTEX_POINT('',#690);
#690 = CARTESIAN_POINT('',(13.7,83.,15.4));
#691 = LINE('',#692,#693);
#692 = CARTESIAN_POINT('',(13.7,83.,10.45));
#693 = VECTOR('',#694,1.);
#694 = DIRECTION('',(-0.,0.,-1.));
#695 = ORIENTED_EDGE('',*,*,#696,.F.);
#696 = EDGE_CURVE('',#697,#689,#699,.T.);
#697 = VERTEX_POINT('',#698);
#698 = CARTESIAN_POINT('',(2.9,83.,15.4));
#699 = LINE('',#700,#701);
#700 = CARTESIAN_POINT('',(2.85,83.,15.4));
#701 = VECTOR('',#702,1.);
#702 = DIRECTION('',(1.,0.,-0.));
#703 = ORIENTED_EDGE('',*,*,#704,.T.);
#704 = EDGE_CURVE('',#697,#407,#705,.T.);
#705 = LINE('',#706,#707);
#706 = CARTESIAN_POINT('',(2.9,83.,10.45));
#707 = VECTOR('',#708,1.);
#708 = DIRECTION('',(-0.,0.,-1.));
#709 = FACE_BOUND('',#710,.T.);
#710 = EDGE_LOOP('',(#711));
#711 = ORIENTED_EDGE('',*,*,#712,.F.);
#712 = EDGE_CURVE('',#713,#713,#715,.T.);
#713 = VERTEX_POINT('',#714);
#714 = CARTESIAN_POINT('',(20.,83.,18.95));
#715 = CIRCLE('',#716,1.7);
#716 = AXIS2_PLACEMENT_3D('',#717,#718,#719);
#717 = CARTESIAN_POINT('',(20.,83.,17.25));
#718 = DIRECTION('',(0.,1.,0.));
#719 = DIRECTION('',(0.,-0.,1.));
#720 = FACE_BOUND('',#721,.T.);
#721 = EDGE_LOOP('',(#722));
#722 = ORIENTED_EDGE('',*,*,#723,.F.);
#723 = EDGE_CURVE('',#724,#724,#726,.T.);
#724 = VERTEX_POINT('',#725);
#725 = CARTESIAN_POINT('',(29.5,83.,18.95));
#726 = CIRCLE('',#727,1.7);
#727 = AXIS2_PLACEMENT_3D('',#728,#729,#730);
#728 = CARTESIAN_POINT('',(29.5,83.,17.25));
#729 = DIRECTION('',(0.,1.,0.));
#730 = DIRECTION('',(0.,-0.,1.));
#731 = FACE_BOUND('',#732,.T.);
#732 = EDGE_LOOP('',(#733));
#733 = ORIENTED_EDGE('',*,*,#734,.F.);
#734 = EDGE_CURVE('',#735,#735,#737,.T.);
#735 = VERTEX_POINT('',#736);
#736 = CARTESIAN_POINT('',(39.,83.,18.95));
#737 = CIRCLE('',#738,1.7);
#738 = AXIS2_PLACEMENT_3D('',#739,#740,#741);
#739 = CARTESIAN_POINT('',(39.,83.,17.25));
#740 = DIRECTION('',(0.,1.,0.));
#741 = DIRECTION('',(0.,-0.,1.));
#742 = FACE_BOUND('',#743,.T.);
#743 = EDGE_LOOP('',(#744));
#744 = ORIENTED_EDGE('',*,*,#745,.F.);
#745 = EDGE_CURVE('',#746,#746,#748,.T.);
#746 = VERTEX_POINT('',#747);
#747 = CARTESIAN_POINT('',(48.5,83.,18.95));
#748 = CIRCLE('',#749,1.7);
#749 = AXIS2_PLACEMENT_3D('',#750,#751,#752);
#750 = CARTESIAN_POINT('',(48.5,83.,17.25));
#751 = DIRECTION('',(0.,1.,0.));
#752 = DIRECTION('',(0.,-0.,1.));
#753 = FACE_BOUND('',#754,.T.);
#754 = EDGE_LOOP('',(#755));
#755 = ORIENTED_EDGE('',*,*,#756,.F.);
#756 = EDGE_CURVE('',#757,#757,#759,.T.);
#757 = VERTEX_POINT('',#758);
#758 = CARTESIAN_POINT('',(58.,83.,18.95));
#759 = CIRCLE('',#760,1.7);
#760 = AXIS2_PLACEMENT_3D('',#761,#762,#763);
#761 = CARTESIAN_POINT('',(58.,83.,17.25));
#762 = DIRECTION('',(0.,1.,0.));
#763 = DIRECTION('',(0.,-0.,1.));
#764 = FACE_BOUND('',#765,.T.);
#765 = EDGE_LOOP('',(#766));
#766 = ORIENTED_EDGE('',*,*,#767,.F.);
#767 = EDGE_CURVE('',#768,#768,#770,.T.);
#768 = VERTEX_POINT('',#769);
#769 = CARTESIAN_POINT('',(67.5,83.,18.95));
#770 = CIRCLE('',#771,1.7);
#771 = AXIS2_PLACEMENT_3D('',#772,#773,#774);
#772 = CARTESIAN_POINT('',(67.5,83.,17.25));
#773 = DIRECTION('',(0.,1.,0.));
#774 = DIRECTION('',(0.,-0.,1.));
#775 = FACE_BOUND('',#776,.T.);
#776 = EDGE_LOOP('',(#777));
#777 = ORIENTED_EDGE('',*,*,#778,.F.);
#778 = EDGE_CURVE('',#779,#779,#781,.T.);
#779 = VERTEX_POINT('',#780);
#780 = CARTESIAN_POINT('',(77.,83.,18.95));
#781 = CIRCLE('',#782,1.7);
#782 = AXIS2_PLACEMENT_3D('',#783,#784,#785);
#783 = CARTESIAN_POINT('',(77.,83.,17.25));
#784 = DIRECTION('',(0.,1.,0.));
#785 = DIRECTION('',(0.,-0.,1.));
#786 = FACE_BOUND('',#787,.T.);
#787 = EDGE_LOOP('',(#788));
#788 = ORIENTED_EDGE('',*,*,#789,.F.);
#789 = EDGE_CURVE('',#790,#790,#792,.T.);
#790 = VERTEX_POINT('',#791);
#791 = CARTESIAN_POINT('',(86.5,83.,18.95));
#792 = CIRCLE('',#793,1.7);
#793 = AXIS2_PLACEMENT_3D('',#794,#795,#796);
#794 = CARTESIAN_POINT('',(86.5,83.,17.25));
#795 = DIRECTION('',(0.,1.,0.));
#796 = DIRECTION('',(0.,-0.,1.));
#797 = PLANE('',#798);
#798 = AXIS2_PLACEMENT_3D('',#799,#800,#801);
#799 = CARTESIAN_POINT('',(2.8,83.,12.1));
#800 = DIRECTION('',(-0.,1.,0.));
#801 = DIRECTION('',(0.,0.,1.));
#802 = ADVANCED_FACE('',(#803),#821,.F.);
#803 = FACE_BOUND('',#804,.F.);
#804 = EDGE_LOOP('',(#805,#813,#819,#820));
#805 = ORIENTED_EDGE('',*,*,#806,.F.);
#806 = EDGE_CURVE('',#807,#152,#809,.T.);
#807 = VERTEX_POINT('',#808);
#808 = CARTESIAN_POINT('',(2.9,80.8,12.1));
#809 = LINE('',#810,#811);
#810 = CARTESIAN_POINT('',(0.8,80.8,12.1));
#811 = VECTOR('',#812,1.);
#812 = DIRECTION('',(-1.,-0.,0.));
#813 = ORIENTED_EDGE('',*,*,#814,.T.);
#814 = EDGE_CURVE('',#807,#407,#815,.T.);
#815 = LINE('',#816,#817);
#816 = CARTESIAN_POINT('',(2.9,41.7,12.1));
#817 = VECTOR('',#818,1.);
#818 = DIRECTION('',(-0.,1.,0.));
#819 = ORIENTED_EDGE('',*,*,#406,.F.);
#820 = ORIENTED_EDGE('',*,*,#159,.F.);
#821 = PLANE('',#822);
#822 = AXIS2_PLACEMENT_3D('',#823,#824,#825);
#823 = CARTESIAN_POINT('',(2.8,2.8,12.1));
#824 = DIRECTION('',(0.,0.,1.));
#825 = DIRECTION('',(1.,0.,-0.));
#826 = ADVANCED_FACE('',(#827),#845,.F.);
#827 = FACE_BOUND('',#828,.F.);
#828 = EDGE_LOOP('',(#829,#830,#838,#844));
#829 = ORIENTED_EDGE('',*,*,#151,.T.);
#830 = ORIENTED_EDGE('',*,*,#831,.T.);
#831 = EDGE_CURVE('',#144,#832,#834,.T.);
#832 = VERTEX_POINT('',#833);
#833 = CARTESIAN_POINT('',(2.9,80.8,15.4));
#834 = LINE('',#835,#836);
#835 = CARTESIAN_POINT('',(-1.2,80.8,15.4));
#836 = VECTOR('',#837,1.);
#837 = DIRECTION('',(1.,0.,-0.));
#838 = ORIENTED_EDGE('',*,*,#839,.F.);
#839 = EDGE_CURVE('',#807,#832,#840,.T.);
#840 = LINE('',#841,#842);
#841 = CARTESIAN_POINT('',(2.9,80.8,8.8));
#842 = VECTOR('',#843,1.);
#843 = DIRECTION('',(0.,0.,1.));
#844 = ORIENTED_EDGE('',*,*,#806,.T.);
#845 = PLANE('',#846);
#846 = AXIS2_PLACEMENT_3D('',#847,#848,#849);
#847 = CARTESIAN_POINT('',(-1.2,80.8,8.8));
#848 = DIRECTION('',(-0.,1.,0.));
#849 = DIRECTION('',(0.,0.,1.));
#850 = ADVANCED_FACE('',(#851),#876,.T.);
#851 = FACE_BOUND('',#852,.T.);
#852 = EDGE_LOOP('',(#853,#861,#869,#875));
#853 = ORIENTED_EDGE('',*,*,#854,.T.);
#854 = EDGE_CURVE('',#136,#855,#857,.T.);
#855 = VERTEX_POINT('',#856);
#856 = CARTESIAN_POINT('',(4.8,70.5,15.4));
#857 = LINE('',#858,#859);
#858 = CARTESIAN_POINT('',(-1.2,70.5,15.4));
#859 = VECTOR('',#860,1.);
#860 = DIRECTION('',(1.,0.,-0.));
#861 = ORIENTED_EDGE('',*,*,#862,.F.);
#862 = EDGE_CURVE('',#863,#855,#865,.T.);
#863 = VERTEX_POINT('',#864);
#864 = CARTESIAN_POINT('',(4.8,70.5,12.1));
#865 = LINE('',#866,#867);
#866 = CARTESIAN_POINT('',(4.8,70.5,9.95));
#867 = VECTOR('',#868,1.);
#868 = DIRECTION('',(0.,0.,1.));
#869 = ORIENTED_EDGE('',*,*,#870,.T.);
#870 = EDGE_CURVE('',#863,#128,#871,.T.);
#871 = LINE('',#872,#873);
#872 = CARTESIAN_POINT('',(0.8,70.5,12.1));
#873 = VECTOR('',#874,1.);
#874 = DIRECTION('',(-1.,-0.,0.));
#875 = ORIENTED_EDGE('',*,*,#135,.T.);
#876 = PLANE('',#877);
#877 = AXIS2_PLACEMENT_3D('',#878,#879,#880);
#878 = CARTESIAN_POINT('',(-1.2,70.5,8.8));
#879 = DIRECTION('',(-0.,1.,0.));
#880 = DIRECTION('',(0.,0.,1.));
#881 = ADVANCED_FACE('',(#882),#900,.F.);
#882 = FACE_BOUND('',#883,.F.);
#883 = EDGE_LOOP('',(#884,#892,#893,#894));
#884 = ORIENTED_EDGE('',*,*,#885,.T.);
#885 = EDGE_CURVE('',#886,#863,#888,.T.);
#886 = VERTEX_POINT('',#887);
#887 = CARTESIAN_POINT('',(4.8,58.9,12.1));
#888 = LINE('',#889,#890);
#889 = CARTESIAN_POINT('',(4.8,3.8,12.1));
#890 = VECTOR('',#891,1.);
#891 = DIRECTION('',(-0.,1.,0.));
#892 = ORIENTED_EDGE('',*,*,#870,.T.);
#893 = ORIENTED_EDGE('',*,*,#127,.F.);
#894 = ORIENTED_EDGE('',*,*,#895,.F.);
#895 = EDGE_CURVE('',#886,#120,#896,.T.);
#896 = LINE('',#897,#898);
#897 = CARTESIAN_POINT('',(0.8,58.9,12.1));
#898 = VECTOR('',#899,1.);
#899 = DIRECTION('',(-1.,-0.,0.));
#900 = PLANE('',#901);
#901 = AXIS2_PLACEMENT_3D('',#902,#903,#904);
#902 = CARTESIAN_POINT('',(2.8,2.8,12.1));
#903 = DIRECTION('',(0.,0.,1.));
#904 = DIRECTION('',(1.,0.,-0.));
#905 = ADVANCED_FACE('',(#906),#924,.F.);
#906 = FACE_BOUND('',#907,.F.);
#907 = EDGE_LOOP('',(#908,#916,#922,#923));
#908 = ORIENTED_EDGE('',*,*,#909,.T.);
#909 = EDGE_CURVE('',#112,#910,#912,.T.);
#910 = VERTEX_POINT('',#911);
#911 = CARTESIAN_POINT('',(4.8,58.9,16.2));
#912 = LINE('',#913,#914);
#913 = CARTESIAN_POINT('',(-1.2,58.9,16.2));
#914 = VECTOR('',#915,1.);
#915 = DIRECTION('',(1.,0.,-0.));
#916 = ORIENTED_EDGE('',*,*,#917,.F.);
#917 = EDGE_CURVE('',#886,#910,#918,.T.);
#918 = LINE('',#919,#920);
#919 = CARTESIAN_POINT('',(4.8,58.9,9.95));
#920 = VECTOR('',#921,1.);
#921 = DIRECTION('',(0.,0.,1.));
#922 = ORIENTED_EDGE('',*,*,#895,.T.);
#923 = ORIENTED_EDGE('',*,*,#119,.T.);
#924 = PLANE('',#925);
#925 = AXIS2_PLACEMENT_3D('',#926,#927,#928);
#926 = CARTESIAN_POINT('',(-1.2,58.9,8.8));
#927 = DIRECTION('',(-0.,1.,0.));
#928 = DIRECTION('',(0.,0.,1.));
#929 = ADVANCED_FACE('',(#930),#948,.F.);
#930 = FACE_BOUND('',#931,.F.);
#931 = EDGE_LOOP('',(#932,#933,#934,#942));
#932 = ORIENTED_EDGE('',*,*,#909,.F.);
#933 = ORIENTED_EDGE('',*,*,#111,.T.);
#934 = ORIENTED_EDGE('',*,*,#935,.T.);
#935 = EDGE_CURVE('',#104,#936,#938,.T.);
#936 = VERTEX_POINT('',#937);
#937 = CARTESIAN_POINT('',(4.8,50.9,16.2));
#938 = LINE('',#939,#940);
#939 = CARTESIAN_POINT('',(-1.2,50.9,16.2));
#940 = VECTOR('',#941,1.);
#941 = DIRECTION('',(1.,0.,-0.));
#942 = ORIENTED_EDGE('',*,*,#943,.F.);
#943 = EDGE_CURVE('',#910,#936,#944,.T.);
#944 = LINE('',#945,#946);
#945 = CARTESIAN_POINT('',(4.8,27.85,16.2));
#946 = VECTOR('',#947,1.);
#947 = DIRECTION('',(0.,-1.,0.));
#948 = PLANE('',#949);
#949 = AXIS2_PLACEMENT_3D('',#950,#951,#952);
#950 = CARTESIAN_POINT('',(-1.2,50.9,16.2));
#951 = DIRECTION('',(0.,0.,1.));
#952 = DIRECTION('',(1.,0.,-0.));
#953 = ADVANCED_FACE('',(#954),#972,.T.);
#954 = FACE_BOUND('',#955,.T.);
#955 = EDGE_LOOP('',(#956,#957,#965,#971));
#956 = ORIENTED_EDGE('',*,*,#935,.T.);
#957 = ORIENTED_EDGE('',*,*,#958,.F.);
#958 = EDGE_CURVE('',#959,#936,#961,.T.);
#959 = VERTEX_POINT('',#960);
#960 = CARTESIAN_POINT('',(4.8,50.9,12.1));
#961 = LINE('',#962,#963);
#962 = CARTESIAN_POINT('',(4.8,50.9,9.95));
#963 = VECTOR('',#964,1.);
#964 = DIRECTION('',(0.,0.,1.));
#965 = ORIENTED_EDGE('',*,*,#966,.T.);
#966 = EDGE_CURVE('',#959,#96,#967,.T.);
#967 = LINE('',#968,#969);
#968 = CARTESIAN_POINT('',(0.8,50.9,12.1));
#969 = VECTOR('',#970,1.);
#970 = DIRECTION('',(-1.,-0.,0.));
#971 = ORIENTED_EDGE('',*,*,#103,.T.);
#972 = PLANE('',#973);
#973 = AXIS2_PLACEMENT_3D('',#974,#975,#976);
#974 = CARTESIAN_POINT('',(-1.2,50.9,8.8));
#975 = DIRECTION('',(-0.,1.,0.));
#976 = DIRECTION('',(0.,0.,1.));
#977 = ADVANCED_FACE('',(#978),#996,.F.);
#978 = FACE_BOUND('',#979,.F.);
#979 = EDGE_LOOP('',(#980,#981,#982,#990));
#980 = ORIENTED_EDGE('',*,*,#966,.T.);
#981 = ORIENTED_EDGE('',*,*,#95,.F.);
#982 = ORIENTED_EDGE('',*,*,#983,.F.);
#983 = EDGE_CURVE('',#984,#88,#986,.T.);
#984 = VERTEX_POINT('',#985);
#985 = CARTESIAN_POINT('',(4.8,45.4,12.1));
#986 = LINE('',#987,#988);
#987 = CARTESIAN_POINT('',(0.8,45.4,12.1));
#988 = VECTOR('',#989,1.);
#989 = DIRECTION('',(-1.,-0.,0.));
#990 = ORIENTED_EDGE('',*,*,#991,.T.);
#991 = EDGE_CURVE('',#984,#959,#992,.T.);
#992 = LINE('',#993,#994);
#993 = CARTESIAN_POINT('',(4.8,3.8,12.1));
#994 = VECTOR('',#995,1.);
#995 = DIRECTION('',(-0.,1.,0.));
#996 = PLANE('',#997);
#997 = AXIS2_PLACEMENT_3D('',#998,#999,#1000);
#998 = CARTESIAN_POINT('',(2.8,2.8,12.1));
#999 = DIRECTION('',(0.,0.,1.));
#1000 = DIRECTION('',(1.,0.,-0.));
#1001 = ADVANCED_FACE('',(#1002),#1020,.F.);
#1002 = FACE_BOUND('',#1003,.F.);
#1003 = EDGE_LOOP('',(#1004,#1012,#1018,#1019));
#1004 = ORIENTED_EDGE('',*,*,#1005,.T.);
#1005 = EDGE_CURVE('',#80,#1006,#1008,.T.);
#1006 = VERTEX_POINT('',#1007);
#1007 = CARTESIAN_POINT('',(4.8,45.4,16.2));
#1008 = LINE('',#1009,#1010);
#1009 = CARTESIAN_POINT('',(-1.2,45.4,16.2));
#1010 = VECTOR('',#1011,1.);
#1011 = DIRECTION('',(1.,0.,-0.));
#1012 = ORIENTED_EDGE('',*,*,#1013,.F.);
#1013 = EDGE_CURVE('',#984,#1006,#1014,.T.);
#1014 = LINE('',#1015,#1016);
#1015 = CARTESIAN_POINT('',(4.8,45.4,9.95));
#1016 = VECTOR('',#1017,1.);
#1017 = DIRECTION('',(0.,0.,1.));
#1018 = ORIENTED_EDGE('',*,*,#983,.T.);
#1019 = ORIENTED_EDGE('',*,*,#87,.T.);
#1020 = PLANE('',#1021);
#1021 = AXIS2_PLACEMENT_3D('',#1022,#1023,#1024);
#1022 = CARTESIAN_POINT('',(-1.2,45.4,8.8));
#1023 = DIRECTION('',(-0.,1.,0.));
#1024 = DIRECTION('',(0.,0.,1.));
#1025 = ADVANCED_FACE('',(#1026),#1044,.F.);
#1026 = FACE_BOUND('',#1027,.F.);
#1027 = EDGE_LOOP('',(#1028,#1029,#1030,#1038));
#1028 = ORIENTED_EDGE('',*,*,#1005,.F.);
#1029 = ORIENTED_EDGE('',*,*,#79,.T.);
#1030 = ORIENTED_EDGE('',*,*,#1031,.T.);
#1031 = EDGE_CURVE('',#72,#1032,#1034,.T.);
#1032 = VERTEX_POINT('',#1033);
#1033 = CARTESIAN_POINT('',(4.8,37.4,16.2));
#1034 = LINE('',#1035,#1036);
#1035 = CARTESIAN_POINT('',(-1.2,37.4,16.2));
#1036 = VECTOR('',#1037,1.);
#1037 = DIRECTION('',(1.,0.,-0.));
#1038 = ORIENTED_EDGE('',*,*,#1039,.F.);
#1039 = EDGE_CURVE('',#1006,#1032,#1040,.T.);
#1040 = LINE('',#1041,#1042);
#1041 = CARTESIAN_POINT('',(4.8,21.1,16.2));
#1042 = VECTOR('',#1043,1.);
#1043 = DIRECTION('',(0.,-1.,0.));
#1044 = PLANE('',#1045);
#1045 = AXIS2_PLACEMENT_3D('',#1046,#1047,#1048);
#1046 = CARTESIAN_POINT('',(-1.2,37.4,16.2));
#1047 = DIRECTION('',(0.,0.,1.));
#1048 = DIRECTION('',(1.,0.,-0.));
#1049 = ADVANCED_FACE('',(#1050),#1068,.T.);
#1050 = FACE_BOUND('',#1051,.T.);
#1051 = EDGE_LOOP('',(#1052,#1053,#1061,#1067));
#1052 = ORIENTED_EDGE('',*,*,#1031,.T.);
#1053 = ORIENTED_EDGE('',*,*,#1054,.F.);
#1054 = EDGE_CURVE('',#1055,#1032,#1057,.T.);
#1055 = VERTEX_POINT('',#1056);
#1056 = CARTESIAN_POINT('',(4.8,37.4,12.1));
#1057 = LINE('',#1058,#1059);
#1058 = CARTESIAN_POINT('',(4.8,37.4,9.95));
#1059 = VECTOR('',#1060,1.);
#1060 = DIRECTION('',(0.,0.,1.));
#1061 = ORIENTED_EDGE('',*,*,#1062,.T.);
#1062 = EDGE_CURVE('',#1055,#64,#1063,.T.);
#1063 = LINE('',#1064,#1065);
#1064 = CARTESIAN_POINT('',(0.8,37.4,12.1));
#1065 = VECTOR('',#1066,1.);
#1066 = DIRECTION('',(-1.,-0.,0.));
#1067 = ORIENTED_EDGE('',*,*,#71,.T.);
#1068 = PLANE('',#1069);
#1069 = AXIS2_PLACEMENT_3D('',#1070,#1071,#1072);
#1070 = CARTESIAN_POINT('',(-1.2,37.4,8.8));
#1071 = DIRECTION('',(-0.,1.,0.));
#1072 = DIRECTION('',(0.,0.,1.));
#1073 = ADVANCED_FACE('',(#1074),#1092,.F.);
#1074 = FACE_BOUND('',#1075,.F.);
#1075 = EDGE_LOOP('',(#1076,#1077,#1078,#1086));
#1076 = ORIENTED_EDGE('',*,*,#1062,.T.);
#1077 = ORIENTED_EDGE('',*,*,#63,.F.);
#1078 = ORIENTED_EDGE('',*,*,#1079,.F.);
#1079 = EDGE_CURVE('',#1080,#56,#1082,.T.);
#1080 = VERTEX_POINT('',#1081);
#1081 = CARTESIAN_POINT('',(4.8,26.9,12.1));
#1082 = LINE('',#1083,#1084);
#1083 = CARTESIAN_POINT('',(0.8,26.9,12.1));
#1084 = VECTOR('',#1085,1.);
#1085 = DIRECTION('',(-1.,-0.,0.));
#1086 = ORIENTED_EDGE('',*,*,#1087,.T.);
#1087 = EDGE_CURVE('',#1080,#1055,#1088,.T.);
#1088 = LINE('',#1089,#1090);
#1089 = CARTESIAN_POINT('',(4.8,3.8,12.1));
#1090 = VECTOR('',#1091,1.);
#1091 = DIRECTION('',(-0.,1.,0.));
#1092 = PLANE('',#1093);
#1093 = AXIS2_PLACEMENT_3D('',#1094,#1095,#1096);
#1094 = CARTESIAN_POINT('',(2.8,2.8,12.1));
#1095 = DIRECTION('',(0.,0.,1.));
#1096 = DIRECTION('',(1.,0.,-0.));
#1097 = ADVANCED_FACE('',(#1098),#1116,.F.);
#1098 = FACE_BOUND('',#1099,.F.);
#1099 = EDGE_LOOP('',(#1100,#1108,#1114,#1115));
#1100 = ORIENTED_EDGE('',*,*,#1101,.T.);
#1101 = EDGE_CURVE('',#48,#1102,#1104,.T.);
#1102 = VERTEX_POINT('',#1103);
#1103 = CARTESIAN_POINT('',(4.8,26.9,12.5));
#1104 = LINE('',#1105,#1106);
#1105 = CARTESIAN_POINT('',(-1.2,26.9,12.5));
#1106 = VECTOR('',#1107,1.);
#1107 = DIRECTION('',(1.,0.,-0.));
#1108 = ORIENTED_EDGE('',*,*,#1109,.F.);
#1109 = EDGE_CURVE('',#1080,#1102,#1110,.T.);
#1110 = LINE('',#1111,#1112);
#1111 = CARTESIAN_POINT('',(4.8,26.9,9.95));
#1112 = VECTOR('',#1113,1.);
#1113 = DIRECTION('',(0.,0.,1.));
#1114 = ORIENTED_EDGE('',*,*,#1079,.T.);
#1115 = ORIENTED_EDGE('',*,*,#55,.T.);
#1116 = PLANE('',#1117);
#1117 = AXIS2_PLACEMENT_3D('',#1118,#1119,#1120);
#1118 = CARTESIAN_POINT('',(-1.2,26.9,8.8));
#1119 = DIRECTION('',(-0.,1.,0.));
#1120 = DIRECTION('',(0.,0.,1.));
#1121 = ADVANCED_FACE('',(#1122),#1140,.F.);
#1122 = FACE_BOUND('',#1123,.F.);
#1123 = EDGE_LOOP('',(#1124,#1125,#1126,#1134));
#1124 = ORIENTED_EDGE('',*,*,#1101,.F.);
#1125 = ORIENTED_EDGE('',*,*,#47,.T.);
#1126 = ORIENTED_EDGE('',*,*,#1127,.T.);
#1127 = EDGE_CURVE('',#40,#1128,#1130,.T.);
#1128 = VERTEX_POINT('',#1129);
#1129 = CARTESIAN_POINT('',(4.8,16.9,12.5));
#1130 = LINE('',#1131,#1132);
#1131 = CARTESIAN_POINT('',(-1.2,16.9,12.5));
#1132 = VECTOR('',#1133,1.);
#1133 = DIRECTION('',(1.,0.,-0.));
#1134 = ORIENTED_EDGE('',*,*,#1135,.F.);
#1135 = EDGE_CURVE('',#1102,#1128,#1136,.T.);
#1136 = LINE('',#1137,#1138);
#1137 = CARTESIAN_POINT('',(4.8,10.85,12.5));
#1138 = VECTOR('',#1139,1.);
#1139 = DIRECTION('',(0.,-1.,0.));
#1140 = PLANE('',#1141);
#1141 = AXIS2_PLACEMENT_3D('',#1142,#1143,#1144);
#1142 = CARTESIAN_POINT('',(-1.2,16.9,12.5));
#1143 = DIRECTION('',(0.,0.,1.));
#1144 = DIRECTION('',(1.,0.,-0.));
#1145 = ADVANCED_FACE('',(#1146),#1164,.T.);
#1146 = FACE_BOUND('',#1147,.T.);
#1147 = EDGE_LOOP('',(#1148,#1149,#1157,#1163));
#1148 = ORIENTED_EDGE('',*,*,#1127,.T.);
#1149 = ORIENTED_EDGE('',*,*,#1150,.F.);
#1150 = EDGE_CURVE('',#1151,#1128,#1153,.T.);
#1151 = VERTEX_POINT('',#1152);
#1152 = CARTESIAN_POINT('',(4.8,16.9,12.1));
#1153 = LINE('',#1154,#1155);
#1154 = CARTESIAN_POINT('',(4.8,16.9,9.95));
#1155 = VECTOR('',#1156,1.);
#1156 = DIRECTION('',(0.,0.,1.));
#1157 = ORIENTED_EDGE('',*,*,#1158,.T.);
#1158 = EDGE_CURVE('',#1151,#32,#1159,.T.);
#1159 = LINE('',#1160,#1161);
#1160 = CARTESIAN_POINT('',(0.8,16.9,12.1));
#1161 = VECTOR('',#1162,1.);
#1162 = DIRECTION('',(-1.,-0.,0.));
#1163 = ORIENTED_EDGE('',*,*,#39,.T.);
#1164 = PLANE('',#1165);
#1165 = AXIS2_PLACEMENT_3D('',#1166,#1167,#1168);
#1166 = CARTESIAN_POINT('',(-1.2,16.9,8.8));
#1167 = DIRECTION('',(-0.,1.,0.));
#1168 = DIRECTION('',(0.,0.,1.));
#1169 = ADVANCED_FACE('',(#1170),#1197,.F.);
#1170 = FACE_BOUND('',#1171,.F.);
#1171 = EDGE_LOOP('',(#1172,#1173,#1174,#1182,#1190,#1196));
#1172 = ORIENTED_EDGE('',*,*,#31,.F.);
#1173 = ORIENTED_EDGE('',*,*,#189,.T.);
#1174 = ORIENTED_EDGE('',*,*,#1175,.T.);
#1175 = EDGE_CURVE('',#190,#1176,#1178,.T.);
#1176 = VERTEX_POINT('',#1177);
#1177 = CARTESIAN_POINT('',(43.45,4.8,12.1));
#1178 = LINE('',#1179,#1180);
#1179 = CARTESIAN_POINT('',(43.45,0.8,12.1));
#1180 = VECTOR('',#1181,1.);
#1181 = DIRECTION('',(-0.,1.,0.));
#1182 = ORIENTED_EDGE('',*,*,#1183,.T.);
#1183 = EDGE_CURVE('',#1176,#1184,#1186,.T.);
#1184 = VERTEX_POINT('',#1185);
#1185 = CARTESIAN_POINT('',(4.8,4.8,12.1));
#1186 = LINE('',#1187,#1188);
#1187 = CARTESIAN_POINT('',(3.8,4.8,12.1));
#1188 = VECTOR('',#1189,1.);
#1189 = DIRECTION('',(-1.,-0.,0.));
#1190 = ORIENTED_EDGE('',*,*,#1191,.T.);
#1191 = EDGE_CURVE('',#1184,#1151,#1192,.T.);
#1192 = LINE('',#1193,#1194);
#1193 = CARTESIAN_POINT('',(4.8,3.8,12.1));
#1194 = VECTOR('',#1195,1.);
#1195 = DIRECTION('',(-0.,1.,0.));
#1196 = ORIENTED_EDGE('',*,*,#1158,.T.);
#1197 = PLANE('',#1198);
#1198 = AXIS2_PLACEMENT_3D('',#1199,#1200,#1201);
#1199 = CARTESIAN_POINT('',(2.8,2.8,12.1));
#1200 = DIRECTION('',(0.,0.,1.));
#1201 = DIRECTION('',(1.,0.,-0.));
#1202 = ADVANCED_FACE('',(#1203),#1221,.T.);
#1203 = FACE_BOUND('',#1204,.T.);
#1204 = EDGE_LOOP('',(#1205,#1213,#1214,#1215));
#1205 = ORIENTED_EDGE('',*,*,#1206,.F.);
#1206 = EDGE_CURVE('',#327,#1207,#1209,.T.);
#1207 = VERTEX_POINT('',#1208);
#1208 = CARTESIAN_POINT('',(43.45,4.8,16.2));
#1209 = LINE('',#1210,#1211);
#1210 = CARTESIAN_POINT('',(43.45,-1.2,16.2));
#1211 = VECTOR('',#1212,1.);
#1212 = DIRECTION('',(-0.,1.,0.));
#1213 = ORIENTED_EDGE('',*,*,#334,.T.);
#1214 = ORIENTED_EDGE('',*,*,#1175,.T.);
#1215 = ORIENTED_EDGE('',*,*,#1216,.F.);
#1216 = EDGE_CURVE('',#1207,#1176,#1217,.T.);
#1217 = LINE('',#1218,#1219);
#1218 = CARTESIAN_POINT('',(43.45,4.8,9.95));
#1219 = VECTOR('',#1220,1.);
#1220 = DIRECTION('',(-0.,0.,-1.));
#1221 = PLANE('',#1222);
#1222 = AXIS2_PLACEMENT_3D('',#1223,#1224,#1225);
#1223 = CARTESIAN_POINT('',(43.45,-1.2,8.8));
#1224 = DIRECTION('',(1.,0.,-0.));
#1225 = DIRECTION('',(0.,0.,1.));
#1226 = ADVANCED_FACE('',(#1227),#1245,.F.);
#1227 = FACE_BOUND('',#1228,.F.);
#1228 = EDGE_LOOP('',(#1229,#1230,#1231,#1239));
#1229 = ORIENTED_EDGE('',*,*,#1206,.F.);
#1230 = ORIENTED_EDGE('',*,*,#326,.T.);
#1231 = ORIENTED_EDGE('',*,*,#1232,.T.);
#1232 = EDGE_CURVE('',#319,#1233,#1235,.T.);
#1233 = VERTEX_POINT('',#1234);
#1234 = CARTESIAN_POINT('',(51.95,4.8,16.2));
#1235 = LINE('',#1236,#1237);
#1236 = CARTESIAN_POINT('',(51.95,-1.2,16.2));
#1237 = VECTOR('',#1238,1.);
#1238 = DIRECTION('',(-0.,1.,0.));
#1239 = ORIENTED_EDGE('',*,*,#1240,.F.);
#1240 = EDGE_CURVE('',#1207,#1233,#1241,.T.);
#1241 = LINE('',#1242,#1243);
#1242 = CARTESIAN_POINT('',(24.125,4.8,16.2));
#1243 = VECTOR('',#1244,1.);
#1244 = DIRECTION('',(1.,0.,-0.));
#1245 = PLANE('',#1246);
#1246 = AXIS2_PLACEMENT_3D('',#1247,#1248,#1249);
#1247 = CARTESIAN_POINT('',(43.45,-1.2,16.2));
#1248 = DIRECTION('',(0.,0.,1.));
#1249 = DIRECTION('',(1.,0.,-0.));
#1250 = ADVANCED_FACE('',(#1251),#1269,.F.);
#1251 = FACE_BOUND('',#1252,.F.);
#1252 = EDGE_LOOP('',(#1253,#1254,#1255,#1263));
#1253 = ORIENTED_EDGE('',*,*,#1232,.F.);
#1254 = ORIENTED_EDGE('',*,*,#318,.T.);
#1255 = ORIENTED_EDGE('',*,*,#1256,.T.);
#1256 = EDGE_CURVE('',#311,#1257,#1259,.T.);
#1257 = VERTEX_POINT('',#1258);
#1258 = CARTESIAN_POINT('',(51.95,4.8,12.1));
#1259 = LINE('',#1260,#1261);
#1260 = CARTESIAN_POINT('',(51.95,0.8,12.1));
#1261 = VECTOR('',#1262,1.);
#1262 = DIRECTION('',(-0.,1.,0.));
#1263 = ORIENTED_EDGE('',*,*,#1264,.F.);
#1264 = EDGE_CURVE('',#1233,#1257,#1265,.T.);
#1265 = LINE('',#1266,#1267);
#1266 = CARTESIAN_POINT('',(51.95,4.8,9.95));
#1267 = VECTOR('',#1268,1.);
#1268 = DIRECTION('',(-0.,0.,-1.));
#1269 = PLANE('',#1270);
#1270 = AXIS2_PLACEMENT_3D('',#1271,#1272,#1273);
#1271 = CARTESIAN_POINT('',(51.95,-1.2,8.8));
#1272 = DIRECTION('',(1.,0.,-0.));
#1273 = DIRECTION('',(0.,0.,1.));
#1274 = ADVANCED_FACE('',(#1275),#1293,.F.);
#1275 = FACE_BOUND('',#1276,.F.);
#1276 = EDGE_LOOP('',(#1277,#1278,#1279,#1287));
#1277 = ORIENTED_EDGE('',*,*,#1256,.F.);
#1278 = ORIENTED_EDGE('',*,*,#310,.T.);
#1279 = ORIENTED_EDGE('',*,*,#1280,.T.);
#1280 = EDGE_CURVE('',#303,#1281,#1283,.T.);
#1281 = VERTEX_POINT('',#1282);
#1282 = CARTESIAN_POINT('',(56.75,4.8,12.1));
#1283 = LINE('',#1284,#1285);
#1284 = CARTESIAN_POINT('',(56.75,0.8,12.1));
#1285 = VECTOR('',#1286,1.);
#1286 = DIRECTION('',(-0.,1.,0.));
#1287 = ORIENTED_EDGE('',*,*,#1288,.T.);
#1288 = EDGE_CURVE('',#1281,#1257,#1289,.T.);
#1289 = LINE('',#1290,#1291);
#1290 = CARTESIAN_POINT('',(3.8,4.8,12.1));
#1291 = VECTOR('',#1292,1.);
#1292 = DIRECTION('',(-1.,-0.,0.));
#1293 = PLANE('',#1294);
#1294 = AXIS2_PLACEMENT_3D('',#1295,#1296,#1297);
#1295 = CARTESIAN_POINT('',(2.8,2.8,12.1));
#1296 = DIRECTION('',(0.,0.,1.));
#1297 = DIRECTION('',(1.,0.,-0.));
#1298 = ADVANCED_FACE('',(#1299),#1317,.T.);
#1299 = FACE_BOUND('',#1300,.T.);
#1300 = EDGE_LOOP('',(#1301,#1309,#1310,#1311));
#1301 = ORIENTED_EDGE('',*,*,#1302,.F.);
#1302 = EDGE_CURVE('',#295,#1303,#1305,.T.);
#1303 = VERTEX_POINT('',#1304);
#1304 = CARTESIAN_POINT('',(56.75,4.8,16.2));
#1305 = LINE('',#1306,#1307);
#1306 = CARTESIAN_POINT('',(56.75,-1.2,16.2));
#1307 = VECTOR('',#1308,1.);
#1308 = DIRECTION('',(-0.,1.,0.));
#1309 = ORIENTED_EDGE('',*,*,#302,.T.);
#1310 = ORIENTED_EDGE('',*,*,#1280,.T.);
#1311 = ORIENTED_EDGE('',*,*,#1312,.F.);
#1312 = EDGE_CURVE('',#1303,#1281,#1313,.T.);
#1313 = LINE('',#1314,#1315);
#1314 = CARTESIAN_POINT('',(56.75,4.8,9.95));
#1315 = VECTOR('',#1316,1.);
#1316 = DIRECTION('',(-0.,0.,-1.));
#1317 = PLANE('',#1318);
#1318 = AXIS2_PLACEMENT_3D('',#1319,#1320,#1321);
#1319 = CARTESIAN_POINT('',(56.75,-1.2,8.8));
#1320 = DIRECTION('',(1.,0.,-0.));
#1321 = DIRECTION('',(0.,0.,1.));
#1322 = ADVANCED_FACE('',(#1323),#1341,.F.);
#1323 = FACE_BOUND('',#1324,.F.);
#1324 = EDGE_LOOP('',(#1325,#1326,#1327,#1335));
#1325 = ORIENTED_EDGE('',*,*,#1302,.F.);
#1326 = ORIENTED_EDGE('',*,*,#294,.T.);
#1327 = ORIENTED_EDGE('',*,*,#1328,.T.);
#1328 = EDGE_CURVE('',#287,#1329,#1331,.T.);
#1329 = VERTEX_POINT('',#1330);
#1330 = CARTESIAN_POINT('',(65.25,4.8,16.2));
#1331 = LINE('',#1332,#1333);
#1332 = CARTESIAN_POINT('',(65.25,-1.2,16.2));
#1333 = VECTOR('',#1334,1.);
#1334 = DIRECTION('',(-0.,1.,0.));
#1335 = ORIENTED_EDGE('',*,*,#1336,.F.);
#1336 = EDGE_CURVE('',#1303,#1329,#1337,.T.);
#1337 = LINE('',#1338,#1339);
#1338 = CARTESIAN_POINT('',(30.775,4.8,16.2));
#1339 = VECTOR('',#1340,1.);
#1340 = DIRECTION('',(1.,0.,-0.));
#1341 = PLANE('',#1342);
#1342 = AXIS2_PLACEMENT_3D('',#1343,#1344,#1345);
#1343 = CARTESIAN_POINT('',(56.75,-1.2,16.2));
#1344 = DIRECTION('',(0.,0.,1.));
#1345 = DIRECTION('',(1.,0.,-0.));
#1346 = ADVANCED_FACE('',(#1347),#1365,.F.);
#1347 = FACE_BOUND('',#1348,.F.);
#1348 = EDGE_LOOP('',(#1349,#1350,#1351,#1359));
#1349 = ORIENTED_EDGE('',*,*,#1328,.F.);
#1350 = ORIENTED_EDGE('',*,*,#286,.T.);
#1351 = ORIENTED_EDGE('',*,*,#1352,.T.);
#1352 = EDGE_CURVE('',#279,#1353,#1355,.T.);
#1353 = VERTEX_POINT('',#1354);
#1354 = CARTESIAN_POINT('',(65.25,4.8,12.1));
#1355 = LINE('',#1356,#1357);
#1356 = CARTESIAN_POINT('',(65.25,0.8,12.1));
#1357 = VECTOR('',#1358,1.);
#1358 = DIRECTION('',(-0.,1.,0.));
#1359 = ORIENTED_EDGE('',*,*,#1360,.F.);
#1360 = EDGE_CURVE('',#1329,#1353,#1361,.T.);
#1361 = LINE('',#1362,#1363);
#1362 = CARTESIAN_POINT('',(65.25,4.8,9.95));
#1363 = VECTOR('',#1364,1.);
#1364 = DIRECTION('',(-0.,0.,-1.));
#1365 = PLANE('',#1366);
#1366 = AXIS2_PLACEMENT_3D('',#1367,#1368,#1369);
#1367 = CARTESIAN_POINT('',(65.25,-1.2,8.8));
#1368 = DIRECTION('',(1.,0.,-0.));
#1369 = DIRECTION('',(0.,0.,1.));
#1370 = ADVANCED_FACE('',(#1371),#1389,.F.);
#1371 = FACE_BOUND('',#1372,.F.);
#1372 = EDGE_LOOP('',(#1373,#1374,#1375,#1383));
#1373 = ORIENTED_EDGE('',*,*,#1352,.F.);
#1374 = ORIENTED_EDGE('',*,*,#278,.T.);
#1375 = ORIENTED_EDGE('',*,*,#1376,.T.);
#1376 = EDGE_CURVE('',#271,#1377,#1379,.T.);
#1377 = VERTEX_POINT('',#1378);
#1378 = CARTESIAN_POINT('',(70.05,4.8,12.1));
#1379 = LINE('',#1380,#1381);
#1380 = CARTESIAN_POINT('',(70.05,0.8,12.1));
#1381 = VECTOR('',#1382,1.);
#1382 = DIRECTION('',(-0.,1.,0.));
#1383 = ORIENTED_EDGE('',*,*,#1384,.T.);
#1384 = EDGE_CURVE('',#1377,#1353,#1385,.T.);
#1385 = LINE('',#1386,#1387);
#1386 = CARTESIAN_POINT('',(3.8,4.8,12.1));
#1387 = VECTOR('',#1388,1.);
#1388 = DIRECTION('',(-1.,-0.,0.));
#1389 = PLANE('',#1390);
#1390 = AXIS2_PLACEMENT_3D('',#1391,#1392,#1393);
#1391 = CARTESIAN_POINT('',(2.8,2.8,12.1));
#1392 = DIRECTION('',(0.,0.,1.));
#1393 = DIRECTION('',(1.,0.,-0.));
#1394 = ADVANCED_FACE('',(#1395),#1413,.T.);
#1395 = FACE_BOUND('',#1396,.T.);
#1396 = EDGE_LOOP('',(#1397,#1405,#1406,#1407));
#1397 = ORIENTED_EDGE('',*,*,#1398,.F.);
#1398 = EDGE_CURVE('',#263,#1399,#1401,.T.);
#1399 = VERTEX_POINT('',#1400);
#1400 = CARTESIAN_POINT('',(70.05,4.8,16.2));
#1401 = LINE('',#1402,#1403);
#1402 = CARTESIAN_POINT('',(70.05,-1.2,16.2));
#1403 = VECTOR('',#1404,1.);
#1404 = DIRECTION('',(-0.,1.,0.));
#1405 = ORIENTED_EDGE('',*,*,#270,.T.);
#1406 = ORIENTED_EDGE('',*,*,#1376,.T.);
#1407 = ORIENTED_EDGE('',*,*,#1408,.F.);
#1408 = EDGE_CURVE('',#1399,#1377,#1409,.T.);
#1409 = LINE('',#1410,#1411);
#1410 = CARTESIAN_POINT('',(70.05,4.8,9.95));
#1411 = VECTOR('',#1412,1.);
#1412 = DIRECTION('',(-0.,0.,-1.));
#1413 = PLANE('',#1414);
#1414 = AXIS2_PLACEMENT_3D('',#1415,#1416,#1417);
#1415 = CARTESIAN_POINT('',(70.05,-1.2,8.8));
#1416 = DIRECTION('',(1.,0.,-0.));
#1417 = DIRECTION('',(0.,0.,1.));
#1418 = ADVANCED_FACE('',(#1419),#1437,.F.);
#1419 = FACE_BOUND('',#1420,.F.);
#1420 = EDGE_LOOP('',(#1421,#1422,#1423,#1431));
#1421 = ORIENTED_EDGE('',*,*,#1398,.F.);
#1422 = ORIENTED_EDGE('',*,*,#262,.T.);
#1423 = ORIENTED_EDGE('',*,*,#1424,.T.);
#1424 = EDGE_CURVE('',#255,#1425,#1427,.T.);
#1425 = VERTEX_POINT('',#1426);
#1426 = CARTESIAN_POINT('',(78.55,4.8,16.2));
#1427 = LINE('',#1428,#1429);
#1428 = CARTESIAN_POINT('',(78.55,-1.2,16.2));
#1429 = VECTOR('',#1430,1.);
#1430 = DIRECTION('',(-0.,1.,0.));
#1431 = ORIENTED_EDGE('',*,*,#1432,.F.);
#1432 = EDGE_CURVE('',#1399,#1425,#1433,.T.);
#1433 = LINE('',#1434,#1435);
#1434 = CARTESIAN_POINT('',(37.425,4.8,16.2));
#1435 = VECTOR('',#1436,1.);
#1436 = DIRECTION('',(1.,0.,-0.));
#1437 = PLANE('',#1438);
#1438 = AXIS2_PLACEMENT_3D('',#1439,#1440,#1441);
#1439 = CARTESIAN_POINT('',(70.05,-1.2,16.2));
#1440 = DIRECTION('',(0.,0.,1.));
#1441 = DIRECTION('',(1.,0.,-0.));
#1442 = ADVANCED_FACE('',(#1443),#1461,.F.);
#1443 = FACE_BOUND('',#1444,.F.);
#1444 = EDGE_LOOP('',(#1445,#1446,#1447,#1455));
#1445 = ORIENTED_EDGE('',*,*,#1424,.F.);
#1446 = ORIENTED_EDGE('',*,*,#254,.T.);
#1447 = ORIENTED_EDGE('',*,*,#1448,.T.);
#1448 = EDGE_CURVE('',#247,#1449,#1451,.T.);
#1449 = VERTEX_POINT('',#1450);
#1450 = CARTESIAN_POINT('',(78.55,4.8,12.1));
#1451 = LINE('',#1452,#1453);
#1452 = CARTESIAN_POINT('',(78.55,0.8,12.1));
#1453 = VECTOR('',#1454,1.);
#1454 = DIRECTION('',(-0.,1.,0.));
#1455 = ORIENTED_EDGE('',*,*,#1456,.F.);
#1456 = EDGE_CURVE('',#1425,#1449,#1457,.T.);
#1457 = LINE('',#1458,#1459);
#1458 = CARTESIAN_POINT('',(78.55,4.8,9.95));
#1459 = VECTOR('',#1460,1.);
#1460 = DIRECTION('',(-0.,0.,-1.));
#1461 = PLANE('',#1462);
#1462 = AXIS2_PLACEMENT_3D('',#1463,#1464,#1465);
#1463 = CARTESIAN_POINT('',(78.55,-1.2,8.8));
#1464 = DIRECTION('',(1.,0.,-0.));
#1465 = DIRECTION('',(0.,0.,1.));
#1466 = ADVANCED_FACE('',(#1467),#1485,.F.);
#1467 = FACE_BOUND('',#1468,.F.);
#1468 = EDGE_LOOP('',(#1469,#1470,#1471,#1479));
#1469 = ORIENTED_EDGE('',*,*,#1448,.F.);
#1470 = ORIENTED_EDGE('',*,*,#246,.T.);
#1471 = ORIENTED_EDGE('',*,*,#1472,.T.);
#1472 = EDGE_CURVE('',#239,#1473,#1475,.T.);
#1473 = VERTEX_POINT('',#1474);
#1474 = CARTESIAN_POINT('',(83.35,4.8,12.1));
#1475 = LINE('',#1476,#1477);
#1476 = CARTESIAN_POINT('',(83.35,0.8,12.1));
#1477 = VECTOR('',#1478,1.);
#1478 = DIRECTION('',(-0.,1.,0.));
#1479 = ORIENTED_EDGE('',*,*,#1480,.T.);
#1480 = EDGE_CURVE('',#1473,#1449,#1481,.T.);
#1481 = LINE('',#1482,#1483);
#1482 = CARTESIAN_POINT('',(3.8,4.8,12.1));
#1483 = VECTOR('',#1484,1.);
#1484 = DIRECTION('',(-1.,-0.,0.));
#1485 = PLANE('',#1486);
#1486 = AXIS2_PLACEMENT_3D('',#1487,#1488,#1489);
#1487 = CARTESIAN_POINT('',(2.8,2.8,12.1));
#1488 = DIRECTION('',(0.,0.,1.));
#1489 = DIRECTION('',(1.,0.,-0.));
#1490 = ADVANCED_FACE('',(#1491),#1509,.T.);
#1491 = FACE_BOUND('',#1492,.T.);
#1492 = EDGE_LOOP('',(#1493,#1501,#1502,#1503));
#1493 = ORIENTED_EDGE('',*,*,#1494,.F.);
#1494 = EDGE_CURVE('',#231,#1495,#1497,.T.);
#1495 = VERTEX_POINT('',#1496);
#1496 = CARTESIAN_POINT('',(83.35,4.8,16.2));
#1497 = LINE('',#1498,#1499);
#1498 = CARTESIAN_POINT('',(83.35,-1.2,16.2));
#1499 = VECTOR('',#1500,1.);
#1500 = DIRECTION('',(-0.,1.,0.));
#1501 = ORIENTED_EDGE('',*,*,#238,.T.);
#1502 = ORIENTED_EDGE('',*,*,#1472,.T.);
#1503 = ORIENTED_EDGE('',*,*,#1504,.F.);
#1504 = EDGE_CURVE('',#1495,#1473,#1505,.T.);
#1505 = LINE('',#1506,#1507);
#1506 = CARTESIAN_POINT('',(83.35,4.8,9.95));
#1507 = VECTOR('',#1508,1.);
#1508 = DIRECTION('',(-0.,0.,-1.));
#1509 = PLANE('',#1510);
#1510 = AXIS2_PLACEMENT_3D('',#1511,#1512,#1513);
#1511 = CARTESIAN_POINT('',(83.35,-1.2,8.8));
#1512 = DIRECTION('',(1.,0.,-0.));
#1513 = DIRECTION('',(0.,0.,1.));
#1514 = ADVANCED_FACE('',(#1515),#1533,.F.);
#1515 = FACE_BOUND('',#1516,.F.);
#1516 = EDGE_LOOP('',(#1517,#1518,#1519,#1527));
#1517 = ORIENTED_EDGE('',*,*,#1494,.F.);
#1518 = ORIENTED_EDGE('',*,*,#230,.T.);
#1519 = ORIENTED_EDGE('',*,*,#1520,.T.);
#1520 = EDGE_CURVE('',#223,#1521,#1523,.T.);
#1521 = VERTEX_POINT('',#1522);
#1522 = CARTESIAN_POINT('',(91.85,4.8,16.2));
#1523 = LINE('',#1524,#1525);
#1524 = CARTESIAN_POINT('',(91.85,-1.2,16.2));
#1525 = VECTOR('',#1526,1.);
#1526 = DIRECTION('',(-0.,1.,0.));
#1527 = ORIENTED_EDGE('',*,*,#1528,.F.);
#1528 = EDGE_CURVE('',#1495,#1521,#1529,.T.);
#1529 = LINE('',#1530,#1531);
#1530 = CARTESIAN_POINT('',(44.075,4.8,16.2));
#1531 = VECTOR('',#1532,1.);
#1532 = DIRECTION('',(1.,0.,-0.));
#1533 = PLANE('',#1534);
#1534 = AXIS2_PLACEMENT_3D('',#1535,#1536,#1537);
#1535 = CARTESIAN_POINT('',(83.35,-1.2,16.2));
#1536 = DIRECTION('',(0.,0.,1.));
#1537 = DIRECTION('',(1.,0.,-0.));
#1538 = ADVANCED_FACE('',(#1539),#1557,.F.);
#1539 = FACE_BOUND('',#1540,.F.);
#1540 = EDGE_LOOP('',(#1541,#1542,#1543,#1551));
#1541 = ORIENTED_EDGE('',*,*,#1520,.F.);
#1542 = ORIENTED_EDGE('',*,*,#222,.T.);
#1543 = ORIENTED_EDGE('',*,*,#1544,.T.);
#1544 = EDGE_CURVE('',#215,#1545,#1547,.T.);
#1545 = VERTEX_POINT('',#1546);
#1546 = CARTESIAN_POINT('',(91.85,4.8,12.1));
#1547 = LINE('',#1548,#1549);
#1548 = CARTESIAN_POINT('',(91.85,0.8,12.1));
#1549 = VECTOR('',#1550,1.);
#1550 = DIRECTION('',(-0.,1.,0.));
#1551 = ORIENTED_EDGE('',*,*,#1552,.F.);
#1552 = EDGE_CURVE('',#1521,#1545,#1553,.T.);
#1553 = LINE('',#1554,#1555);
#1554 = CARTESIAN_POINT('',(91.85,4.8,9.95));
#1555 = VECTOR('',#1556,1.);
#1556 = DIRECTION('',(-0.,0.,-1.));
#1557 = PLANE('',#1558);
#1558 = AXIS2_PLACEMENT_3D('',#1559,#1560,#1561);
#1559 = CARTESIAN_POINT('',(91.85,-1.2,8.8));
#1560 = DIRECTION('',(1.,0.,-0.));
#1561 = DIRECTION('',(0.,0.,1.));
#1562 = ADVANCED_FACE('',(#1563),#1597,.F.);
#1563 = FACE_BOUND('',#1564,.F.);
#1564 = EDGE_LOOP('',(#1565,#1566,#1567,#1575,#1583,#1591));
#1565 = ORIENTED_EDGE('',*,*,#1544,.F.);
#1566 = ORIENTED_EDGE('',*,*,#214,.T.);
#1567 = ORIENTED_EDGE('',*,*,#1568,.T.);
#1568 = EDGE_CURVE('',#207,#1569,#1571,.T.);
#1569 = VERTEX_POINT('',#1570);
#1570 = CARTESIAN_POINT('',(103.,3.9,12.1));
#1571 = LINE('',#1572,#1573);
#1572 = CARTESIAN_POINT('',(103.,2.8,12.1));
#1573 = VECTOR('',#1574,1.);
#1574 = DIRECTION('',(-0.,1.,0.));
#1575 = ORIENTED_EDGE('',*,*,#1576,.T.);
#1576 = EDGE_CURVE('',#1569,#1577,#1579,.T.);
#1577 = VERTEX_POINT('',#1578);
#1578 = CARTESIAN_POINT('',(100.6,3.9,12.1));
#1579 = LINE('',#1580,#1581);
#1580 = CARTESIAN_POINT('',(51.7,3.9,12.1));
#1581 = VECTOR('',#1582,1.);
#1582 = DIRECTION('',(-1.,-0.,0.));
#1583 = ORIENTED_EDGE('',*,*,#1584,.T.);
#1584 = EDGE_CURVE('',#1577,#1585,#1587,.T.);
#1585 = VERTEX_POINT('',#1586);
#1586 = CARTESIAN_POINT('',(100.6,4.8,12.1));
#1587 = LINE('',#1588,#1589);
#1588 = CARTESIAN_POINT('',(100.6,3.35,12.1));
#1589 = VECTOR('',#1590,1.);
#1590 = DIRECTION('',(-0.,1.,0.));
#1591 = ORIENTED_EDGE('',*,*,#1592,.T.);
#1592 = EDGE_CURVE('',#1585,#1545,#1593,.T.);
#1593 = LINE('',#1594,#1595);
#1594 = CARTESIAN_POINT('',(3.8,4.8,12.1));
#1595 = VECTOR('',#1596,1.);
#1596 = DIRECTION('',(-1.,-0.,0.));
#1597 = PLANE('',#1598);
#1598 = AXIS2_PLACEMENT_3D('',#1599,#1600,#1601);
#1599 = CARTESIAN_POINT('',(2.8,2.8,12.1));
#1600 = DIRECTION('',(0.,0.,1.));
#1601 = DIRECTION('',(1.,0.,-0.));
#1602 = ADVANCED_FACE('',(#1603),#1703,.T.);
#1603 = FACE_BOUND('',#1604,.T.);
#1604 = EDGE_LOOP('',(#1605,#1606,#1607,#1615,#1623,#1631,#1639,#1647,
    #1655,#1663,#1671,#1679,#1687,#1695,#1701,#1702));
#1605 = ORIENTED_EDGE('',*,*,#206,.F.);
#1606 = ORIENTED_EDGE('',*,*,#1568,.T.);
#1607 = ORIENTED_EDGE('',*,*,#1608,.T.);
#1608 = EDGE_CURVE('',#1569,#1609,#1611,.T.);
#1609 = VERTEX_POINT('',#1610);
#1610 = CARTESIAN_POINT('',(103.,3.9,12.5));
#1611 = LINE('',#1612,#1613);
#1612 = CARTESIAN_POINT('',(103.,3.9,10.45));
#1613 = VECTOR('',#1614,1.);
#1614 = DIRECTION('',(0.,0.,1.));
#1615 = ORIENTED_EDGE('',*,*,#1616,.F.);
#1616 = EDGE_CURVE('',#1617,#1609,#1619,.T.);
#1617 = VERTEX_POINT('',#1618);
#1618 = CARTESIAN_POINT('',(103.,13.9,12.5));
#1619 = LINE('',#1620,#1621);
#1620 = CARTESIAN_POINT('',(103.,3.35,12.5));
#1621 = VECTOR('',#1622,1.);
#1622 = DIRECTION('',(0.,-1.,0.));
#1623 = ORIENTED_EDGE('',*,*,#1624,.F.);
#1624 = EDGE_CURVE('',#1625,#1617,#1627,.T.);
#1625 = VERTEX_POINT('',#1626);
#1626 = CARTESIAN_POINT('',(103.,13.9,12.1));
#1627 = LINE('',#1628,#1629);
#1628 = CARTESIAN_POINT('',(103.,13.9,10.45));
#1629 = VECTOR('',#1630,1.);
#1630 = DIRECTION('',(0.,0.,1.));
#1631 = ORIENTED_EDGE('',*,*,#1632,.T.);
#1632 = EDGE_CURVE('',#1625,#1633,#1635,.T.);
#1633 = VERTEX_POINT('',#1634);
#1634 = CARTESIAN_POINT('',(103.,14.9,12.1));
#1635 = LINE('',#1636,#1637);
#1636 = CARTESIAN_POINT('',(103.,2.8,12.1));
#1637 = VECTOR('',#1638,1.);
#1638 = DIRECTION('',(-0.,1.,0.));
#1639 = ORIENTED_EDGE('',*,*,#1640,.T.);
#1640 = EDGE_CURVE('',#1633,#1641,#1643,.T.);
#1641 = VERTEX_POINT('',#1642);
#1642 = CARTESIAN_POINT('',(103.,14.9,15.4));
#1643 = LINE('',#1644,#1645);
#1644 = CARTESIAN_POINT('',(103.,14.9,10.45));
#1645 = VECTOR('',#1646,1.);
#1646 = DIRECTION('',(0.,0.,1.));
#1647 = ORIENTED_EDGE('',*,*,#1648,.F.);
#1648 = EDGE_CURVE('',#1649,#1641,#1651,.T.);
#1649 = VERTEX_POINT('',#1650);
#1650 = CARTESIAN_POINT('',(103.,58.9,15.4));
#1651 = LINE('',#1652,#1653);
#1652 = CARTESIAN_POINT('',(103.,8.85,15.4));
#1653 = VECTOR('',#1654,1.);
#1654 = DIRECTION('',(0.,-1.,0.));
#1655 = ORIENTED_EDGE('',*,*,#1656,.F.);
#1656 = EDGE_CURVE('',#1657,#1649,#1659,.T.);
#1657 = VERTEX_POINT('',#1658);
#1658 = CARTESIAN_POINT('',(103.,58.9,12.1));
#1659 = LINE('',#1660,#1661);
#1660 = CARTESIAN_POINT('',(103.,58.9,10.45));
#1661 = VECTOR('',#1662,1.);
#1662 = DIRECTION('',(0.,0.,1.));
#1663 = ORIENTED_EDGE('',*,*,#1664,.T.);
#1664 = EDGE_CURVE('',#1657,#1665,#1667,.T.);
#1665 = VERTEX_POINT('',#1666);
#1666 = CARTESIAN_POINT('',(103.,70.5,12.1));
#1667 = LINE('',#1668,#1669);
#1668 = CARTESIAN_POINT('',(103.,2.8,12.1));
#1669 = VECTOR('',#1670,1.);
#1670 = DIRECTION('',(-0.,1.,0.));
#1671 = ORIENTED_EDGE('',*,*,#1672,.T.);
#1672 = EDGE_CURVE('',#1665,#1673,#1675,.T.);
#1673 = VERTEX_POINT('',#1674);
#1674 = CARTESIAN_POINT('',(103.,70.5,15.4));
#1675 = LINE('',#1676,#1677);
#1676 = CARTESIAN_POINT('',(103.,70.5,10.45));
#1677 = VECTOR('',#1678,1.);
#1678 = DIRECTION('',(0.,0.,1.));
#1679 = ORIENTED_EDGE('',*,*,#1680,.F.);
#1680 = EDGE_CURVE('',#1681,#1673,#1683,.T.);
#1681 = VERTEX_POINT('',#1682);
#1682 = CARTESIAN_POINT('',(103.,80.8,15.4));
#1683 = LINE('',#1684,#1685);
#1684 = CARTESIAN_POINT('',(103.,36.65,15.4));
#1685 = VECTOR('',#1686,1.);
#1686 = DIRECTION('',(0.,-1.,0.));
#1687 = ORIENTED_EDGE('',*,*,#1688,.F.);
#1688 = EDGE_CURVE('',#1689,#1681,#1691,.T.);
#1689 = VERTEX_POINT('',#1690);
#1690 = CARTESIAN_POINT('',(103.,80.8,12.1));
#1691 = LINE('',#1692,#1693);
#1692 = CARTESIAN_POINT('',(103.,80.8,10.45));
#1693 = VECTOR('',#1694,1.);
#1694 = DIRECTION('',(0.,0.,1.));
#1695 = ORIENTED_EDGE('',*,*,#1696,.T.);
#1696 = EDGE_CURVE('',#1689,#417,#1697,.T.);
#1697 = LINE('',#1698,#1699);
#1698 = CARTESIAN_POINT('',(103.,2.8,12.1));
#1699 = VECTOR('',#1700,1.);
#1700 = DIRECTION('',(-0.,1.,0.));
#1701 = ORIENTED_EDGE('',*,*,#416,.T.);
#1702 = ORIENTED_EDGE('',*,*,#392,.F.);
#1703 = PLANE('',#1704);
#1704 = AXIS2_PLACEMENT_3D('',#1705,#1706,#1707);
#1705 = CARTESIAN_POINT('',(103.,2.8,12.1));
#1706 = DIRECTION('',(1.,0.,-0.));
#1707 = DIRECTION('',(0.,0.,1.));
#1708 = ADVANCED_FACE('',(#1709),#1734,.F.);
#1709 = FACE_BOUND('',#1710,.F.);
#1710 = EDGE_LOOP('',(#1711,#1719,#1720,#1728));
#1711 = ORIENTED_EDGE('',*,*,#1712,.F.);
#1712 = EDGE_CURVE('',#349,#1713,#1715,.T.);
#1713 = VERTEX_POINT('',#1714);
#1714 = CARTESIAN_POINT('',(0.,0.,21.5));
#1715 = LINE('',#1716,#1717);
#1716 = CARTESIAN_POINT('',(0.,0.,19.1));
#1717 = VECTOR('',#1718,1.);
#1718 = DIRECTION('',(0.,0.,1.));
#1719 = ORIENTED_EDGE('',*,*,#348,.T.);
#1720 = ORIENTED_EDGE('',*,*,#1721,.T.);
#1721 = EDGE_CURVE('',#351,#1722,#1724,.T.);
#1722 = VERTEX_POINT('',#1723);
#1723 = CARTESIAN_POINT('',(0.,85.8,21.5));
#1724 = LINE('',#1725,#1726);
#1725 = CARTESIAN_POINT('',(0.,85.8,19.1));
#1726 = VECTOR('',#1727,1.);
#1727 = DIRECTION('',(0.,0.,1.));
#1728 = ORIENTED_EDGE('',*,*,#1729,.F.);
#1729 = EDGE_CURVE('',#1713,#1722,#1730,.T.);
#1730 = LINE('',#1731,#1732);
#1731 = CARTESIAN_POINT('',(0.,0.,21.5));
#1732 = VECTOR('',#1733,1.);
#1733 = DIRECTION('',(-0.,1.,0.));
#1734 = PLANE('',#1735);
#1735 = AXIS2_PLACEMENT_3D('',#1736,#1737,#1738);
#1736 = CARTESIAN_POINT('',(0.,0.,19.1));
#1737 = DIRECTION('',(1.,0.,-0.));
#1738 = DIRECTION('',(0.,0.,1.));
#1739 = ADVANCED_FACE('',(#1740),#1758,.T.);
#1740 = FACE_BOUND('',#1741,.T.);
#1741 = EDGE_LOOP('',(#1742,#1743,#1744,#1752));
#1742 = ORIENTED_EDGE('',*,*,#374,.F.);
#1743 = ORIENTED_EDGE('',*,*,#1721,.T.);
#1744 = ORIENTED_EDGE('',*,*,#1745,.T.);
#1745 = EDGE_CURVE('',#1722,#1746,#1748,.T.);
#1746 = VERTEX_POINT('',#1747);
#1747 = CARTESIAN_POINT('',(105.8,85.8,21.5));
#1748 = LINE('',#1749,#1750);
#1749 = CARTESIAN_POINT('',(0.,85.8,21.5));
#1750 = VECTOR('',#1751,1.);
#1751 = DIRECTION('',(1.,0.,-0.));
#1752 = ORIENTED_EDGE('',*,*,#1753,.F.);
#1753 = EDGE_CURVE('',#367,#1746,#1754,.T.);
#1754 = LINE('',#1755,#1756);
#1755 = CARTESIAN_POINT('',(105.8,85.8,19.1));
#1756 = VECTOR('',#1757,1.);
#1757 = DIRECTION('',(0.,0.,1.));
#1758 = PLANE('',#1759);
#1759 = AXIS2_PLACEMENT_3D('',#1760,#1761,#1762);
#1760 = CARTESIAN_POINT('',(0.,85.8,19.1));
#1761 = DIRECTION('',(-0.,1.,0.));
#1762 = DIRECTION('',(0.,0.,1.));
#1763 = ADVANCED_FACE('',(#1764),#1782,.F.);
#1764 = FACE_BOUND('',#1765,.F.);
#1765 = EDGE_LOOP('',(#1766,#1767,#1768,#1776));
#1766 = ORIENTED_EDGE('',*,*,#358,.F.);
#1767 = ORIENTED_EDGE('',*,*,#1712,.T.);
#1768 = ORIENTED_EDGE('',*,*,#1769,.T.);
#1769 = EDGE_CURVE('',#1713,#1770,#1772,.T.);
#1770 = VERTEX_POINT('',#1771);
#1771 = CARTESIAN_POINT('',(105.8,0.,21.5));
#1772 = LINE('',#1773,#1774);
#1773 = CARTESIAN_POINT('',(0.,0.,21.5));
#1774 = VECTOR('',#1775,1.);
#1775 = DIRECTION('',(1.,0.,-0.));
#1776 = ORIENTED_EDGE('',*,*,#1777,.F.);
#1777 = EDGE_CURVE('',#359,#1770,#1778,.T.);
#1778 = LINE('',#1779,#1780);
#1779 = CARTESIAN_POINT('',(105.8,0.,19.1));
#1780 = VECTOR('',#1781,1.);
#1781 = DIRECTION('',(0.,0.,1.));
#1782 = PLANE('',#1783);
#1783 = AXIS2_PLACEMENT_3D('',#1784,#1785,#1786);
#1784 = CARTESIAN_POINT('',(0.,0.,19.1));
#1785 = DIRECTION('',(-0.,1.,0.));
#1786 = DIRECTION('',(0.,0.,1.));
#1787 = ADVANCED_FACE('',(#1788),#1799,.T.);
#1788 = FACE_BOUND('',#1789,.T.);
#1789 = EDGE_LOOP('',(#1790,#1791,#1792,#1793));
#1790 = ORIENTED_EDGE('',*,*,#1777,.F.);
#1791 = ORIENTED_EDGE('',*,*,#366,.T.);
#1792 = ORIENTED_EDGE('',*,*,#1753,.T.);
#1793 = ORIENTED_EDGE('',*,*,#1794,.F.);
#1794 = EDGE_CURVE('',#1770,#1746,#1795,.T.);
#1795 = LINE('',#1796,#1797);
#1796 = CARTESIAN_POINT('',(105.8,0.,21.5));
#1797 = VECTOR('',#1798,1.);
#1798 = DIRECTION('',(-0.,1.,0.));
#1799 = PLANE('',#1800);
#1800 = AXIS2_PLACEMENT_3D('',#1801,#1802,#1803);
#1801 = CARTESIAN_POINT('',(105.8,0.,19.1));
#1802 = DIRECTION('',(1.,0.,-0.));
#1803 = DIRECTION('',(0.,0.,1.));
#1804 = ADVANCED_FACE('',(#1805),#1816,.T.);
#1805 = FACE_BOUND('',#1806,.T.);
#1806 = EDGE_LOOP('',(#1807,#1808,#1809,#1810));
#1807 = ORIENTED_EDGE('',*,*,#839,.F.);
#1808 = ORIENTED_EDGE('',*,*,#814,.T.);
#1809 = ORIENTED_EDGE('',*,*,#704,.F.);
#1810 = ORIENTED_EDGE('',*,*,#1811,.F.);
#1811 = EDGE_CURVE('',#832,#697,#1812,.T.);
#1812 = LINE('',#1813,#1814);
#1813 = CARTESIAN_POINT('',(2.9,80.6,15.4));
#1814 = VECTOR('',#1815,1.);
#1815 = DIRECTION('',(-0.,1.,0.));
#1816 = PLANE('',#1817);
#1817 = AXIS2_PLACEMENT_3D('',#1818,#1819,#1820);
#1818 = CARTESIAN_POINT('',(2.9,80.6,8.8));
#1819 = DIRECTION('',(1.,0.,-0.));
#1820 = DIRECTION('',(0.,0.,1.));
#1821 = ADVANCED_FACE('',(#1822),#1847,.F.);
#1822 = FACE_BOUND('',#1823,.F.);
#1823 = EDGE_LOOP('',(#1824,#1832,#1840,#1846));
#1824 = ORIENTED_EDGE('',*,*,#1825,.F.);
#1825 = EDGE_CURVE('',#1826,#689,#1828,.T.);
#1826 = VERTEX_POINT('',#1827);
#1827 = CARTESIAN_POINT('',(13.7,81.,15.4));
#1828 = LINE('',#1829,#1830);
#1829 = CARTESIAN_POINT('',(13.7,80.6,15.4));
#1830 = VECTOR('',#1831,1.);
#1831 = DIRECTION('',(-0.,1.,0.));
#1832 = ORIENTED_EDGE('',*,*,#1833,.T.);
#1833 = EDGE_CURVE('',#1826,#1834,#1836,.T.);
#1834 = VERTEX_POINT('',#1835);
#1835 = CARTESIAN_POINT('',(13.7,81.,12.1));
#1836 = LINE('',#1837,#1838);
#1837 = CARTESIAN_POINT('',(13.7,81.,9.95));
#1838 = VECTOR('',#1839,1.);
#1839 = DIRECTION('',(-0.,0.,-1.));
#1840 = ORIENTED_EDGE('',*,*,#1841,.T.);
#1841 = EDGE_CURVE('',#1834,#681,#1842,.T.);
#1842 = LINE('',#1843,#1844);
#1843 = CARTESIAN_POINT('',(13.7,41.7,12.1));
#1844 = VECTOR('',#1845,1.);
#1845 = DIRECTION('',(-0.,1.,0.));
#1846 = ORIENTED_EDGE('',*,*,#688,.F.);
#1847 = PLANE('',#1848);
#1848 = AXIS2_PLACEMENT_3D('',#1849,#1850,#1851);
#1849 = CARTESIAN_POINT('',(13.7,80.6,8.8));
#1850 = DIRECTION('',(1.,0.,-0.));
#1851 = DIRECTION('',(0.,0.,1.));
#1852 = ADVANCED_FACE('',(#1853),#1871,.F.);
#1853 = FACE_BOUND('',#1854,.F.);
#1854 = EDGE_LOOP('',(#1855,#1863,#1864,#1865));
#1855 = ORIENTED_EDGE('',*,*,#1856,.F.);
#1856 = EDGE_CURVE('',#1689,#1857,#1859,.T.);
#1857 = VERTEX_POINT('',#1858);
#1858 = CARTESIAN_POINT('',(101.65,80.8,12.1));
#1859 = LINE('',#1860,#1861);
#1860 = CARTESIAN_POINT('',(51.5,80.8,12.1));
#1861 = VECTOR('',#1862,1.);
#1862 = DIRECTION('',(-1.,-0.,0.));
#1863 = ORIENTED_EDGE('',*,*,#1696,.T.);
#1864 = ORIENTED_EDGE('',*,*,#424,.F.);
#1865 = ORIENTED_EDGE('',*,*,#1866,.F.);
#1866 = EDGE_CURVE('',#1857,#425,#1867,.T.);
#1867 = LINE('',#1868,#1869);
#1868 = CARTESIAN_POINT('',(101.65,41.7,12.1));
#1869 = VECTOR('',#1870,1.);
#1870 = DIRECTION('',(-0.,1.,0.));
#1871 = PLANE('',#1872);
#1872 = AXIS2_PLACEMENT_3D('',#1873,#1874,#1875);
#1873 = CARTESIAN_POINT('',(2.8,2.8,12.1));
#1874 = DIRECTION('',(0.,0.,1.));
#1875 = DIRECTION('',(1.,0.,-0.));
#1876 = ADVANCED_FACE('',(#1877),#1895,.F.);
#1877 = FACE_BOUND('',#1878,.F.);
#1878 = EDGE_LOOP('',(#1879,#1887,#1893,#1894));
#1879 = ORIENTED_EDGE('',*,*,#1880,.F.);
#1880 = EDGE_CURVE('',#1881,#1834,#1883,.T.);
#1881 = VERTEX_POINT('',#1882);
#1882 = CARTESIAN_POINT('',(13.9,81.,12.1));
#1883 = LINE('',#1884,#1885);
#1884 = CARTESIAN_POINT('',(3.8,81.,12.1));
#1885 = VECTOR('',#1886,1.);
#1886 = DIRECTION('',(-1.,-0.,0.));
#1887 = ORIENTED_EDGE('',*,*,#1888,.T.);
#1888 = EDGE_CURVE('',#1881,#673,#1889,.T.);
#1889 = LINE('',#1890,#1891);
#1890 = CARTESIAN_POINT('',(13.9,41.7,12.1));
#1891 = VECTOR('',#1892,1.);
#1892 = DIRECTION('',(-0.,1.,0.));
#1893 = ORIENTED_EDGE('',*,*,#680,.F.);
#1894 = ORIENTED_EDGE('',*,*,#1841,.F.);
#1895 = PLANE('',#1896);
#1896 = AXIS2_PLACEMENT_3D('',#1897,#1898,#1899);
#1897 = CARTESIAN_POINT('',(2.8,2.8,12.1));
#1898 = DIRECTION('',(0.,0.,1.));
#1899 = DIRECTION('',(1.,0.,-0.));
#1900 = ADVANCED_FACE('',(#1901),#1935,.F.);
#1901 = FACE_BOUND('',#1902,.F.);
#1902 = EDGE_LOOP('',(#1903,#1913,#1921,#1927,#1928,#1929));
#1903 = ORIENTED_EDGE('',*,*,#1904,.F.);
#1904 = EDGE_CURVE('',#1905,#1907,#1909,.T.);
#1905 = VERTEX_POINT('',#1906);
#1906 = CARTESIAN_POINT('',(101.65,80.6,15.4));
#1907 = VERTEX_POINT('',#1908);
#1908 = CARTESIAN_POINT('',(101.65,80.6,16.2));
#1909 = LINE('',#1910,#1911);
#1910 = CARTESIAN_POINT('',(101.65,80.6,8.8));
#1911 = VECTOR('',#1912,1.);
#1912 = DIRECTION('',(0.,0.,1.));
#1913 = ORIENTED_EDGE('',*,*,#1914,.F.);
#1914 = EDGE_CURVE('',#1915,#1905,#1917,.T.);
#1915 = VERTEX_POINT('',#1916);
#1916 = CARTESIAN_POINT('',(101.65,80.8,15.4));
#1917 = LINE('',#1918,#1919);
#1918 = CARTESIAN_POINT('',(101.65,75.55,15.4));
#1919 = VECTOR('',#1920,1.);
#1920 = DIRECTION('',(0.,-1.,0.));
#1921 = ORIENTED_EDGE('',*,*,#1922,.F.);
#1922 = EDGE_CURVE('',#1857,#1915,#1923,.T.);
#1923 = LINE('',#1924,#1925);
#1924 = CARTESIAN_POINT('',(101.65,80.8,8.8));
#1925 = VECTOR('',#1926,1.);
#1926 = DIRECTION('',(0.,0.,1.));
#1927 = ORIENTED_EDGE('',*,*,#1866,.T.);
#1928 = ORIENTED_EDGE('',*,*,#432,.F.);
#1929 = ORIENTED_EDGE('',*,*,#1930,.F.);
#1930 = EDGE_CURVE('',#1907,#433,#1931,.T.);
#1931 = LINE('',#1932,#1933);
#1932 = CARTESIAN_POINT('',(101.65,80.6,16.2));
#1933 = VECTOR('',#1934,1.);
#1934 = DIRECTION('',(-0.,1.,0.));
#1935 = PLANE('',#1936);
#1936 = AXIS2_PLACEMENT_3D('',#1937,#1938,#1939);
#1937 = CARTESIAN_POINT('',(101.65,80.6,8.8));
#1938 = DIRECTION('',(1.,0.,-0.));
#1939 = DIRECTION('',(0.,0.,1.));
#1940 = ADVANCED_FACE('',(#1941),#1959,.T.);
#1941 = FACE_BOUND('',#1942,.T.);
#1942 = EDGE_LOOP('',(#1943,#1951,#1957,#1958));
#1943 = ORIENTED_EDGE('',*,*,#1944,.F.);
#1944 = EDGE_CURVE('',#1945,#665,#1947,.T.);
#1945 = VERTEX_POINT('',#1946);
#1946 = CARTESIAN_POINT('',(13.9,81.,15.4));
#1947 = LINE('',#1948,#1949);
#1948 = CARTESIAN_POINT('',(13.9,80.6,15.4));
#1949 = VECTOR('',#1950,1.);
#1950 = DIRECTION('',(-0.,1.,0.));
#1951 = ORIENTED_EDGE('',*,*,#1952,.T.);
#1952 = EDGE_CURVE('',#1945,#1881,#1953,.T.);
#1953 = LINE('',#1954,#1955);
#1954 = CARTESIAN_POINT('',(13.9,81.,9.95));
#1955 = VECTOR('',#1956,1.);
#1956 = DIRECTION('',(-0.,0.,-1.));
#1957 = ORIENTED_EDGE('',*,*,#1888,.T.);
#1958 = ORIENTED_EDGE('',*,*,#672,.F.);
#1959 = PLANE('',#1960);
#1960 = AXIS2_PLACEMENT_3D('',#1961,#1962,#1963);
#1961 = CARTESIAN_POINT('',(13.9,80.6,8.8));
#1962 = DIRECTION('',(1.,0.,-0.));
#1963 = DIRECTION('',(0.,0.,1.));
#1964 = ADVANCED_FACE('',(#1965),#1999,.F.);
#1965 = FACE_BOUND('',#1966,.F.);
#1966 = EDGE_LOOP('',(#1967,#1975,#1983,#1991,#1997,#1998));
#1967 = ORIENTED_EDGE('',*,*,#1968,.F.);
#1968 = EDGE_CURVE('',#1969,#441,#1971,.T.);
#1969 = VERTEX_POINT('',#1970);
#1970 = CARTESIAN_POINT('',(93.15,81.,16.2));
#1971 = LINE('',#1972,#1973);
#1972 = CARTESIAN_POINT('',(93.15,80.6,16.2));
#1973 = VECTOR('',#1974,1.);
#1974 = DIRECTION('',(-0.,1.,0.));
#1975 = ORIENTED_EDGE('',*,*,#1976,.T.);
#1976 = EDGE_CURVE('',#1969,#1977,#1979,.T.);
#1977 = VERTEX_POINT('',#1978);
#1978 = CARTESIAN_POINT('',(101.,81.,16.2));
#1979 = LINE('',#1980,#1981);
#1980 = CARTESIAN_POINT('',(48.975,81.,16.2));
#1981 = VECTOR('',#1982,1.);
#1982 = DIRECTION('',(1.,0.,-0.));
#1983 = ORIENTED_EDGE('',*,*,#1984,.T.);
#1984 = EDGE_CURVE('',#1977,#1985,#1987,.T.);
#1985 = VERTEX_POINT('',#1986);
#1986 = CARTESIAN_POINT('',(101.,80.6,16.2));
#1987 = LINE('',#1988,#1989);
#1988 = CARTESIAN_POINT('',(101.,42.7,16.2));
#1989 = VECTOR('',#1990,1.);
#1990 = DIRECTION('',(0.,-1.,0.));
#1991 = ORIENTED_EDGE('',*,*,#1992,.T.);
#1992 = EDGE_CURVE('',#1985,#1907,#1993,.T.);
#1993 = LINE('',#1994,#1995);
#1994 = CARTESIAN_POINT('',(93.15,80.6,16.2));
#1995 = VECTOR('',#1996,1.);
#1996 = DIRECTION('',(1.,0.,-0.));
#1997 = ORIENTED_EDGE('',*,*,#1930,.T.);
#1998 = ORIENTED_EDGE('',*,*,#440,.F.);
#1999 = PLANE('',#2000);
#2000 = AXIS2_PLACEMENT_3D('',#2001,#2002,#2003);
#2001 = CARTESIAN_POINT('',(93.15,80.6,16.2));
#2002 = DIRECTION('',(0.,0.,1.));
#2003 = DIRECTION('',(1.,0.,-0.));
#2004 = ADVANCED_FACE('',(#2005),#2023,.F.);
#2005 = FACE_BOUND('',#2006,.F.);
#2006 = EDGE_LOOP('',(#2007,#2008,#2016,#2022));
#2007 = ORIENTED_EDGE('',*,*,#1944,.F.);
#2008 = ORIENTED_EDGE('',*,*,#2009,.T.);
#2009 = EDGE_CURVE('',#1945,#2010,#2012,.T.);
#2010 = VERTEX_POINT('',#2011);
#2011 = CARTESIAN_POINT('',(24.7,81.,15.4));
#2012 = LINE('',#2013,#2014);
#2013 = CARTESIAN_POINT('',(9.35,81.,15.4));
#2014 = VECTOR('',#2015,1.);
#2015 = DIRECTION('',(1.,0.,-0.));
#2016 = ORIENTED_EDGE('',*,*,#2017,.T.);
#2017 = EDGE_CURVE('',#2010,#657,#2018,.T.);
#2018 = LINE('',#2019,#2020);
#2019 = CARTESIAN_POINT('',(24.7,80.6,15.4));
#2020 = VECTOR('',#2021,1.);
#2021 = DIRECTION('',(-0.,1.,0.));
#2022 = ORIENTED_EDGE('',*,*,#664,.F.);
#2023 = PLANE('',#2024);
#2024 = AXIS2_PLACEMENT_3D('',#2025,#2026,#2027);
#2025 = CARTESIAN_POINT('',(13.9,80.6,15.4));
#2026 = DIRECTION('',(0.,0.,1.));
#2027 = DIRECTION('',(1.,0.,-0.));
#2028 = ADVANCED_FACE('',(#2029),#2047,.T.);
#2029 = FACE_BOUND('',#2030,.T.);
#2030 = EDGE_LOOP('',(#2031,#2032,#2040,#2046));
#2031 = ORIENTED_EDGE('',*,*,#1968,.F.);
#2032 = ORIENTED_EDGE('',*,*,#2033,.T.);
#2033 = EDGE_CURVE('',#1969,#2034,#2036,.T.);
#2034 = VERTEX_POINT('',#2035);
#2035 = CARTESIAN_POINT('',(93.15,81.,12.1));
#2036 = LINE('',#2037,#2038);
#2037 = CARTESIAN_POINT('',(93.15,81.,9.95));
#2038 = VECTOR('',#2039,1.);
#2039 = DIRECTION('',(-0.,0.,-1.));
#2040 = ORIENTED_EDGE('',*,*,#2041,.T.);
#2041 = EDGE_CURVE('',#2034,#449,#2042,.T.);
#2042 = LINE('',#2043,#2044);
#2043 = CARTESIAN_POINT('',(93.15,41.7,12.1));
#2044 = VECTOR('',#2045,1.);
#2045 = DIRECTION('',(-0.,1.,0.));
#2046 = ORIENTED_EDGE('',*,*,#448,.F.);
#2047 = PLANE('',#2048);
#2048 = AXIS2_PLACEMENT_3D('',#2049,#2050,#2051);
#2049 = CARTESIAN_POINT('',(93.15,80.6,8.8));
#2050 = DIRECTION('',(1.,0.,-0.));
#2051 = DIRECTION('',(0.,0.,1.));
#2052 = ADVANCED_FACE('',(#2053),#2071,.F.);
#2053 = FACE_BOUND('',#2054,.F.);
#2054 = EDGE_LOOP('',(#2055,#2056,#2064,#2070));
#2055 = ORIENTED_EDGE('',*,*,#2017,.F.);
#2056 = ORIENTED_EDGE('',*,*,#2057,.T.);
#2057 = EDGE_CURVE('',#2010,#2058,#2060,.T.);
#2058 = VERTEX_POINT('',#2059);
#2059 = CARTESIAN_POINT('',(24.7,81.,12.1));
#2060 = LINE('',#2061,#2062);
#2061 = CARTESIAN_POINT('',(24.7,81.,9.95));
#2062 = VECTOR('',#2063,1.);
#2063 = DIRECTION('',(-0.,0.,-1.));
#2064 = ORIENTED_EDGE('',*,*,#2065,.T.);
#2065 = EDGE_CURVE('',#2058,#649,#2066,.T.);
#2066 = LINE('',#2067,#2068);
#2067 = CARTESIAN_POINT('',(24.7,41.7,12.1));
#2068 = VECTOR('',#2069,1.);
#2069 = DIRECTION('',(-0.,1.,0.));
#2070 = ORIENTED_EDGE('',*,*,#656,.F.);
#2071 = PLANE('',#2072);
#2072 = AXIS2_PLACEMENT_3D('',#2073,#2074,#2075);
#2073 = CARTESIAN_POINT('',(24.7,80.6,8.8));
#2074 = DIRECTION('',(1.,0.,-0.));
#2075 = DIRECTION('',(0.,0.,1.));
#2076 = ADVANCED_FACE('',(#2077),#2095,.F.);
#2077 = FACE_BOUND('',#2078,.F.);
#2078 = EDGE_LOOP('',(#2079,#2087,#2088,#2089));
#2079 = ORIENTED_EDGE('',*,*,#2080,.F.);
#2080 = EDGE_CURVE('',#2034,#2081,#2083,.T.);
#2081 = VERTEX_POINT('',#2082);
#2082 = CARTESIAN_POINT('',(90.7,81.,12.1));
#2083 = LINE('',#2084,#2085);
#2084 = CARTESIAN_POINT('',(3.8,81.,12.1));
#2085 = VECTOR('',#2086,1.);
#2086 = DIRECTION('',(-1.,-0.,0.));
#2087 = ORIENTED_EDGE('',*,*,#2041,.T.);
#2088 = ORIENTED_EDGE('',*,*,#456,.F.);
#2089 = ORIENTED_EDGE('',*,*,#2090,.F.);
#2090 = EDGE_CURVE('',#2081,#457,#2091,.T.);
#2091 = LINE('',#2092,#2093);
#2092 = CARTESIAN_POINT('',(90.7,41.7,12.1));
#2093 = VECTOR('',#2094,1.);
#2094 = DIRECTION('',(-0.,1.,0.));
#2095 = PLANE('',#2096);
#2096 = AXIS2_PLACEMENT_3D('',#2097,#2098,#2099);
#2097 = CARTESIAN_POINT('',(2.8,2.8,12.1));
#2098 = DIRECTION('',(0.,0.,1.));
#2099 = DIRECTION('',(1.,0.,-0.));
#2100 = ADVANCED_FACE('',(#2101),#2119,.F.);
#2101 = FACE_BOUND('',#2102,.F.);
#2102 = EDGE_LOOP('',(#2103,#2111,#2117,#2118));
#2103 = ORIENTED_EDGE('',*,*,#2104,.F.);
#2104 = EDGE_CURVE('',#2105,#2058,#2107,.T.);
#2105 = VERTEX_POINT('',#2106);
#2106 = CARTESIAN_POINT('',(24.9,81.,12.1));
#2107 = LINE('',#2108,#2109);
#2108 = CARTESIAN_POINT('',(3.8,81.,12.1));
#2109 = VECTOR('',#2110,1.);
#2110 = DIRECTION('',(-1.,-0.,0.));
#2111 = ORIENTED_EDGE('',*,*,#2112,.T.);
#2112 = EDGE_CURVE('',#2105,#641,#2113,.T.);
#2113 = LINE('',#2114,#2115);
#2114 = CARTESIAN_POINT('',(24.9,41.7,12.1));
#2115 = VECTOR('',#2116,1.);
#2116 = DIRECTION('',(-0.,1.,0.));
#2117 = ORIENTED_EDGE('',*,*,#648,.F.);
#2118 = ORIENTED_EDGE('',*,*,#2065,.F.);
#2119 = PLANE('',#2120);
#2120 = AXIS2_PLACEMENT_3D('',#2121,#2122,#2123);
#2121 = CARTESIAN_POINT('',(2.8,2.8,12.1));
#2122 = DIRECTION('',(0.,0.,1.));
#2123 = DIRECTION('',(1.,0.,-0.));
#2124 = ADVANCED_FACE('',(#2125),#2143,.F.);
#2125 = FACE_BOUND('',#2126,.F.);
#2126 = EDGE_LOOP('',(#2127,#2135,#2141,#2142));
#2127 = ORIENTED_EDGE('',*,*,#2128,.F.);
#2128 = EDGE_CURVE('',#2129,#465,#2131,.T.);
#2129 = VERTEX_POINT('',#2130);
#2130 = CARTESIAN_POINT('',(90.7,81.,15.4));
#2131 = LINE('',#2132,#2133);
#2132 = CARTESIAN_POINT('',(90.7,80.6,15.4));
#2133 = VECTOR('',#2134,1.);
#2134 = DIRECTION('',(-0.,1.,0.));
#2135 = ORIENTED_EDGE('',*,*,#2136,.T.);
#2136 = EDGE_CURVE('',#2129,#2081,#2137,.T.);
#2137 = LINE('',#2138,#2139);
#2138 = CARTESIAN_POINT('',(90.7,81.,9.95));
#2139 = VECTOR('',#2140,1.);
#2140 = DIRECTION('',(-0.,0.,-1.));
#2141 = ORIENTED_EDGE('',*,*,#2090,.T.);
#2142 = ORIENTED_EDGE('',*,*,#464,.F.);
#2143 = PLANE('',#2144);
#2144 = AXIS2_PLACEMENT_3D('',#2145,#2146,#2147);
#2145 = CARTESIAN_POINT('',(90.7,80.6,8.8));
#2146 = DIRECTION('',(1.,0.,-0.));
#2147 = DIRECTION('',(0.,0.,1.));
#2148 = ADVANCED_FACE('',(#2149),#2167,.T.);
#2149 = FACE_BOUND('',#2150,.T.);
#2150 = EDGE_LOOP('',(#2151,#2159,#2165,#2166));
#2151 = ORIENTED_EDGE('',*,*,#2152,.F.);
#2152 = EDGE_CURVE('',#2153,#633,#2155,.T.);
#2153 = VERTEX_POINT('',#2154);
#2154 = CARTESIAN_POINT('',(24.9,81.,15.4));
#2155 = LINE('',#2156,#2157);
#2156 = CARTESIAN_POINT('',(24.9,80.6,15.4));
#2157 = VECTOR('',#2158,1.);
#2158 = DIRECTION('',(-0.,1.,0.));
#2159 = ORIENTED_EDGE('',*,*,#2160,.T.);
#2160 = EDGE_CURVE('',#2153,#2105,#2161,.T.);
#2161 = LINE('',#2162,#2163);
#2162 = CARTESIAN_POINT('',(24.9,81.,9.95));
#2163 = VECTOR('',#2164,1.);
#2164 = DIRECTION('',(-0.,0.,-1.));
#2165 = ORIENTED_EDGE('',*,*,#2112,.T.);
#2166 = ORIENTED_EDGE('',*,*,#640,.F.);
#2167 = PLANE('',#2168);
#2168 = AXIS2_PLACEMENT_3D('',#2169,#2170,#2171);
#2169 = CARTESIAN_POINT('',(24.9,80.6,8.8));
#2170 = DIRECTION('',(1.,0.,-0.));
#2171 = DIRECTION('',(0.,0.,1.));
#2172 = ADVANCED_FACE('',(#2173),#2191,.F.);
#2173 = FACE_BOUND('',#2174,.F.);
#2174 = EDGE_LOOP('',(#2175,#2183,#2189,#2190));
#2175 = ORIENTED_EDGE('',*,*,#2176,.F.);
#2176 = EDGE_CURVE('',#2177,#473,#2179,.T.);
#2177 = VERTEX_POINT('',#2178);
#2178 = CARTESIAN_POINT('',(79.9,81.,15.4));
#2179 = LINE('',#2180,#2181);
#2180 = CARTESIAN_POINT('',(79.9,80.6,15.4));
#2181 = VECTOR('',#2182,1.);
#2182 = DIRECTION('',(-0.,1.,0.));
#2183 = ORIENTED_EDGE('',*,*,#2184,.T.);
#2184 = EDGE_CURVE('',#2177,#2129,#2185,.T.);
#2185 = LINE('',#2186,#2187);
#2186 = CARTESIAN_POINT('',(42.35,81.,15.4));
#2187 = VECTOR('',#2188,1.);
#2188 = DIRECTION('',(1.,0.,-0.));
#2189 = ORIENTED_EDGE('',*,*,#2128,.T.);
#2190 = ORIENTED_EDGE('',*,*,#472,.F.);
#2191 = PLANE('',#2192);
#2192 = AXIS2_PLACEMENT_3D('',#2193,#2194,#2195);
#2193 = CARTESIAN_POINT('',(79.9,80.6,15.4));
#2194 = DIRECTION('',(0.,0.,1.));
#2195 = DIRECTION('',(1.,0.,-0.));
#2196 = ADVANCED_FACE('',(#2197),#2215,.F.);
#2197 = FACE_BOUND('',#2198,.F.);
#2198 = EDGE_LOOP('',(#2199,#2200,#2208,#2214));
#2199 = ORIENTED_EDGE('',*,*,#2152,.F.);
#2200 = ORIENTED_EDGE('',*,*,#2201,.T.);
#2201 = EDGE_CURVE('',#2153,#2202,#2204,.T.);
#2202 = VERTEX_POINT('',#2203);
#2203 = CARTESIAN_POINT('',(35.7,81.,15.4));
#2204 = LINE('',#2205,#2206);
#2205 = CARTESIAN_POINT('',(14.85,81.,15.4));
#2206 = VECTOR('',#2207,1.);
#2207 = DIRECTION('',(1.,0.,-0.));
#2208 = ORIENTED_EDGE('',*,*,#2209,.T.);
#2209 = EDGE_CURVE('',#2202,#625,#2210,.T.);
#2210 = LINE('',#2211,#2212);
#2211 = CARTESIAN_POINT('',(35.7,80.6,15.4));
#2212 = VECTOR('',#2213,1.);
#2213 = DIRECTION('',(-0.,1.,0.));
#2214 = ORIENTED_EDGE('',*,*,#632,.F.);
#2215 = PLANE('',#2216);
#2216 = AXIS2_PLACEMENT_3D('',#2217,#2218,#2219);
#2217 = CARTESIAN_POINT('',(24.9,80.6,15.4));
#2218 = DIRECTION('',(0.,0.,1.));
#2219 = DIRECTION('',(1.,0.,-0.));
#2220 = ADVANCED_FACE('',(#2221),#2239,.T.);
#2221 = FACE_BOUND('',#2222,.T.);
#2222 = EDGE_LOOP('',(#2223,#2224,#2232,#2238));
#2223 = ORIENTED_EDGE('',*,*,#2176,.F.);
#2224 = ORIENTED_EDGE('',*,*,#2225,.T.);
#2225 = EDGE_CURVE('',#2177,#2226,#2228,.T.);
#2226 = VERTEX_POINT('',#2227);
#2227 = CARTESIAN_POINT('',(79.9,81.,12.1));
#2228 = LINE('',#2229,#2230);
#2229 = CARTESIAN_POINT('',(79.9,81.,9.95));
#2230 = VECTOR('',#2231,1.);
#2231 = DIRECTION('',(-0.,0.,-1.));
#2232 = ORIENTED_EDGE('',*,*,#2233,.T.);
#2233 = EDGE_CURVE('',#2226,#481,#2234,.T.);
#2234 = LINE('',#2235,#2236);
#2235 = CARTESIAN_POINT('',(79.9,41.7,12.1));
#2236 = VECTOR('',#2237,1.);
#2237 = DIRECTION('',(-0.,1.,0.));
#2238 = ORIENTED_EDGE('',*,*,#480,.F.);
#2239 = PLANE('',#2240);
#2240 = AXIS2_PLACEMENT_3D('',#2241,#2242,#2243);
#2241 = CARTESIAN_POINT('',(79.9,80.6,8.8));
#2242 = DIRECTION('',(1.,0.,-0.));
#2243 = DIRECTION('',(0.,0.,1.));
#2244 = ADVANCED_FACE('',(#2245),#2263,.F.);
#2245 = FACE_BOUND('',#2246,.F.);
#2246 = EDGE_LOOP('',(#2247,#2248,#2256,#2262));
#2247 = ORIENTED_EDGE('',*,*,#2209,.F.);
#2248 = ORIENTED_EDGE('',*,*,#2249,.T.);
#2249 = EDGE_CURVE('',#2202,#2250,#2252,.T.);
#2250 = VERTEX_POINT('',#2251);
#2251 = CARTESIAN_POINT('',(35.7,81.,12.1));
#2252 = LINE('',#2253,#2254);
#2253 = CARTESIAN_POINT('',(35.7,81.,9.95));
#2254 = VECTOR('',#2255,1.);
#2255 = DIRECTION('',(-0.,0.,-1.));
#2256 = ORIENTED_EDGE('',*,*,#2257,.T.);
#2257 = EDGE_CURVE('',#2250,#617,#2258,.T.);
#2258 = LINE('',#2259,#2260);
#2259 = CARTESIAN_POINT('',(35.7,41.7,12.1));
#2260 = VECTOR('',#2261,1.);
#2261 = DIRECTION('',(-0.,1.,0.));
#2262 = ORIENTED_EDGE('',*,*,#624,.F.);
#2263 = PLANE('',#2264);
#2264 = AXIS2_PLACEMENT_3D('',#2265,#2266,#2267);
#2265 = CARTESIAN_POINT('',(35.7,80.6,8.8));
#2266 = DIRECTION('',(1.,0.,-0.));
#2267 = DIRECTION('',(0.,0.,1.));
#2268 = ADVANCED_FACE('',(#2269),#2287,.F.);
#2269 = FACE_BOUND('',#2270,.F.);
#2270 = EDGE_LOOP('',(#2271,#2279,#2280,#2281));
#2271 = ORIENTED_EDGE('',*,*,#2272,.F.);
#2272 = EDGE_CURVE('',#2226,#2273,#2275,.T.);
#2273 = VERTEX_POINT('',#2274);
#2274 = CARTESIAN_POINT('',(79.7,81.,12.1));
#2275 = LINE('',#2276,#2277);
#2276 = CARTESIAN_POINT('',(3.8,81.,12.1));
#2277 = VECTOR('',#2278,1.);
#2278 = DIRECTION('',(-1.,-0.,0.));
#2279 = ORIENTED_EDGE('',*,*,#2233,.T.);
#2280 = ORIENTED_EDGE('',*,*,#488,.F.);
#2281 = ORIENTED_EDGE('',*,*,#2282,.F.);
#2282 = EDGE_CURVE('',#2273,#489,#2283,.T.);
#2283 = LINE('',#2284,#2285);
#2284 = CARTESIAN_POINT('',(79.7,41.7,12.1));
#2285 = VECTOR('',#2286,1.);
#2286 = DIRECTION('',(-0.,1.,0.));
#2287 = PLANE('',#2288);
#2288 = AXIS2_PLACEMENT_3D('',#2289,#2290,#2291);
#2289 = CARTESIAN_POINT('',(2.8,2.8,12.1));
#2290 = DIRECTION('',(0.,0.,1.));
#2291 = DIRECTION('',(1.,0.,-0.));
#2292 = ADVANCED_FACE('',(#2293),#2311,.F.);
#2293 = FACE_BOUND('',#2294,.F.);
#2294 = EDGE_LOOP('',(#2295,#2303,#2309,#2310));
#2295 = ORIENTED_EDGE('',*,*,#2296,.F.);
#2296 = EDGE_CURVE('',#2297,#2250,#2299,.T.);
#2297 = VERTEX_POINT('',#2298);
#2298 = CARTESIAN_POINT('',(35.9,81.,12.1));
#2299 = LINE('',#2300,#2301);
#2300 = CARTESIAN_POINT('',(3.8,81.,12.1));
#2301 = VECTOR('',#2302,1.);
#2302 = DIRECTION('',(-1.,-0.,0.));
#2303 = ORIENTED_EDGE('',*,*,#2304,.T.);
#2304 = EDGE_CURVE('',#2297,#609,#2305,.T.);
#2305 = LINE('',#2306,#2307);
#2306 = CARTESIAN_POINT('',(35.9,41.7,12.1));
#2307 = VECTOR('',#2308,1.);
#2308 = DIRECTION('',(-0.,1.,0.));
#2309 = ORIENTED_EDGE('',*,*,#616,.F.);
#2310 = ORIENTED_EDGE('',*,*,#2257,.F.);
#2311 = PLANE('',#2312);
#2312 = AXIS2_PLACEMENT_3D('',#2313,#2314,#2315);
#2313 = CARTESIAN_POINT('',(2.8,2.8,12.1));
#2314 = DIRECTION('',(0.,0.,1.));
#2315 = DIRECTION('',(1.,0.,-0.));
#2316 = ADVANCED_FACE('',(#2317),#2335,.F.);
#2317 = FACE_BOUND('',#2318,.F.);
#2318 = EDGE_LOOP('',(#2319,#2327,#2333,#2334));
#2319 = ORIENTED_EDGE('',*,*,#2320,.F.);
#2320 = EDGE_CURVE('',#2321,#497,#2323,.T.);
#2321 = VERTEX_POINT('',#2322);
#2322 = CARTESIAN_POINT('',(79.7,81.,15.4));
#2323 = LINE('',#2324,#2325);
#2324 = CARTESIAN_POINT('',(79.7,80.6,15.4));
#2325 = VECTOR('',#2326,1.);
#2326 = DIRECTION('',(-0.,1.,0.));
#2327 = ORIENTED_EDGE('',*,*,#2328,.T.);
#2328 = EDGE_CURVE('',#2321,#2273,#2329,.T.);
#2329 = LINE('',#2330,#2331);
#2330 = CARTESIAN_POINT('',(79.7,81.,9.95));
#2331 = VECTOR('',#2332,1.);
#2332 = DIRECTION('',(-0.,0.,-1.));
#2333 = ORIENTED_EDGE('',*,*,#2282,.T.);
#2334 = ORIENTED_EDGE('',*,*,#496,.F.);
#2335 = PLANE('',#2336);
#2336 = AXIS2_PLACEMENT_3D('',#2337,#2338,#2339);
#2337 = CARTESIAN_POINT('',(79.7,80.6,8.8));
#2338 = DIRECTION('',(1.,0.,-0.));
#2339 = DIRECTION('',(0.,0.,1.));
#2340 = ADVANCED_FACE('',(#2341),#2359,.T.);
#2341 = FACE_BOUND('',#2342,.T.);
#2342 = EDGE_LOOP('',(#2343,#2351,#2357,#2358));
#2343 = ORIENTED_EDGE('',*,*,#2344,.F.);
#2344 = EDGE_CURVE('',#2345,#601,#2347,.T.);
#2345 = VERTEX_POINT('',#2346);
#2346 = CARTESIAN_POINT('',(35.9,81.,15.4));
#2347 = LINE('',#2348,#2349);
#2348 = CARTESIAN_POINT('',(35.9,80.6,15.4));
#2349 = VECTOR('',#2350,1.);
#2350 = DIRECTION('',(-0.,1.,0.));
#2351 = ORIENTED_EDGE('',*,*,#2352,.T.);
#2352 = EDGE_CURVE('',#2345,#2297,#2353,.T.);
#2353 = LINE('',#2354,#2355);
#2354 = CARTESIAN_POINT('',(35.9,81.,9.95));
#2355 = VECTOR('',#2356,1.);
#2356 = DIRECTION('',(-0.,0.,-1.));
#2357 = ORIENTED_EDGE('',*,*,#2304,.T.);
#2358 = ORIENTED_EDGE('',*,*,#608,.F.);
#2359 = PLANE('',#2360);
#2360 = AXIS2_PLACEMENT_3D('',#2361,#2362,#2363);
#2361 = CARTESIAN_POINT('',(35.9,80.6,8.8));
#2362 = DIRECTION('',(1.,0.,-0.));
#2363 = DIRECTION('',(0.,0.,1.));
#2364 = ADVANCED_FACE('',(#2365),#2383,.F.);
#2365 = FACE_BOUND('',#2366,.F.);
#2366 = EDGE_LOOP('',(#2367,#2375,#2381,#2382));
#2367 = ORIENTED_EDGE('',*,*,#2368,.F.);
#2368 = EDGE_CURVE('',#2369,#505,#2371,.T.);
#2369 = VERTEX_POINT('',#2370);
#2370 = CARTESIAN_POINT('',(68.9,81.,15.4));
#2371 = LINE('',#2372,#2373);
#2372 = CARTESIAN_POINT('',(68.9,80.6,15.4));
#2373 = VECTOR('',#2374,1.);
#2374 = DIRECTION('',(-0.,1.,0.));
#2375 = ORIENTED_EDGE('',*,*,#2376,.T.);
#2376 = EDGE_CURVE('',#2369,#2321,#2377,.T.);
#2377 = LINE('',#2378,#2379);
#2378 = CARTESIAN_POINT('',(36.85,81.,15.4));
#2379 = VECTOR('',#2380,1.);
#2380 = DIRECTION('',(1.,0.,-0.));
#2381 = ORIENTED_EDGE('',*,*,#2320,.T.);
#2382 = ORIENTED_EDGE('',*,*,#504,.F.);
#2383 = PLANE('',#2384);
#2384 = AXIS2_PLACEMENT_3D('',#2385,#2386,#2387);
#2385 = CARTESIAN_POINT('',(68.9,80.6,15.4));
#2386 = DIRECTION('',(0.,0.,1.));
#2387 = DIRECTION('',(1.,0.,-0.));
#2388 = ADVANCED_FACE('',(#2389),#2407,.F.);
#2389 = FACE_BOUND('',#2390,.F.);
#2390 = EDGE_LOOP('',(#2391,#2392,#2400,#2406));
#2391 = ORIENTED_EDGE('',*,*,#2344,.F.);
#2392 = ORIENTED_EDGE('',*,*,#2393,.T.);
#2393 = EDGE_CURVE('',#2345,#2394,#2396,.T.);
#2394 = VERTEX_POINT('',#2395);
#2395 = CARTESIAN_POINT('',(46.7,81.,15.4));
#2396 = LINE('',#2397,#2398);
#2397 = CARTESIAN_POINT('',(20.35,81.,15.4));
#2398 = VECTOR('',#2399,1.);
#2399 = DIRECTION('',(1.,0.,-0.));
#2400 = ORIENTED_EDGE('',*,*,#2401,.T.);
#2401 = EDGE_CURVE('',#2394,#593,#2402,.T.);
#2402 = LINE('',#2403,#2404);
#2403 = CARTESIAN_POINT('',(46.7,80.6,15.4));
#2404 = VECTOR('',#2405,1.);
#2405 = DIRECTION('',(-0.,1.,0.));
#2406 = ORIENTED_EDGE('',*,*,#600,.F.);
#2407 = PLANE('',#2408);
#2408 = AXIS2_PLACEMENT_3D('',#2409,#2410,#2411);
#2409 = CARTESIAN_POINT('',(35.9,80.6,15.4));
#2410 = DIRECTION('',(0.,0.,1.));
#2411 = DIRECTION('',(1.,0.,-0.));
#2412 = ADVANCED_FACE('',(#2413),#2431,.T.);
#2413 = FACE_BOUND('',#2414,.T.);
#2414 = EDGE_LOOP('',(#2415,#2416,#2424,#2430));
#2415 = ORIENTED_EDGE('',*,*,#2368,.F.);
#2416 = ORIENTED_EDGE('',*,*,#2417,.T.);
#2417 = EDGE_CURVE('',#2369,#2418,#2420,.T.);
#2418 = VERTEX_POINT('',#2419);
#2419 = CARTESIAN_POINT('',(68.9,81.,12.1));
#2420 = LINE('',#2421,#2422);
#2421 = CARTESIAN_POINT('',(68.9,81.,9.95));
#2422 = VECTOR('',#2423,1.);
#2423 = DIRECTION('',(-0.,0.,-1.));
#2424 = ORIENTED_EDGE('',*,*,#2425,.T.);
#2425 = EDGE_CURVE('',#2418,#513,#2426,.T.);
#2426 = LINE('',#2427,#2428);
#2427 = CARTESIAN_POINT('',(68.9,41.7,12.1));
#2428 = VECTOR('',#2429,1.);
#2429 = DIRECTION('',(-0.,1.,0.));
#2430 = ORIENTED_EDGE('',*,*,#512,.F.);
#2431 = PLANE('',#2432);
#2432 = AXIS2_PLACEMENT_3D('',#2433,#2434,#2435);
#2433 = CARTESIAN_POINT('',(68.9,80.6,8.8));
#2434 = DIRECTION('',(1.,0.,-0.));
#2435 = DIRECTION('',(0.,0.,1.));
#2436 = ADVANCED_FACE('',(#2437),#2455,.F.);
#2437 = FACE_BOUND('',#2438,.F.);
#2438 = EDGE_LOOP('',(#2439,#2440,#2448,#2454));
#2439 = ORIENTED_EDGE('',*,*,#2401,.F.);
#2440 = ORIENTED_EDGE('',*,*,#2441,.T.);
#2441 = EDGE_CURVE('',#2394,#2442,#2444,.T.);
#2442 = VERTEX_POINT('',#2443);
#2443 = CARTESIAN_POINT('',(46.7,81.,12.1));
#2444 = LINE('',#2445,#2446);
#2445 = CARTESIAN_POINT('',(46.7,81.,9.95));
#2446 = VECTOR('',#2447,1.);
#2447 = DIRECTION('',(-0.,0.,-1.));
#2448 = ORIENTED_EDGE('',*,*,#2449,.T.);
#2449 = EDGE_CURVE('',#2442,#585,#2450,.T.);
#2450 = LINE('',#2451,#2452);
#2451 = CARTESIAN_POINT('',(46.7,41.7,12.1));
#2452 = VECTOR('',#2453,1.);
#2453 = DIRECTION('',(-0.,1.,0.));
#2454 = ORIENTED_EDGE('',*,*,#592,.F.);
#2455 = PLANE('',#2456);
#2456 = AXIS2_PLACEMENT_3D('',#2457,#2458,#2459);
#2457 = CARTESIAN_POINT('',(46.7,80.6,8.8));
#2458 = DIRECTION('',(1.,0.,-0.));
#2459 = DIRECTION('',(0.,0.,1.));
#2460 = ADVANCED_FACE('',(#2461),#2479,.F.);
#2461 = FACE_BOUND('',#2462,.F.);
#2462 = EDGE_LOOP('',(#2463,#2471,#2472,#2473));
#2463 = ORIENTED_EDGE('',*,*,#2464,.F.);
#2464 = EDGE_CURVE('',#2418,#2465,#2467,.T.);
#2465 = VERTEX_POINT('',#2466);
#2466 = CARTESIAN_POINT('',(68.7,81.,12.1));
#2467 = LINE('',#2468,#2469);
#2468 = CARTESIAN_POINT('',(3.8,81.,12.1));
#2469 = VECTOR('',#2470,1.);
#2470 = DIRECTION('',(-1.,-0.,0.));
#2471 = ORIENTED_EDGE('',*,*,#2425,.T.);
#2472 = ORIENTED_EDGE('',*,*,#520,.F.);
#2473 = ORIENTED_EDGE('',*,*,#2474,.F.);
#2474 = EDGE_CURVE('',#2465,#521,#2475,.T.);
#2475 = LINE('',#2476,#2477);
#2476 = CARTESIAN_POINT('',(68.7,41.7,12.1));
#2477 = VECTOR('',#2478,1.);
#2478 = DIRECTION('',(-0.,1.,0.));
#2479 = PLANE('',#2480);
#2480 = AXIS2_PLACEMENT_3D('',#2481,#2482,#2483);
#2481 = CARTESIAN_POINT('',(2.8,2.8,12.1));
#2482 = DIRECTION('',(0.,0.,1.));
#2483 = DIRECTION('',(1.,0.,-0.));
#2484 = ADVANCED_FACE('',(#2485),#2503,.F.);
#2485 = FACE_BOUND('',#2486,.F.);
#2486 = EDGE_LOOP('',(#2487,#2495,#2501,#2502));
#2487 = ORIENTED_EDGE('',*,*,#2488,.F.);
#2488 = EDGE_CURVE('',#2489,#2442,#2491,.T.);
#2489 = VERTEX_POINT('',#2490);
#2490 = CARTESIAN_POINT('',(46.9,81.,12.1));
#2491 = LINE('',#2492,#2493);
#2492 = CARTESIAN_POINT('',(3.8,81.,12.1));
#2493 = VECTOR('',#2494,1.);
#2494 = DIRECTION('',(-1.,-0.,0.));
#2495 = ORIENTED_EDGE('',*,*,#2496,.T.);
#2496 = EDGE_CURVE('',#2489,#577,#2497,.T.);
#2497 = LINE('',#2498,#2499);
#2498 = CARTESIAN_POINT('',(46.9,41.7,12.1));
#2499 = VECTOR('',#2500,1.);
#2500 = DIRECTION('',(-0.,1.,0.));
#2501 = ORIENTED_EDGE('',*,*,#584,.F.);
#2502 = ORIENTED_EDGE('',*,*,#2449,.F.);
#2503 = PLANE('',#2504);
#2504 = AXIS2_PLACEMENT_3D('',#2505,#2506,#2507);
#2505 = CARTESIAN_POINT('',(2.8,2.8,12.1));
#2506 = DIRECTION('',(0.,0.,1.));
#2507 = DIRECTION('',(1.,0.,-0.));
#2508 = ADVANCED_FACE('',(#2509),#2527,.F.);
#2509 = FACE_BOUND('',#2510,.F.);
#2510 = EDGE_LOOP('',(#2511,#2519,#2525,#2526));
#2511 = ORIENTED_EDGE('',*,*,#2512,.F.);
#2512 = EDGE_CURVE('',#2513,#529,#2515,.T.);
#2513 = VERTEX_POINT('',#2514);
#2514 = CARTESIAN_POINT('',(68.7,81.,15.4));
#2515 = LINE('',#2516,#2517);
#2516 = CARTESIAN_POINT('',(68.7,80.6,15.4));
#2517 = VECTOR('',#2518,1.);
#2518 = DIRECTION('',(-0.,1.,0.));
#2519 = ORIENTED_EDGE('',*,*,#2520,.T.);
#2520 = EDGE_CURVE('',#2513,#2465,#2521,.T.);
#2521 = LINE('',#2522,#2523);
#2522 = CARTESIAN_POINT('',(68.7,81.,9.95));
#2523 = VECTOR('',#2524,1.);
#2524 = DIRECTION('',(-0.,0.,-1.));
#2525 = ORIENTED_EDGE('',*,*,#2474,.T.);
#2526 = ORIENTED_EDGE('',*,*,#528,.F.);
#2527 = PLANE('',#2528);
#2528 = AXIS2_PLACEMENT_3D('',#2529,#2530,#2531);
#2529 = CARTESIAN_POINT('',(68.7,80.6,8.8));
#2530 = DIRECTION('',(1.,0.,-0.));
#2531 = DIRECTION('',(0.,0.,1.));
#2532 = ADVANCED_FACE('',(#2533),#2551,.T.);
#2533 = FACE_BOUND('',#2534,.T.);
#2534 = EDGE_LOOP('',(#2535,#2543,#2549,#2550));
#2535 = ORIENTED_EDGE('',*,*,#2536,.F.);
#2536 = EDGE_CURVE('',#2537,#569,#2539,.T.);
#2537 = VERTEX_POINT('',#2538);
#2538 = CARTESIAN_POINT('',(46.9,81.,15.4));
#2539 = LINE('',#2540,#2541);
#2540 = CARTESIAN_POINT('',(46.9,80.6,15.4));
#2541 = VECTOR('',#2542,1.);
#2542 = DIRECTION('',(-0.,1.,0.));
#2543 = ORIENTED_EDGE('',*,*,#2544,.T.);
#2544 = EDGE_CURVE('',#2537,#2489,#2545,.T.);
#2545 = LINE('',#2546,#2547);
#2546 = CARTESIAN_POINT('',(46.9,81.,9.95));
#2547 = VECTOR('',#2548,1.);
#2548 = DIRECTION('',(-0.,0.,-1.));
#2549 = ORIENTED_EDGE('',*,*,#2496,.T.);
#2550 = ORIENTED_EDGE('',*,*,#576,.F.);
#2551 = PLANE('',#2552);
#2552 = AXIS2_PLACEMENT_3D('',#2553,#2554,#2555);
#2553 = CARTESIAN_POINT('',(46.9,80.6,8.8));
#2554 = DIRECTION('',(1.,0.,-0.));
#2555 = DIRECTION('',(0.,0.,1.));
#2556 = ADVANCED_FACE('',(#2557),#2575,.F.);
#2557 = FACE_BOUND('',#2558,.F.);
#2558 = EDGE_LOOP('',(#2559,#2567,#2573,#2574));
#2559 = ORIENTED_EDGE('',*,*,#2560,.F.);
#2560 = EDGE_CURVE('',#2561,#537,#2563,.T.);
#2561 = VERTEX_POINT('',#2562);
#2562 = CARTESIAN_POINT('',(57.9,81.,15.4));
#2563 = LINE('',#2564,#2565);
#2564 = CARTESIAN_POINT('',(57.9,80.6,15.4));
#2565 = VECTOR('',#2566,1.);
#2566 = DIRECTION('',(-0.,1.,0.));
#2567 = ORIENTED_EDGE('',*,*,#2568,.T.);
#2568 = EDGE_CURVE('',#2561,#2513,#2569,.T.);
#2569 = LINE('',#2570,#2571);
#2570 = CARTESIAN_POINT('',(31.35,81.,15.4));
#2571 = VECTOR('',#2572,1.);
#2572 = DIRECTION('',(1.,0.,-0.));
#2573 = ORIENTED_EDGE('',*,*,#2512,.T.);
#2574 = ORIENTED_EDGE('',*,*,#536,.F.);
#2575 = PLANE('',#2576);
#2576 = AXIS2_PLACEMENT_3D('',#2577,#2578,#2579);
#2577 = CARTESIAN_POINT('',(57.9,80.6,15.4));
#2578 = DIRECTION('',(0.,0.,1.));
#2579 = DIRECTION('',(1.,0.,-0.));
#2580 = ADVANCED_FACE('',(#2581),#2599,.F.);
#2581 = FACE_BOUND('',#2582,.F.);
#2582 = EDGE_LOOP('',(#2583,#2584,#2592,#2598));
#2583 = ORIENTED_EDGE('',*,*,#2536,.F.);
#2584 = ORIENTED_EDGE('',*,*,#2585,.T.);
#2585 = EDGE_CURVE('',#2537,#2586,#2588,.T.);
#2586 = VERTEX_POINT('',#2587);
#2587 = CARTESIAN_POINT('',(57.7,81.,15.4));
#2588 = LINE('',#2589,#2590);
#2589 = CARTESIAN_POINT('',(25.85,81.,15.4));
#2590 = VECTOR('',#2591,1.);
#2591 = DIRECTION('',(1.,0.,-0.));
#2592 = ORIENTED_EDGE('',*,*,#2593,.T.);
#2593 = EDGE_CURVE('',#2586,#561,#2594,.T.);
#2594 = LINE('',#2595,#2596);
#2595 = CARTESIAN_POINT('',(57.7,80.6,15.4));
#2596 = VECTOR('',#2597,1.);
#2597 = DIRECTION('',(-0.,1.,0.));
#2598 = ORIENTED_EDGE('',*,*,#568,.F.);
#2599 = PLANE('',#2600);
#2600 = AXIS2_PLACEMENT_3D('',#2601,#2602,#2603);
#2601 = CARTESIAN_POINT('',(46.9,80.6,15.4));
#2602 = DIRECTION('',(0.,0.,1.));
#2603 = DIRECTION('',(1.,0.,-0.));
#2604 = ADVANCED_FACE('',(#2605),#2623,.T.);
#2605 = FACE_BOUND('',#2606,.T.);
#2606 = EDGE_LOOP('',(#2607,#2608,#2616,#2622));
#2607 = ORIENTED_EDGE('',*,*,#2560,.F.);
#2608 = ORIENTED_EDGE('',*,*,#2609,.T.);
#2609 = EDGE_CURVE('',#2561,#2610,#2612,.T.);
#2610 = VERTEX_POINT('',#2611);
#2611 = CARTESIAN_POINT('',(57.9,81.,12.1));
#2612 = LINE('',#2613,#2614);
#2613 = CARTESIAN_POINT('',(57.9,81.,9.95));
#2614 = VECTOR('',#2615,1.);
#2615 = DIRECTION('',(-0.,0.,-1.));
#2616 = ORIENTED_EDGE('',*,*,#2617,.T.);
#2617 = EDGE_CURVE('',#2610,#545,#2618,.T.);
#2618 = LINE('',#2619,#2620);
#2619 = CARTESIAN_POINT('',(57.9,41.7,12.1));
#2620 = VECTOR('',#2621,1.);
#2621 = DIRECTION('',(-0.,1.,0.));
#2622 = ORIENTED_EDGE('',*,*,#544,.F.);
#2623 = PLANE('',#2624);
#2624 = AXIS2_PLACEMENT_3D('',#2625,#2626,#2627);
#2625 = CARTESIAN_POINT('',(57.9,80.6,8.8));
#2626 = DIRECTION('',(1.,0.,-0.));
#2627 = DIRECTION('',(0.,0.,1.));
#2628 = ADVANCED_FACE('',(#2629),#2647,.F.);
#2629 = FACE_BOUND('',#2630,.F.);
#2630 = EDGE_LOOP('',(#2631,#2632,#2640,#2646));
#2631 = ORIENTED_EDGE('',*,*,#2593,.F.);
#2632 = ORIENTED_EDGE('',*,*,#2633,.T.);
#2633 = EDGE_CURVE('',#2586,#2634,#2636,.T.);
#2634 = VERTEX_POINT('',#2635);
#2635 = CARTESIAN_POINT('',(57.7,81.,12.1));
#2636 = LINE('',#2637,#2638);
#2637 = CARTESIAN_POINT('',(57.7,81.,9.95));
#2638 = VECTOR('',#2639,1.);
#2639 = DIRECTION('',(-0.,0.,-1.));
#2640 = ORIENTED_EDGE('',*,*,#2641,.T.);
#2641 = EDGE_CURVE('',#2634,#553,#2642,.T.);
#2642 = LINE('',#2643,#2644);
#2643 = CARTESIAN_POINT('',(57.7,41.7,12.1));
#2644 = VECTOR('',#2645,1.);
#2645 = DIRECTION('',(-0.,1.,0.));
#2646 = ORIENTED_EDGE('',*,*,#560,.F.);
#2647 = PLANE('',#2648);
#2648 = AXIS2_PLACEMENT_3D('',#2649,#2650,#2651);
#2649 = CARTESIAN_POINT('',(57.7,80.6,8.8));
#2650 = DIRECTION('',(1.,0.,-0.));
#2651 = DIRECTION('',(0.,0.,1.));
#2652 = ADVANCED_FACE('',(#2653),#2664,.F.);
#2653 = FACE_BOUND('',#2654,.F.);
#2654 = EDGE_LOOP('',(#2655,#2661,#2662,#2663));
#2655 = ORIENTED_EDGE('',*,*,#2656,.F.);
#2656 = EDGE_CURVE('',#2610,#2634,#2657,.T.);
#2657 = LINE('',#2658,#2659);
#2658 = CARTESIAN_POINT('',(3.8,81.,12.1));
#2659 = VECTOR('',#2660,1.);
#2660 = DIRECTION('',(-1.,-0.,0.));
#2661 = ORIENTED_EDGE('',*,*,#2617,.T.);
#2662 = ORIENTED_EDGE('',*,*,#552,.F.);
#2663 = ORIENTED_EDGE('',*,*,#2641,.F.);
#2664 = PLANE('',#2665);
#2665 = AXIS2_PLACEMENT_3D('',#2666,#2667,#2668);
#2666 = CARTESIAN_POINT('',(2.8,2.8,12.1));
#2667 = DIRECTION('',(0.,0.,1.));
#2668 = DIRECTION('',(1.,0.,-0.));
#2669 = ADVANCED_FACE('',(#2670),#2689,.F.);
#2670 = FACE_BOUND('',#2671,.F.);
#2671 = EDGE_LOOP('',(#2672,#2673,#2681,#2688));
#2672 = ORIENTED_EDGE('',*,*,#712,.F.);
#2673 = ORIENTED_EDGE('',*,*,#2674,.F.);
#2674 = EDGE_CURVE('',#2675,#713,#2677,.T.);
#2675 = VERTEX_POINT('',#2676);
#2676 = CARTESIAN_POINT('',(20.,81.,18.95));
#2677 = LINE('',#2678,#2679);
#2678 = CARTESIAN_POINT('',(20.,80.5,18.95));
#2679 = VECTOR('',#2680,1.);
#2680 = DIRECTION('',(0.,1.,0.));
#2681 = ORIENTED_EDGE('',*,*,#2682,.T.);
#2682 = EDGE_CURVE('',#2675,#2675,#2683,.T.);
#2683 = CIRCLE('',#2684,1.7);
#2684 = AXIS2_PLACEMENT_3D('',#2685,#2686,#2687);
#2685 = CARTESIAN_POINT('',(20.,81.,17.25));
#2686 = DIRECTION('',(0.,1.,0.));
#2687 = DIRECTION('',(0.,-0.,1.));
#2688 = ORIENTED_EDGE('',*,*,#2674,.T.);
#2689 = CYLINDRICAL_SURFACE('',#2690,1.7);
#2690 = AXIS2_PLACEMENT_3D('',#2691,#2692,#2693);
#2691 = CARTESIAN_POINT('',(20.,80.5,17.25));
#2692 = DIRECTION('',(0.,1.,0.));
#2693 = DIRECTION('',(0.,-0.,1.));
#2694 = ADVANCED_FACE('',(#2695),#2714,.F.);
#2695 = FACE_BOUND('',#2696,.F.);
#2696 = EDGE_LOOP('',(#2697,#2698,#2706,#2713));
#2697 = ORIENTED_EDGE('',*,*,#723,.F.);
#2698 = ORIENTED_EDGE('',*,*,#2699,.F.);
#2699 = EDGE_CURVE('',#2700,#724,#2702,.T.);
#2700 = VERTEX_POINT('',#2701);
#2701 = CARTESIAN_POINT('',(29.5,81.,18.95));
#2702 = LINE('',#2703,#2704);
#2703 = CARTESIAN_POINT('',(29.5,80.5,18.95));
#2704 = VECTOR('',#2705,1.);
#2705 = DIRECTION('',(0.,1.,0.));
#2706 = ORIENTED_EDGE('',*,*,#2707,.T.);
#2707 = EDGE_CURVE('',#2700,#2700,#2708,.T.);
#2708 = CIRCLE('',#2709,1.7);
#2709 = AXIS2_PLACEMENT_3D('',#2710,#2711,#2712);
#2710 = CARTESIAN_POINT('',(29.5,81.,17.25));
#2711 = DIRECTION('',(0.,1.,0.));
#2712 = DIRECTION('',(0.,-0.,1.));
#2713 = ORIENTED_EDGE('',*,*,#2699,.T.);
#2714 = CYLINDRICAL_SURFACE('',#2715,1.7);
#2715 = AXIS2_PLACEMENT_3D('',#2716,#2717,#2718);
#2716 = CARTESIAN_POINT('',(29.5,80.5,17.25));
#2717 = DIRECTION('',(0.,1.,0.));
#2718 = DIRECTION('',(0.,-0.,1.));
#2719 = ADVANCED_FACE('',(#2720),#2739,.F.);
#2720 = FACE_BOUND('',#2721,.F.);
#2721 = EDGE_LOOP('',(#2722,#2723,#2731,#2738));
#2722 = ORIENTED_EDGE('',*,*,#734,.F.);
#2723 = ORIENTED_EDGE('',*,*,#2724,.F.);
#2724 = EDGE_CURVE('',#2725,#735,#2727,.T.);
#2725 = VERTEX_POINT('',#2726);
#2726 = CARTESIAN_POINT('',(39.,81.,18.95));
#2727 = LINE('',#2728,#2729);
#2728 = CARTESIAN_POINT('',(39.,80.5,18.95));
#2729 = VECTOR('',#2730,1.);
#2730 = DIRECTION('',(0.,1.,0.));
#2731 = ORIENTED_EDGE('',*,*,#2732,.T.);
#2732 = EDGE_CURVE('',#2725,#2725,#2733,.T.);
#2733 = CIRCLE('',#2734,1.7);
#2734 = AXIS2_PLACEMENT_3D('',#2735,#2736,#2737);
#2735 = CARTESIAN_POINT('',(39.,81.,17.25));
#2736 = DIRECTION('',(0.,1.,0.));
#2737 = DIRECTION('',(0.,-0.,1.));
#2738 = ORIENTED_EDGE('',*,*,#2724,.T.);
#2739 = CYLINDRICAL_SURFACE('',#2740,1.7);
#2740 = AXIS2_PLACEMENT_3D('',#2741,#2742,#2743);
#2741 = CARTESIAN_POINT('',(39.,80.5,17.25));
#2742 = DIRECTION('',(0.,1.,0.));
#2743 = DIRECTION('',(0.,-0.,1.));
#2744 = ADVANCED_FACE('',(#2745),#2764,.F.);
#2745 = FACE_BOUND('',#2746,.F.);
#2746 = EDGE_LOOP('',(#2747,#2748,#2756,#2763));
#2747 = ORIENTED_EDGE('',*,*,#745,.F.);
#2748 = ORIENTED_EDGE('',*,*,#2749,.F.);
#2749 = EDGE_CURVE('',#2750,#746,#2752,.T.);
#2750 = VERTEX_POINT('',#2751);
#2751 = CARTESIAN_POINT('',(48.5,81.,18.95));
#2752 = LINE('',#2753,#2754);
#2753 = CARTESIAN_POINT('',(48.5,80.5,18.95));
#2754 = VECTOR('',#2755,1.);
#2755 = DIRECTION('',(0.,1.,0.));
#2756 = ORIENTED_EDGE('',*,*,#2757,.T.);
#2757 = EDGE_CURVE('',#2750,#2750,#2758,.T.);
#2758 = CIRCLE('',#2759,1.7);
#2759 = AXIS2_PLACEMENT_3D('',#2760,#2761,#2762);
#2760 = CARTESIAN_POINT('',(48.5,81.,17.25));
#2761 = DIRECTION('',(0.,1.,0.));
#2762 = DIRECTION('',(0.,-0.,1.));
#2763 = ORIENTED_EDGE('',*,*,#2749,.T.);
#2764 = CYLINDRICAL_SURFACE('',#2765,1.7);
#2765 = AXIS2_PLACEMENT_3D('',#2766,#2767,#2768);
#2766 = CARTESIAN_POINT('',(48.5,80.5,17.25));
#2767 = DIRECTION('',(0.,1.,0.));
#2768 = DIRECTION('',(0.,-0.,1.));
#2769 = ADVANCED_FACE('',(#2770),#2789,.F.);
#2770 = FACE_BOUND('',#2771,.F.);
#2771 = EDGE_LOOP('',(#2772,#2773,#2781,#2788));
#2772 = ORIENTED_EDGE('',*,*,#756,.F.);
#2773 = ORIENTED_EDGE('',*,*,#2774,.F.);
#2774 = EDGE_CURVE('',#2775,#757,#2777,.T.);
#2775 = VERTEX_POINT('',#2776);
#2776 = CARTESIAN_POINT('',(58.,81.,18.95));
#2777 = LINE('',#2778,#2779);
#2778 = CARTESIAN_POINT('',(58.,80.5,18.95));
#2779 = VECTOR('',#2780,1.);
#2780 = DIRECTION('',(0.,1.,0.));
#2781 = ORIENTED_EDGE('',*,*,#2782,.T.);
#2782 = EDGE_CURVE('',#2775,#2775,#2783,.T.);
#2783 = CIRCLE('',#2784,1.7);
#2784 = AXIS2_PLACEMENT_3D('',#2785,#2786,#2787);
#2785 = CARTESIAN_POINT('',(58.,81.,17.25));
#2786 = DIRECTION('',(0.,1.,0.));
#2787 = DIRECTION('',(0.,-0.,1.));
#2788 = ORIENTED_EDGE('',*,*,#2774,.T.);
#2789 = CYLINDRICAL_SURFACE('',#2790,1.7);
#2790 = AXIS2_PLACEMENT_3D('',#2791,#2792,#2793);
#2791 = CARTESIAN_POINT('',(58.,80.5,17.25));
#2792 = DIRECTION('',(0.,1.,0.));
#2793 = DIRECTION('',(0.,-0.,1.));
#2794 = ADVANCED_FACE('',(#2795),#2814,.F.);
#2795 = FACE_BOUND('',#2796,.F.);
#2796 = EDGE_LOOP('',(#2797,#2798,#2806,#2813));
#2797 = ORIENTED_EDGE('',*,*,#767,.F.);
#2798 = ORIENTED_EDGE('',*,*,#2799,.F.);
#2799 = EDGE_CURVE('',#2800,#768,#2802,.T.);
#2800 = VERTEX_POINT('',#2801);
#2801 = CARTESIAN_POINT('',(67.5,81.,18.95));
#2802 = LINE('',#2803,#2804);
#2803 = CARTESIAN_POINT('',(67.5,80.5,18.95));
#2804 = VECTOR('',#2805,1.);
#2805 = DIRECTION('',(0.,1.,0.));
#2806 = ORIENTED_EDGE('',*,*,#2807,.T.);
#2807 = EDGE_CURVE('',#2800,#2800,#2808,.T.);
#2808 = CIRCLE('',#2809,1.7);
#2809 = AXIS2_PLACEMENT_3D('',#2810,#2811,#2812);
#2810 = CARTESIAN_POINT('',(67.5,81.,17.25));
#2811 = DIRECTION('',(0.,1.,0.));
#2812 = DIRECTION('',(0.,-0.,1.));
#2813 = ORIENTED_EDGE('',*,*,#2799,.T.);
#2814 = CYLINDRICAL_SURFACE('',#2815,1.7);
#2815 = AXIS2_PLACEMENT_3D('',#2816,#2817,#2818);
#2816 = CARTESIAN_POINT('',(67.5,80.5,17.25));
#2817 = DIRECTION('',(0.,1.,0.));
#2818 = DIRECTION('',(0.,-0.,1.));
#2819 = ADVANCED_FACE('',(#2820),#2839,.F.);
#2820 = FACE_BOUND('',#2821,.F.);
#2821 = EDGE_LOOP('',(#2822,#2823,#2831,#2838));
#2822 = ORIENTED_EDGE('',*,*,#778,.F.);
#2823 = ORIENTED_EDGE('',*,*,#2824,.F.);
#2824 = EDGE_CURVE('',#2825,#779,#2827,.T.);
#2825 = VERTEX_POINT('',#2826);
#2826 = CARTESIAN_POINT('',(77.,81.,18.95));
#2827 = LINE('',#2828,#2829);
#2828 = CARTESIAN_POINT('',(77.,80.5,18.95));
#2829 = VECTOR('',#2830,1.);
#2830 = DIRECTION('',(0.,1.,0.));
#2831 = ORIENTED_EDGE('',*,*,#2832,.T.);
#2832 = EDGE_CURVE('',#2825,#2825,#2833,.T.);
#2833 = CIRCLE('',#2834,1.7);
#2834 = AXIS2_PLACEMENT_3D('',#2835,#2836,#2837);
#2835 = CARTESIAN_POINT('',(77.,81.,17.25));
#2836 = DIRECTION('',(0.,1.,0.));
#2837 = DIRECTION('',(0.,-0.,1.));
#2838 = ORIENTED_EDGE('',*,*,#2824,.T.);
#2839 = CYLINDRICAL_SURFACE('',#2840,1.7);
#2840 = AXIS2_PLACEMENT_3D('',#2841,#2842,#2843);
#2841 = CARTESIAN_POINT('',(77.,80.5,17.25));
#2842 = DIRECTION('',(0.,1.,0.));
#2843 = DIRECTION('',(0.,-0.,1.));
#2844 = ADVANCED_FACE('',(#2845),#2864,.F.);
#2845 = FACE_BOUND('',#2846,.F.);
#2846 = EDGE_LOOP('',(#2847,#2848,#2856,#2863));
#2847 = ORIENTED_EDGE('',*,*,#789,.F.);
#2848 = ORIENTED_EDGE('',*,*,#2849,.F.);
#2849 = EDGE_CURVE('',#2850,#790,#2852,.T.);
#2850 = VERTEX_POINT('',#2851);
#2851 = CARTESIAN_POINT('',(86.5,81.,18.95));
#2852 = LINE('',#2853,#2854);
#2853 = CARTESIAN_POINT('',(86.5,80.5,18.95));
#2854 = VECTOR('',#2855,1.);
#2855 = DIRECTION('',(0.,1.,0.));
#2856 = ORIENTED_EDGE('',*,*,#2857,.T.);
#2857 = EDGE_CURVE('',#2850,#2850,#2858,.T.);
#2858 = CIRCLE('',#2859,1.7);
#2859 = AXIS2_PLACEMENT_3D('',#2860,#2861,#2862);
#2860 = CARTESIAN_POINT('',(86.5,81.,17.25));
#2861 = DIRECTION('',(0.,1.,0.));
#2862 = DIRECTION('',(0.,-0.,1.));
#2863 = ORIENTED_EDGE('',*,*,#2849,.T.);
#2864 = CYLINDRICAL_SURFACE('',#2865,1.7);
#2865 = AXIS2_PLACEMENT_3D('',#2866,#2867,#2868);
#2866 = CARTESIAN_POINT('',(86.5,80.5,17.25));
#2867 = DIRECTION('',(0.,1.,0.));
#2868 = DIRECTION('',(0.,-0.,1.));
#2869 = ADVANCED_FACE('',(#2870),#2980,.T.);
#2870 = FACE_BOUND('',#2871,.T.);
#2871 = EDGE_LOOP('',(#2872,#2880,#2881,#2882,#2883,#2884,#2885,#2886,
    #2887,#2888,#2889,#2890,#2891,#2892,#2893,#2894,#2902,#2910,#2918,
    #2926,#2934,#2942,#2950,#2958,#2966,#2974));
#2872 = ORIENTED_EDGE('',*,*,#2873,.F.);
#2873 = EDGE_CURVE('',#1184,#2874,#2876,.T.);
#2874 = VERTEX_POINT('',#2875);
#2875 = CARTESIAN_POINT('',(4.8,4.8,19.1));
#2876 = LINE('',#2877,#2878);
#2877 = CARTESIAN_POINT('',(4.8,4.8,11.1));
#2878 = VECTOR('',#2879,1.);
#2879 = DIRECTION('',(0.,0.,1.));
#2880 = ORIENTED_EDGE('',*,*,#1191,.T.);
#2881 = ORIENTED_EDGE('',*,*,#1150,.T.);
#2882 = ORIENTED_EDGE('',*,*,#1135,.F.);
#2883 = ORIENTED_EDGE('',*,*,#1109,.F.);
#2884 = ORIENTED_EDGE('',*,*,#1087,.T.);
#2885 = ORIENTED_EDGE('',*,*,#1054,.T.);
#2886 = ORIENTED_EDGE('',*,*,#1039,.F.);
#2887 = ORIENTED_EDGE('',*,*,#1013,.F.);
#2888 = ORIENTED_EDGE('',*,*,#991,.T.);
#2889 = ORIENTED_EDGE('',*,*,#958,.T.);
#2890 = ORIENTED_EDGE('',*,*,#943,.F.);
#2891 = ORIENTED_EDGE('',*,*,#917,.F.);
#2892 = ORIENTED_EDGE('',*,*,#885,.T.);
#2893 = ORIENTED_EDGE('',*,*,#862,.T.);
#2894 = ORIENTED_EDGE('',*,*,#2895,.F.);
#2895 = EDGE_CURVE('',#2896,#855,#2898,.T.);
#2896 = VERTEX_POINT('',#2897);
#2897 = CARTESIAN_POINT('',(4.8,81.,15.4));
#2898 = LINE('',#2899,#2900);
#2899 = CARTESIAN_POINT('',(4.8,37.65,15.4));
#2900 = VECTOR('',#2901,1.);
#2901 = DIRECTION('',(0.,-1.,0.));
#2902 = ORIENTED_EDGE('',*,*,#2903,.T.);
#2903 = EDGE_CURVE('',#2896,#2904,#2906,.T.);
#2904 = VERTEX_POINT('',#2905);
#2905 = CARTESIAN_POINT('',(4.8,81.,19.1));
#2906 = LINE('',#2907,#2908);
#2907 = CARTESIAN_POINT('',(4.8,81.,11.1));
#2908 = VECTOR('',#2909,1.);
#2909 = DIRECTION('',(0.,0.,1.));
#2910 = ORIENTED_EDGE('',*,*,#2911,.F.);
#2911 = EDGE_CURVE('',#2912,#2904,#2914,.T.);
#2912 = VERTEX_POINT('',#2913);
#2913 = CARTESIAN_POINT('',(4.8,32.196148139682,19.1));
#2914 = LINE('',#2915,#2916);
#2915 = CARTESIAN_POINT('',(4.8,3.8,19.1));
#2916 = VECTOR('',#2917,1.);
#2917 = DIRECTION('',(-0.,1.,0.));
#2918 = ORIENTED_EDGE('',*,*,#2919,.F.);
#2919 = EDGE_CURVE('',#2920,#2912,#2922,.T.);
#2920 = VERTEX_POINT('',#2921);
#2921 = CARTESIAN_POINT('',(4.8,32.196148139682,18.6));
#2922 = LINE('',#2923,#2924);
#2923 = CARTESIAN_POINT('',(4.8,32.196148139682,18.6));
#2924 = VECTOR('',#2925,1.);
#2925 = DIRECTION('',(0.,0.,1.));
#2926 = ORIENTED_EDGE('',*,*,#2927,.T.);
#2927 = EDGE_CURVE('',#2920,#2928,#2930,.T.);
#2928 = VERTEX_POINT('',#2929);
#2929 = CARTESIAN_POINT('',(4.8,29.603851860318,18.6));
#2930 = LINE('',#2931,#2932);
#2931 = CARTESIAN_POINT('',(4.8,17.85,18.6));
#2932 = VECTOR('',#2933,1.);
#2933 = DIRECTION('',(0.,-1.,0.));
#2934 = ORIENTED_EDGE('',*,*,#2935,.T.);
#2935 = EDGE_CURVE('',#2928,#2936,#2938,.T.);
#2936 = VERTEX_POINT('',#2937);
#2937 = CARTESIAN_POINT('',(4.8,29.603851860318,19.1));
#2938 = LINE('',#2939,#2940);
#2939 = CARTESIAN_POINT('',(4.8,29.603851860318,18.6));
#2940 = VECTOR('',#2941,1.);
#2941 = DIRECTION('',(0.,0.,1.));
#2942 = ORIENTED_EDGE('',*,*,#2943,.F.);
#2943 = EDGE_CURVE('',#2944,#2936,#2946,.T.);
#2944 = VERTEX_POINT('',#2945);
#2945 = CARTESIAN_POINT('',(4.8,7.1,19.1));
#2946 = LINE('',#2947,#2948);
#2947 = CARTESIAN_POINT('',(4.8,3.8,19.1));
#2948 = VECTOR('',#2949,1.);
#2949 = DIRECTION('',(-0.,1.,0.));
#2950 = ORIENTED_EDGE('',*,*,#2951,.F.);
#2951 = EDGE_CURVE('',#2952,#2944,#2954,.T.);
#2952 = VERTEX_POINT('',#2953);
#2953 = CARTESIAN_POINT('',(4.8,7.1,18.6));
#2954 = LINE('',#2955,#2956);
#2955 = CARTESIAN_POINT('',(4.8,7.1,18.6));
#2956 = VECTOR('',#2957,1.);
#2957 = DIRECTION('',(0.,0.,1.));
#2958 = ORIENTED_EDGE('',*,*,#2959,.T.);
#2959 = EDGE_CURVE('',#2952,#2960,#2962,.T.);
#2960 = VERTEX_POINT('',#2961);
#2961 = CARTESIAN_POINT('',(4.8,5.5,18.6));
#2962 = LINE('',#2963,#2964);
#2963 = CARTESIAN_POINT('',(4.8,5.55,18.6));
#2964 = VECTOR('',#2965,1.);
#2965 = DIRECTION('',(0.,-1.,0.));
#2966 = ORIENTED_EDGE('',*,*,#2967,.T.);
#2967 = EDGE_CURVE('',#2960,#2968,#2970,.T.);
#2968 = VERTEX_POINT('',#2969);
#2969 = CARTESIAN_POINT('',(4.8,5.5,19.1));
#2970 = LINE('',#2971,#2972);
#2971 = CARTESIAN_POINT('',(4.8,5.5,18.6));
#2972 = VECTOR('',#2973,1.);
#2973 = DIRECTION('',(0.,0.,1.));
#2974 = ORIENTED_EDGE('',*,*,#2975,.F.);
#2975 = EDGE_CURVE('',#2874,#2968,#2976,.T.);
#2976 = LINE('',#2977,#2978);
#2977 = CARTESIAN_POINT('',(4.8,3.8,19.1));
#2978 = VECTOR('',#2979,1.);
#2979 = DIRECTION('',(-0.,1.,0.));
#2980 = PLANE('',#2981);
#2981 = AXIS2_PLACEMENT_3D('',#2982,#2983,#2984);
#2982 = CARTESIAN_POINT('',(4.8,4.8,11.1));
#2983 = DIRECTION('',(1.,0.,-0.));
#2984 = DIRECTION('',(0.,0.,1.));
#2985 = ADVANCED_FACE('',(#2986),#3068,.T.);
#2986 = FACE_BOUND('',#2987,.T.);
#2987 = EDGE_LOOP('',(#2988,#2998,#3006,#3012,#3013,#3014,#3015,#3016,
    #3017,#3018,#3019,#3020,#3021,#3022,#3023,#3024,#3025,#3026,#3027,
    #3028,#3029,#3030,#3038,#3046,#3054,#3062));
#2988 = ORIENTED_EDGE('',*,*,#2989,.F.);
#2989 = EDGE_CURVE('',#2990,#2992,#2994,.T.);
#2990 = VERTEX_POINT('',#2991);
#2991 = CARTESIAN_POINT('',(101.,4.8,12.5));
#2992 = VERTEX_POINT('',#2993);
#2993 = CARTESIAN_POINT('',(101.,4.8,19.1));
#2994 = LINE('',#2995,#2996);
#2995 = CARTESIAN_POINT('',(101.,4.8,11.1));
#2996 = VECTOR('',#2997,1.);
#2997 = DIRECTION('',(0.,0.,1.));
#2998 = ORIENTED_EDGE('',*,*,#2999,.F.);
#2999 = EDGE_CURVE('',#3000,#2990,#3002,.T.);
#3000 = VERTEX_POINT('',#3001);
#3001 = CARTESIAN_POINT('',(100.6,4.8,12.5));
#3002 = LINE('',#3003,#3004);
#3003 = CARTESIAN_POINT('',(52.7,4.8,12.5));
#3004 = VECTOR('',#3005,1.);
#3005 = DIRECTION('',(1.,0.,-0.));
#3006 = ORIENTED_EDGE('',*,*,#3007,.T.);
#3007 = EDGE_CURVE('',#3000,#1585,#3008,.T.);
#3008 = LINE('',#3009,#3010);
#3009 = CARTESIAN_POINT('',(100.6,4.8,9.95));
#3010 = VECTOR('',#3011,1.);
#3011 = DIRECTION('',(-0.,0.,-1.));
#3012 = ORIENTED_EDGE('',*,*,#1592,.T.);
#3013 = ORIENTED_EDGE('',*,*,#1552,.F.);
#3014 = ORIENTED_EDGE('',*,*,#1528,.F.);
#3015 = ORIENTED_EDGE('',*,*,#1504,.T.);
#3016 = ORIENTED_EDGE('',*,*,#1480,.T.);
#3017 = ORIENTED_EDGE('',*,*,#1456,.F.);
#3018 = ORIENTED_EDGE('',*,*,#1432,.F.);
#3019 = ORIENTED_EDGE('',*,*,#1408,.T.);
#3020 = ORIENTED_EDGE('',*,*,#1384,.T.);
#3021 = ORIENTED_EDGE('',*,*,#1360,.F.);
#3022 = ORIENTED_EDGE('',*,*,#1336,.F.);
#3023 = ORIENTED_EDGE('',*,*,#1312,.T.);
#3024 = ORIENTED_EDGE('',*,*,#1288,.T.);
#3025 = ORIENTED_EDGE('',*,*,#1264,.F.);
#3026 = ORIENTED_EDGE('',*,*,#1240,.F.);
#3027 = ORIENTED_EDGE('',*,*,#1216,.T.);
#3028 = ORIENTED_EDGE('',*,*,#1183,.T.);
#3029 = ORIENTED_EDGE('',*,*,#2873,.T.);
#3030 = ORIENTED_EDGE('',*,*,#3031,.F.);
#3031 = EDGE_CURVE('',#3032,#2874,#3034,.T.);
#3032 = VERTEX_POINT('',#3033);
#3033 = CARTESIAN_POINT('',(5.5,4.8,19.1));
#3034 = LINE('',#3035,#3036);
#3035 = CARTESIAN_POINT('',(3.8,4.8,19.1));
#3036 = VECTOR('',#3037,1.);
#3037 = DIRECTION('',(-1.,-0.,0.));
#3038 = ORIENTED_EDGE('',*,*,#3039,.F.);
#3039 = EDGE_CURVE('',#3040,#3032,#3042,.T.);
#3040 = VERTEX_POINT('',#3041);
#3041 = CARTESIAN_POINT('',(5.5,4.8,18.6));
#3042 = LINE('',#3043,#3044);
#3043 = CARTESIAN_POINT('',(5.5,4.8,18.6));
#3044 = VECTOR('',#3045,1.);
#3045 = DIRECTION('',(0.,0.,1.));
#3046 = ORIENTED_EDGE('',*,*,#3047,.T.);
#3047 = EDGE_CURVE('',#3040,#3048,#3050,.T.);
#3048 = VERTEX_POINT('',#3049);
#3049 = CARTESIAN_POINT('',(7.1,4.8,18.6));
#3050 = LINE('',#3051,#3052);
#3051 = CARTESIAN_POINT('',(5.55,4.8,18.6));
#3052 = VECTOR('',#3053,1.);
#3053 = DIRECTION('',(1.,0.,-0.));
#3054 = ORIENTED_EDGE('',*,*,#3055,.T.);
#3055 = EDGE_CURVE('',#3048,#3056,#3058,.T.);
#3056 = VERTEX_POINT('',#3057);
#3057 = CARTESIAN_POINT('',(7.1,4.8,19.1));
#3058 = LINE('',#3059,#3060);
#3059 = CARTESIAN_POINT('',(7.1,4.8,18.6));
#3060 = VECTOR('',#3061,1.);
#3061 = DIRECTION('',(0.,0.,1.));
#3062 = ORIENTED_EDGE('',*,*,#3063,.F.);
#3063 = EDGE_CURVE('',#2992,#3056,#3064,.T.);
#3064 = LINE('',#3065,#3066);
#3065 = CARTESIAN_POINT('',(3.8,4.8,19.1));
#3066 = VECTOR('',#3067,1.);
#3067 = DIRECTION('',(-1.,-0.,0.));
#3068 = PLANE('',#3069);
#3069 = AXIS2_PLACEMENT_3D('',#3070,#3071,#3072);
#3070 = CARTESIAN_POINT('',(4.8,4.8,11.1));
#3071 = DIRECTION('',(-0.,1.,0.));
#3072 = DIRECTION('',(0.,0.,1.));
#3073 = ADVANCED_FACE('',(#3074),#3092,.T.);
#3074 = FACE_BOUND('',#3075,.T.);
#3075 = EDGE_LOOP('',(#3076,#3084,#3085,#3086));
#3076 = ORIENTED_EDGE('',*,*,#3077,.F.);
#3077 = EDGE_CURVE('',#1577,#3078,#3080,.T.);
#3078 = VERTEX_POINT('',#3079);
#3079 = CARTESIAN_POINT('',(100.6,3.9,12.5));
#3080 = LINE('',#3081,#3082);
#3081 = CARTESIAN_POINT('',(100.6,3.9,8.8));
#3082 = VECTOR('',#3083,1.);
#3083 = DIRECTION('',(0.,0.,1.));
#3084 = ORIENTED_EDGE('',*,*,#1584,.T.);
#3085 = ORIENTED_EDGE('',*,*,#3007,.F.);
#3086 = ORIENTED_EDGE('',*,*,#3087,.F.);
#3087 = EDGE_CURVE('',#3078,#3000,#3088,.T.);
#3088 = LINE('',#3089,#3090);
#3089 = CARTESIAN_POINT('',(100.6,3.9,12.5));
#3090 = VECTOR('',#3091,1.);
#3091 = DIRECTION('',(-0.,1.,0.));
#3092 = PLANE('',#3093);
#3093 = AXIS2_PLACEMENT_3D('',#3094,#3095,#3096);
#3094 = CARTESIAN_POINT('',(100.6,3.9,8.8));
#3095 = DIRECTION('',(1.,0.,-0.));
#3096 = DIRECTION('',(0.,0.,1.));
#3097 = ADVANCED_FACE('',(#3098),#3109,.T.);
#3098 = FACE_BOUND('',#3099,.T.);
#3099 = EDGE_LOOP('',(#3100,#3101,#3102,#3108));
#3100 = ORIENTED_EDGE('',*,*,#1576,.T.);
#3101 = ORIENTED_EDGE('',*,*,#3077,.T.);
#3102 = ORIENTED_EDGE('',*,*,#3103,.T.);
#3103 = EDGE_CURVE('',#3078,#1609,#3104,.T.);
#3104 = LINE('',#3105,#3106);
#3105 = CARTESIAN_POINT('',(100.6,3.9,12.5));
#3106 = VECTOR('',#3107,1.);
#3107 = DIRECTION('',(1.,0.,-0.));
#3108 = ORIENTED_EDGE('',*,*,#1608,.F.);
#3109 = PLANE('',#3110);
#3110 = AXIS2_PLACEMENT_3D('',#3111,#3112,#3113);
#3111 = CARTESIAN_POINT('',(100.6,3.9,8.8));
#3112 = DIRECTION('',(-0.,1.,0.));
#3113 = DIRECTION('',(0.,0.,1.));
#3114 = ADVANCED_FACE('',(#3115),#3126,.F.);
#3115 = FACE_BOUND('',#3116,.F.);
#3116 = EDGE_LOOP('',(#3117,#3123,#3124,#3125));
#3117 = ORIENTED_EDGE('',*,*,#3118,.T.);
#3118 = EDGE_CURVE('',#1915,#1681,#3119,.T.);
#3119 = LINE('',#3120,#3121);
#3120 = CARTESIAN_POINT('',(100.2,80.8,15.4));
#3121 = VECTOR('',#3122,1.);
#3122 = DIRECTION('',(1.,0.,-0.));
#3123 = ORIENTED_EDGE('',*,*,#1688,.F.);
#3124 = ORIENTED_EDGE('',*,*,#1856,.T.);
#3125 = ORIENTED_EDGE('',*,*,#1922,.T.);
#3126 = PLANE('',#3127);
#3127 = AXIS2_PLACEMENT_3D('',#3128,#3129,#3130);
#3128 = CARTESIAN_POINT('',(100.2,80.8,8.8));
#3129 = DIRECTION('',(-0.,1.,0.));
#3130 = DIRECTION('',(0.,0.,1.));
#3131 = ADVANCED_FACE('',(#3132),#3159,.F.);
#3132 = FACE_BOUND('',#3133,.F.);
#3133 = EDGE_LOOP('',(#3134,#3135,#3136,#3144,#3152,#3158));
#3134 = ORIENTED_EDGE('',*,*,#3118,.F.);
#3135 = ORIENTED_EDGE('',*,*,#1914,.T.);
#3136 = ORIENTED_EDGE('',*,*,#3137,.F.);
#3137 = EDGE_CURVE('',#3138,#1905,#3140,.T.);
#3138 = VERTEX_POINT('',#3139);
#3139 = CARTESIAN_POINT('',(101.,80.6,15.4));
#3140 = LINE('',#3141,#3142);
#3141 = CARTESIAN_POINT('',(96.675,80.6,15.4));
#3142 = VECTOR('',#3143,1.);
#3143 = DIRECTION('',(1.,0.,-0.));
#3144 = ORIENTED_EDGE('',*,*,#3145,.T.);
#3145 = EDGE_CURVE('',#3138,#3146,#3148,.T.);
#3146 = VERTEX_POINT('',#3147);
#3147 = CARTESIAN_POINT('',(101.,70.5,15.4));
#3148 = LINE('',#3149,#3150);
#3149 = CARTESIAN_POINT('',(101.,37.65,15.4));
#3150 = VECTOR('',#3151,1.);
#3151 = DIRECTION('',(0.,-1.,0.));
#3152 = ORIENTED_EDGE('',*,*,#3153,.T.);
#3153 = EDGE_CURVE('',#3146,#1673,#3154,.T.);
#3154 = LINE('',#3155,#3156);
#3155 = CARTESIAN_POINT('',(100.2,70.5,15.4));
#3156 = VECTOR('',#3157,1.);
#3157 = DIRECTION('',(1.,0.,-0.));
#3158 = ORIENTED_EDGE('',*,*,#1680,.F.);
#3159 = PLANE('',#3160);
#3160 = AXIS2_PLACEMENT_3D('',#3161,#3162,#3163);
#3161 = CARTESIAN_POINT('',(100.2,70.5,15.4));
#3162 = DIRECTION('',(0.,0.,1.));
#3163 = DIRECTION('',(1.,0.,-0.));
#3164 = ADVANCED_FACE('',(#3165),#3183,.T.);
#3165 = FACE_BOUND('',#3166,.T.);
#3166 = EDGE_LOOP('',(#3167,#3168,#3169,#3177));
#3167 = ORIENTED_EDGE('',*,*,#3153,.T.);
#3168 = ORIENTED_EDGE('',*,*,#1672,.F.);
#3169 = ORIENTED_EDGE('',*,*,#3170,.T.);
#3170 = EDGE_CURVE('',#1665,#3171,#3173,.T.);
#3171 = VERTEX_POINT('',#3172);
#3172 = CARTESIAN_POINT('',(101.,70.5,12.1));
#3173 = LINE('',#3174,#3175);
#3174 = CARTESIAN_POINT('',(51.5,70.5,12.1));
#3175 = VECTOR('',#3176,1.);
#3176 = DIRECTION('',(-1.,-0.,0.));
#3177 = ORIENTED_EDGE('',*,*,#3178,.T.);
#3178 = EDGE_CURVE('',#3171,#3146,#3179,.T.);
#3179 = LINE('',#3180,#3181);
#3180 = CARTESIAN_POINT('',(101.,70.5,9.95));
#3181 = VECTOR('',#3182,1.);
#3182 = DIRECTION('',(0.,0.,1.));
#3183 = PLANE('',#3184);
#3184 = AXIS2_PLACEMENT_3D('',#3185,#3186,#3187);
#3185 = CARTESIAN_POINT('',(100.2,70.5,8.8));
#3186 = DIRECTION('',(-0.,1.,0.));
#3187 = DIRECTION('',(0.,0.,1.));
#3188 = ADVANCED_FACE('',(#3189),#3207,.F.);
#3189 = FACE_BOUND('',#3190,.F.);
#3190 = EDGE_LOOP('',(#3191,#3199,#3200,#3201));
#3191 = ORIENTED_EDGE('',*,*,#3192,.F.);
#3192 = EDGE_CURVE('',#1657,#3193,#3195,.T.);
#3193 = VERTEX_POINT('',#3194);
#3194 = CARTESIAN_POINT('',(101.,58.9,12.1));
#3195 = LINE('',#3196,#3197);
#3196 = CARTESIAN_POINT('',(51.7,58.9,12.1));
#3197 = VECTOR('',#3198,1.);
#3198 = DIRECTION('',(-1.,-0.,0.));
#3199 = ORIENTED_EDGE('',*,*,#1664,.T.);
#3200 = ORIENTED_EDGE('',*,*,#3170,.T.);
#3201 = ORIENTED_EDGE('',*,*,#3202,.F.);
#3202 = EDGE_CURVE('',#3193,#3171,#3203,.T.);
#3203 = LINE('',#3204,#3205);
#3204 = CARTESIAN_POINT('',(101.,3.8,12.1));
#3205 = VECTOR('',#3206,1.);
#3206 = DIRECTION('',(-0.,1.,0.));
#3207 = PLANE('',#3208);
#3208 = AXIS2_PLACEMENT_3D('',#3209,#3210,#3211);
#3209 = CARTESIAN_POINT('',(2.8,2.8,12.1));
#3210 = DIRECTION('',(0.,0.,1.));
#3211 = DIRECTION('',(1.,0.,-0.));
#3212 = ADVANCED_FACE('',(#3213),#3231,.F.);
#3213 = FACE_BOUND('',#3214,.F.);
#3214 = EDGE_LOOP('',(#3215,#3223,#3224,#3225));
#3215 = ORIENTED_EDGE('',*,*,#3216,.T.);
#3216 = EDGE_CURVE('',#3217,#1649,#3219,.T.);
#3217 = VERTEX_POINT('',#3218);
#3218 = CARTESIAN_POINT('',(101.,58.9,15.4));
#3219 = LINE('',#3220,#3221);
#3220 = CARTESIAN_POINT('',(100.6,58.9,15.4));
#3221 = VECTOR('',#3222,1.);
#3222 = DIRECTION('',(1.,0.,-0.));
#3223 = ORIENTED_EDGE('',*,*,#1656,.F.);
#3224 = ORIENTED_EDGE('',*,*,#3192,.T.);
#3225 = ORIENTED_EDGE('',*,*,#3226,.T.);
#3226 = EDGE_CURVE('',#3193,#3217,#3227,.T.);
#3227 = LINE('',#3228,#3229);
#3228 = CARTESIAN_POINT('',(101.,58.9,9.95));
#3229 = VECTOR('',#3230,1.);
#3230 = DIRECTION('',(0.,0.,1.));
#3231 = PLANE('',#3232);
#3232 = AXIS2_PLACEMENT_3D('',#3233,#3234,#3235);
#3233 = CARTESIAN_POINT('',(100.6,58.9,8.8));
#3234 = DIRECTION('',(-0.,1.,0.));
#3235 = DIRECTION('',(0.,0.,1.));
#3236 = ADVANCED_FACE('',(#3237),#3262,.T.);
#3237 = FACE_BOUND('',#3238,.T.);
#3238 = EDGE_LOOP('',(#3239,#3247,#3248,#3256));
#3239 = ORIENTED_EDGE('',*,*,#3240,.T.);
#3240 = EDGE_CURVE('',#3241,#1641,#3243,.T.);
#3241 = VERTEX_POINT('',#3242);
#3242 = CARTESIAN_POINT('',(101.,14.9,15.4));
#3243 = LINE('',#3244,#3245);
#3244 = CARTESIAN_POINT('',(100.6,14.9,15.4));
#3245 = VECTOR('',#3246,1.);
#3246 = DIRECTION('',(1.,0.,-0.));
#3247 = ORIENTED_EDGE('',*,*,#1640,.F.);
#3248 = ORIENTED_EDGE('',*,*,#3249,.T.);
#3249 = EDGE_CURVE('',#1633,#3250,#3252,.T.);
#3250 = VERTEX_POINT('',#3251);
#3251 = CARTESIAN_POINT('',(101.,14.9,12.1));
#3252 = LINE('',#3253,#3254);
#3253 = CARTESIAN_POINT('',(51.7,14.9,12.1));
#3254 = VECTOR('',#3255,1.);
#3255 = DIRECTION('',(-1.,-0.,0.));
#3256 = ORIENTED_EDGE('',*,*,#3257,.T.);
#3257 = EDGE_CURVE('',#3250,#3241,#3258,.T.);
#3258 = LINE('',#3259,#3260);
#3259 = CARTESIAN_POINT('',(101.,14.9,9.95));
#3260 = VECTOR('',#3261,1.);
#3261 = DIRECTION('',(0.,0.,1.));
#3262 = PLANE('',#3263);
#3263 = AXIS2_PLACEMENT_3D('',#3264,#3265,#3266);
#3264 = CARTESIAN_POINT('',(100.6,14.9,8.8));
#3265 = DIRECTION('',(-0.,1.,0.));
#3266 = DIRECTION('',(0.,0.,1.));
#3267 = ADVANCED_FACE('',(#3268),#3286,.F.);
#3268 = FACE_BOUND('',#3269,.F.);
#3269 = EDGE_LOOP('',(#3270,#3278,#3279,#3280));
#3270 = ORIENTED_EDGE('',*,*,#3271,.F.);
#3271 = EDGE_CURVE('',#1625,#3272,#3274,.T.);
#3272 = VERTEX_POINT('',#3273);
#3273 = CARTESIAN_POINT('',(101.,13.9,12.1));
#3274 = LINE('',#3275,#3276);
#3275 = CARTESIAN_POINT('',(51.7,13.9,12.1));
#3276 = VECTOR('',#3277,1.);
#3277 = DIRECTION('',(-1.,-0.,0.));
#3278 = ORIENTED_EDGE('',*,*,#1632,.T.);
#3279 = ORIENTED_EDGE('',*,*,#3249,.T.);
#3280 = ORIENTED_EDGE('',*,*,#3281,.F.);
#3281 = EDGE_CURVE('',#3272,#3250,#3282,.T.);
#3282 = LINE('',#3283,#3284);
#3283 = CARTESIAN_POINT('',(101.,3.8,12.1));
#3284 = VECTOR('',#3285,1.);
#3285 = DIRECTION('',(-0.,1.,0.));
#3286 = PLANE('',#3287);
#3287 = AXIS2_PLACEMENT_3D('',#3288,#3289,#3290);
#3288 = CARTESIAN_POINT('',(2.8,2.8,12.1));
#3289 = DIRECTION('',(0.,0.,1.));
#3290 = DIRECTION('',(1.,0.,-0.));
#3291 = ADVANCED_FACE('',(#3292),#3310,.F.);
#3292 = FACE_BOUND('',#3293,.F.);
#3293 = EDGE_LOOP('',(#3294,#3302,#3303,#3304));
#3294 = ORIENTED_EDGE('',*,*,#3295,.T.);
#3295 = EDGE_CURVE('',#3296,#1617,#3298,.T.);
#3296 = VERTEX_POINT('',#3297);
#3297 = CARTESIAN_POINT('',(101.,13.9,12.5));
#3298 = LINE('',#3299,#3300);
#3299 = CARTESIAN_POINT('',(100.6,13.9,12.5));
#3300 = VECTOR('',#3301,1.);
#3301 = DIRECTION('',(1.,0.,-0.));
#3302 = ORIENTED_EDGE('',*,*,#1624,.F.);
#3303 = ORIENTED_EDGE('',*,*,#3271,.T.);
#3304 = ORIENTED_EDGE('',*,*,#3305,.T.);
#3305 = EDGE_CURVE('',#3272,#3296,#3306,.T.);
#3306 = LINE('',#3307,#3308);
#3307 = CARTESIAN_POINT('',(101.,13.9,9.95));
#3308 = VECTOR('',#3309,1.);
#3309 = DIRECTION('',(0.,0.,1.));
#3310 = PLANE('',#3311);
#3311 = AXIS2_PLACEMENT_3D('',#3312,#3313,#3314);
#3312 = CARTESIAN_POINT('',(100.6,13.9,8.8));
#3313 = DIRECTION('',(-0.,1.,0.));
#3314 = DIRECTION('',(0.,0.,1.));
#3315 = ADVANCED_FACE('',(#3316),#3329,.F.);
#3316 = FACE_BOUND('',#3317,.F.);
#3317 = EDGE_LOOP('',(#3318,#3319,#3320,#3321,#3322,#3328));
#3318 = ORIENTED_EDGE('',*,*,#3087,.F.);
#3319 = ORIENTED_EDGE('',*,*,#3103,.T.);
#3320 = ORIENTED_EDGE('',*,*,#1616,.F.);
#3321 = ORIENTED_EDGE('',*,*,#3295,.F.);
#3322 = ORIENTED_EDGE('',*,*,#3323,.T.);
#3323 = EDGE_CURVE('',#3296,#2990,#3324,.T.);
#3324 = LINE('',#3325,#3326);
#3325 = CARTESIAN_POINT('',(101.,4.35,12.5));
#3326 = VECTOR('',#3327,1.);
#3327 = DIRECTION('',(0.,-1.,0.));
#3328 = ORIENTED_EDGE('',*,*,#2999,.F.);
#3329 = PLANE('',#3330);
#3330 = AXIS2_PLACEMENT_3D('',#3331,#3332,#3333);
#3331 = CARTESIAN_POINT('',(100.6,3.9,12.5));
#3332 = DIRECTION('',(0.,0.,1.));
#3333 = DIRECTION('',(1.,0.,-0.));
#3334 = ADVANCED_FACE('',(#3335,#3341,#3352,#3386,#3397,#3431,#3465,
    #3499,#3533,#3567,#3601,#3635,#3646,#3680,#3691,#3725,#3759,#3793,
    #3827,#3861,#3895,#3929,#3963,#3997,#4031,#4065,#4099,#4133,#4167,
    #4201,#4235,#4269,#4303,#4337,#4371,#4405,#4439,#4473,#4507,#4541,
    #4575,#4609,#4643,#4677,#4711,#4745,#4779,#4813,#4847,#4881,#4915,
    #4949,#4960,#4994),#5028,.T.);
#3335 = FACE_BOUND('',#3336,.T.);
#3336 = EDGE_LOOP('',(#3337,#3338,#3339,#3340));
#3337 = ORIENTED_EDGE('',*,*,#1729,.F.);
#3338 = ORIENTED_EDGE('',*,*,#1769,.T.);
#3339 = ORIENTED_EDGE('',*,*,#1794,.T.);
#3340 = ORIENTED_EDGE('',*,*,#1745,.F.);
#3341 = FACE_BOUND('',#3342,.T.);
#3342 = EDGE_LOOP('',(#3343));
#3343 = ORIENTED_EDGE('',*,*,#3344,.F.);
#3344 = EDGE_CURVE('',#3345,#3345,#3347,.T.);
#3345 = VERTEX_POINT('',#3346);
#3346 = CARTESIAN_POINT('',(8.,6.3,21.5));
#3347 = CIRCLE('',#3348,1.7);
#3348 = AXIS2_PLACEMENT_3D('',#3349,#3350,#3351);
#3349 = CARTESIAN_POINT('',(6.3,6.3,21.5));
#3350 = DIRECTION('',(0.,0.,1.));
#3351 = DIRECTION('',(1.,0.,-0.));
#3352 = FACE_BOUND('',#3353,.T.);
#3353 = EDGE_LOOP('',(#3354,#3364,#3372,#3380));
#3354 = ORIENTED_EDGE('',*,*,#3355,.T.);
#3355 = EDGE_CURVE('',#3356,#3358,#3360,.T.);
#3356 = VERTEX_POINT('',#3357);
#3357 = CARTESIAN_POINT('',(19.9,20.9,21.5));
#3358 = VERTEX_POINT('',#3359);
#3359 = CARTESIAN_POINT('',(14.9,20.9,21.5));
#3360 = LINE('',#3361,#3362);
#3361 = CARTESIAN_POINT('',(7.45,20.9,21.5));
#3362 = VECTOR('',#3363,1.);
#3363 = DIRECTION('',(-1.,-0.,0.));
#3364 = ORIENTED_EDGE('',*,*,#3365,.T.);
#3365 = EDGE_CURVE('',#3358,#3366,#3368,.T.);
#3366 = VERTEX_POINT('',#3367);
#3367 = CARTESIAN_POINT('',(14.9,24.9,21.5));
#3368 = LINE('',#3369,#3370);
#3369 = CARTESIAN_POINT('',(14.9,10.45,21.5));
#3370 = VECTOR('',#3371,1.);
#3371 = DIRECTION('',(-0.,1.,0.));
#3372 = ORIENTED_EDGE('',*,*,#3373,.F.);
#3373 = EDGE_CURVE('',#3374,#3366,#3376,.T.);
#3374 = VERTEX_POINT('',#3375);
#3375 = CARTESIAN_POINT('',(19.9,24.9,21.5));
#3376 = LINE('',#3377,#3378);
#3377 = CARTESIAN_POINT('',(7.45,24.9,21.5));
#3378 = VECTOR('',#3379,1.);
#3379 = DIRECTION('',(-1.,-0.,0.));
#3380 = ORIENTED_EDGE('',*,*,#3381,.F.);
#3381 = EDGE_CURVE('',#3356,#3374,#3382,.T.);
#3382 = LINE('',#3383,#3384);
#3383 = CARTESIAN_POINT('',(19.9,10.45,21.5));
#3384 = VECTOR('',#3385,1.);
#3385 = DIRECTION('',(-0.,1.,0.));
#3386 = FACE_BOUND('',#3387,.T.);
#3387 = EDGE_LOOP('',(#3388));
#3388 = ORIENTED_EDGE('',*,*,#3389,.F.);
#3389 = EDGE_CURVE('',#3390,#3390,#3392,.T.);
#3390 = VERTEX_POINT('',#3391);
#3391 = CARTESIAN_POINT('',(7.6,30.9,21.5));
#3392 = CIRCLE('',#3393,1.7);
#3393 = AXIS2_PLACEMENT_3D('',#3394,#3395,#3396);
#3394 = CARTESIAN_POINT('',(5.9,30.9,21.5));
#3395 = DIRECTION('',(0.,0.,1.));
#3396 = DIRECTION('',(1.,0.,-0.));
#3397 = FACE_BOUND('',#3398,.T.);
#3398 = EDGE_LOOP('',(#3399,#3409,#3417,#3425));
#3399 = ORIENTED_EDGE('',*,*,#3400,.T.);
#3400 = EDGE_CURVE('',#3401,#3403,#3405,.T.);
#3401 = VERTEX_POINT('',#3402);
#3402 = CARTESIAN_POINT('',(19.9,28.9,21.5));
#3403 = VERTEX_POINT('',#3404);
#3404 = CARTESIAN_POINT('',(14.9,28.9,21.5));
#3405 = LINE('',#3406,#3407);
#3406 = CARTESIAN_POINT('',(7.45,28.9,21.5));
#3407 = VECTOR('',#3408,1.);
#3408 = DIRECTION('',(-1.,-0.,0.));
#3409 = ORIENTED_EDGE('',*,*,#3410,.T.);
#3410 = EDGE_CURVE('',#3403,#3411,#3413,.T.);
#3411 = VERTEX_POINT('',#3412);
#3412 = CARTESIAN_POINT('',(14.9,32.9,21.5));
#3413 = LINE('',#3414,#3415);
#3414 = CARTESIAN_POINT('',(14.9,14.45,21.5));
#3415 = VECTOR('',#3416,1.);
#3416 = DIRECTION('',(-0.,1.,0.));
#3417 = ORIENTED_EDGE('',*,*,#3418,.F.);
#3418 = EDGE_CURVE('',#3419,#3411,#3421,.T.);
#3419 = VERTEX_POINT('',#3420);
#3420 = CARTESIAN_POINT('',(19.9,32.9,21.5));
#3421 = LINE('',#3422,#3423);
#3422 = CARTESIAN_POINT('',(7.45,32.9,21.5));
#3423 = VECTOR('',#3424,1.);
#3424 = DIRECTION('',(-1.,-0.,0.));
#3425 = ORIENTED_EDGE('',*,*,#3426,.F.);
#3426 = EDGE_CURVE('',#3401,#3419,#3427,.T.);
#3427 = LINE('',#3428,#3429);
#3428 = CARTESIAN_POINT('',(19.9,14.45,21.5));
#3429 = VECTOR('',#3430,1.);
#3430 = DIRECTION('',(-0.,1.,0.));
#3431 = FACE_BOUND('',#3432,.T.);
#3432 = EDGE_LOOP('',(#3433,#3443,#3451,#3459));
#3433 = ORIENTED_EDGE('',*,*,#3434,.T.);
#3434 = EDGE_CURVE('',#3435,#3437,#3439,.T.);
#3435 = VERTEX_POINT('',#3436);
#3436 = CARTESIAN_POINT('',(28.9,20.9,21.5));
#3437 = VERTEX_POINT('',#3438);
#3438 = CARTESIAN_POINT('',(23.9,20.9,21.5));
#3439 = LINE('',#3440,#3441);
#3440 = CARTESIAN_POINT('',(11.95,20.9,21.5));
#3441 = VECTOR('',#3442,1.);
#3442 = DIRECTION('',(-1.,-0.,0.));
#3443 = ORIENTED_EDGE('',*,*,#3444,.T.);
#3444 = EDGE_CURVE('',#3437,#3445,#3447,.T.);
#3445 = VERTEX_POINT('',#3446);
#3446 = CARTESIAN_POINT('',(23.9,24.9,21.5));
#3447 = LINE('',#3448,#3449);
#3448 = CARTESIAN_POINT('',(23.9,10.45,21.5));
#3449 = VECTOR('',#3450,1.);
#3450 = DIRECTION('',(-0.,1.,0.));
#3451 = ORIENTED_EDGE('',*,*,#3452,.F.);
#3452 = EDGE_CURVE('',#3453,#3445,#3455,.T.);
#3453 = VERTEX_POINT('',#3454);
#3454 = CARTESIAN_POINT('',(28.9,24.9,21.5));
#3455 = LINE('',#3456,#3457);
#3456 = CARTESIAN_POINT('',(11.95,24.9,21.5));
#3457 = VECTOR('',#3458,1.);
#3458 = DIRECTION('',(-1.,-0.,0.));
#3459 = ORIENTED_EDGE('',*,*,#3460,.F.);
#3460 = EDGE_CURVE('',#3435,#3453,#3461,.T.);
#3461 = LINE('',#3462,#3463);
#3462 = CARTESIAN_POINT('',(28.9,10.45,21.5));
#3463 = VECTOR('',#3464,1.);
#3464 = DIRECTION('',(-0.,1.,0.));
#3465 = FACE_BOUND('',#3466,.T.);
#3466 = EDGE_LOOP('',(#3467,#3477,#3485,#3493));
#3467 = ORIENTED_EDGE('',*,*,#3468,.T.);
#3468 = EDGE_CURVE('',#3469,#3471,#3473,.T.);
#3469 = VERTEX_POINT('',#3470);
#3470 = CARTESIAN_POINT('',(37.9,20.9,21.5));
#3471 = VERTEX_POINT('',#3472);
#3472 = CARTESIAN_POINT('',(32.9,20.9,21.5));
#3473 = LINE('',#3474,#3475);
#3474 = CARTESIAN_POINT('',(16.45,20.9,21.5));
#3475 = VECTOR('',#3476,1.);
#3476 = DIRECTION('',(-1.,-0.,0.));
#3477 = ORIENTED_EDGE('',*,*,#3478,.T.);
#3478 = EDGE_CURVE('',#3471,#3479,#3481,.T.);
#3479 = VERTEX_POINT('',#3480);
#3480 = CARTESIAN_POINT('',(32.9,24.9,21.5));
#3481 = LINE('',#3482,#3483);
#3482 = CARTESIAN_POINT('',(32.9,10.45,21.5));
#3483 = VECTOR('',#3484,1.);
#3484 = DIRECTION('',(-0.,1.,0.));
#3485 = ORIENTED_EDGE('',*,*,#3486,.F.);
#3486 = EDGE_CURVE('',#3487,#3479,#3489,.T.);
#3487 = VERTEX_POINT('',#3488);
#3488 = CARTESIAN_POINT('',(37.9,24.9,21.5));
#3489 = LINE('',#3490,#3491);
#3490 = CARTESIAN_POINT('',(16.45,24.9,21.5));
#3491 = VECTOR('',#3492,1.);
#3492 = DIRECTION('',(-1.,-0.,0.));
#3493 = ORIENTED_EDGE('',*,*,#3494,.F.);
#3494 = EDGE_CURVE('',#3469,#3487,#3495,.T.);
#3495 = LINE('',#3496,#3497);
#3496 = CARTESIAN_POINT('',(37.9,10.45,21.5));
#3497 = VECTOR('',#3498,1.);
#3498 = DIRECTION('',(-0.,1.,0.));
#3499 = FACE_BOUND('',#3500,.T.);
#3500 = EDGE_LOOP('',(#3501,#3511,#3519,#3527));
#3501 = ORIENTED_EDGE('',*,*,#3502,.T.);
#3502 = EDGE_CURVE('',#3503,#3505,#3507,.T.);
#3503 = VERTEX_POINT('',#3504);
#3504 = CARTESIAN_POINT('',(46.9,20.9,21.5));
#3505 = VERTEX_POINT('',#3506);
#3506 = CARTESIAN_POINT('',(41.9,20.9,21.5));
#3507 = LINE('',#3508,#3509);
#3508 = CARTESIAN_POINT('',(20.95,20.9,21.5));
#3509 = VECTOR('',#3510,1.);
#3510 = DIRECTION('',(-1.,-0.,0.));
#3511 = ORIENTED_EDGE('',*,*,#3512,.T.);
#3512 = EDGE_CURVE('',#3505,#3513,#3515,.T.);
#3513 = VERTEX_POINT('',#3514);
#3514 = CARTESIAN_POINT('',(41.9,24.9,21.5));
#3515 = LINE('',#3516,#3517);
#3516 = CARTESIAN_POINT('',(41.9,10.45,21.5));
#3517 = VECTOR('',#3518,1.);
#3518 = DIRECTION('',(-0.,1.,0.));
#3519 = ORIENTED_EDGE('',*,*,#3520,.F.);
#3520 = EDGE_CURVE('',#3521,#3513,#3523,.T.);
#3521 = VERTEX_POINT('',#3522);
#3522 = CARTESIAN_POINT('',(46.9,24.9,21.5));
#3523 = LINE('',#3524,#3525);
#3524 = CARTESIAN_POINT('',(20.95,24.9,21.5));
#3525 = VECTOR('',#3526,1.);
#3526 = DIRECTION('',(-1.,-0.,0.));
#3527 = ORIENTED_EDGE('',*,*,#3528,.F.);
#3528 = EDGE_CURVE('',#3503,#3521,#3529,.T.);
#3529 = LINE('',#3530,#3531);
#3530 = CARTESIAN_POINT('',(46.9,10.45,21.5));
#3531 = VECTOR('',#3532,1.);
#3532 = DIRECTION('',(-0.,1.,0.));
#3533 = FACE_BOUND('',#3534,.T.);
#3534 = EDGE_LOOP('',(#3535,#3545,#3553,#3561));
#3535 = ORIENTED_EDGE('',*,*,#3536,.T.);
#3536 = EDGE_CURVE('',#3537,#3539,#3541,.T.);
#3537 = VERTEX_POINT('',#3538);
#3538 = CARTESIAN_POINT('',(28.9,28.9,21.5));
#3539 = VERTEX_POINT('',#3540);
#3540 = CARTESIAN_POINT('',(23.9,28.9,21.5));
#3541 = LINE('',#3542,#3543);
#3542 = CARTESIAN_POINT('',(11.95,28.9,21.5));
#3543 = VECTOR('',#3544,1.);
#3544 = DIRECTION('',(-1.,-0.,0.));
#3545 = ORIENTED_EDGE('',*,*,#3546,.T.);
#3546 = EDGE_CURVE('',#3539,#3547,#3549,.T.);
#3547 = VERTEX_POINT('',#3548);
#3548 = CARTESIAN_POINT('',(23.9,32.9,21.5));
#3549 = LINE('',#3550,#3551);
#3550 = CARTESIAN_POINT('',(23.9,14.45,21.5));
#3551 = VECTOR('',#3552,1.);
#3552 = DIRECTION('',(-0.,1.,0.));
#3553 = ORIENTED_EDGE('',*,*,#3554,.F.);
#3554 = EDGE_CURVE('',#3555,#3547,#3557,.T.);
#3555 = VERTEX_POINT('',#3556);
#3556 = CARTESIAN_POINT('',(28.9,32.9,21.5));
#3557 = LINE('',#3558,#3559);
#3558 = CARTESIAN_POINT('',(11.95,32.9,21.5));
#3559 = VECTOR('',#3560,1.);
#3560 = DIRECTION('',(-1.,-0.,0.));
#3561 = ORIENTED_EDGE('',*,*,#3562,.F.);
#3562 = EDGE_CURVE('',#3537,#3555,#3563,.T.);
#3563 = LINE('',#3564,#3565);
#3564 = CARTESIAN_POINT('',(28.9,14.45,21.5));
#3565 = VECTOR('',#3566,1.);
#3566 = DIRECTION('',(-0.,1.,0.));
#3567 = FACE_BOUND('',#3568,.T.);
#3568 = EDGE_LOOP('',(#3569,#3579,#3587,#3595));
#3569 = ORIENTED_EDGE('',*,*,#3570,.T.);
#3570 = EDGE_CURVE('',#3571,#3573,#3575,.T.);
#3571 = VERTEX_POINT('',#3572);
#3572 = CARTESIAN_POINT('',(37.9,28.9,21.5));
#3573 = VERTEX_POINT('',#3574);
#3574 = CARTESIAN_POINT('',(32.9,28.9,21.5));
#3575 = LINE('',#3576,#3577);
#3576 = CARTESIAN_POINT('',(16.45,28.9,21.5));
#3577 = VECTOR('',#3578,1.);
#3578 = DIRECTION('',(-1.,-0.,0.));
#3579 = ORIENTED_EDGE('',*,*,#3580,.T.);
#3580 = EDGE_CURVE('',#3573,#3581,#3583,.T.);
#3581 = VERTEX_POINT('',#3582);
#3582 = CARTESIAN_POINT('',(32.9,32.9,21.5));
#3583 = LINE('',#3584,#3585);
#3584 = CARTESIAN_POINT('',(32.9,14.45,21.5));
#3585 = VECTOR('',#3586,1.);
#3586 = DIRECTION('',(-0.,1.,0.));
#3587 = ORIENTED_EDGE('',*,*,#3588,.F.);
#3588 = EDGE_CURVE('',#3589,#3581,#3591,.T.);
#3589 = VERTEX_POINT('',#3590);
#3590 = CARTESIAN_POINT('',(37.9,32.9,21.5));
#3591 = LINE('',#3592,#3593);
#3592 = CARTESIAN_POINT('',(16.45,32.9,21.5));
#3593 = VECTOR('',#3594,1.);
#3594 = DIRECTION('',(-1.,-0.,0.));
#3595 = ORIENTED_EDGE('',*,*,#3596,.F.);
#3596 = EDGE_CURVE('',#3571,#3589,#3597,.T.);
#3597 = LINE('',#3598,#3599);
#3598 = CARTESIAN_POINT('',(37.9,14.45,21.5));
#3599 = VECTOR('',#3600,1.);
#3600 = DIRECTION('',(-0.,1.,0.));
#3601 = FACE_BOUND('',#3602,.T.);
#3602 = EDGE_LOOP('',(#3603,#3613,#3621,#3629));
#3603 = ORIENTED_EDGE('',*,*,#3604,.T.);
#3604 = EDGE_CURVE('',#3605,#3607,#3609,.T.);
#3605 = VERTEX_POINT('',#3606);
#3606 = CARTESIAN_POINT('',(46.9,28.9,21.5));
#3607 = VERTEX_POINT('',#3608);
#3608 = CARTESIAN_POINT('',(41.9,28.9,21.5));
#3609 = LINE('',#3610,#3611);
#3610 = CARTESIAN_POINT('',(20.95,28.9,21.5));
#3611 = VECTOR('',#3612,1.);
#3612 = DIRECTION('',(-1.,-0.,0.));
#3613 = ORIENTED_EDGE('',*,*,#3614,.T.);
#3614 = EDGE_CURVE('',#3607,#3615,#3617,.T.);
#3615 = VERTEX_POINT('',#3616);
#3616 = CARTESIAN_POINT('',(41.9,32.9,21.5));
#3617 = LINE('',#3618,#3619);
#3618 = CARTESIAN_POINT('',(41.9,14.45,21.5));
#3619 = VECTOR('',#3620,1.);
#3620 = DIRECTION('',(-0.,1.,0.));
#3621 = ORIENTED_EDGE('',*,*,#3622,.F.);
#3622 = EDGE_CURVE('',#3623,#3615,#3625,.T.);
#3623 = VERTEX_POINT('',#3624);
#3624 = CARTESIAN_POINT('',(46.9,32.9,21.5));
#3625 = LINE('',#3626,#3627);
#3626 = CARTESIAN_POINT('',(20.95,32.9,21.5));
#3627 = VECTOR('',#3628,1.);
#3628 = DIRECTION('',(-1.,-0.,0.));
#3629 = ORIENTED_EDGE('',*,*,#3630,.F.);
#3630 = EDGE_CURVE('',#3605,#3623,#3631,.T.);
#3631 = LINE('',#3632,#3633);
#3632 = CARTESIAN_POINT('',(46.9,14.45,21.5));
#3633 = VECTOR('',#3634,1.);
#3634 = DIRECTION('',(-0.,1.,0.));
#3635 = FACE_BOUND('',#3636,.T.);
#3636 = EDGE_LOOP('',(#3637));
#3637 = ORIENTED_EDGE('',*,*,#3638,.F.);
#3638 = EDGE_CURVE('',#3639,#3639,#3641,.T.);
#3639 = VERTEX_POINT('',#3640);
#3640 = CARTESIAN_POINT('',(87.6,15.4,21.5));
#3641 = CIRCLE('',#3642,1.7);
#3642 = AXIS2_PLACEMENT_3D('',#3643,#3644,#3645);
#3643 = CARTESIAN_POINT('',(85.9,15.4,21.5));
#3644 = DIRECTION('',(0.,0.,1.));
#3645 = DIRECTION('',(1.,0.,-0.));
#3646 = FACE_BOUND('',#3647,.T.);
#3647 = EDGE_LOOP('',(#3648,#3658,#3666,#3674));
#3648 = ORIENTED_EDGE('',*,*,#3649,.T.);
#3649 = EDGE_CURVE('',#3650,#3652,#3654,.T.);
#3650 = VERTEX_POINT('',#3651);
#3651 = CARTESIAN_POINT('',(55.9,20.9,21.5));
#3652 = VERTEX_POINT('',#3653);
#3653 = CARTESIAN_POINT('',(50.9,20.9,21.5));
#3654 = LINE('',#3655,#3656);
#3655 = CARTESIAN_POINT('',(25.45,20.9,21.5));
#3656 = VECTOR('',#3657,1.);
#3657 = DIRECTION('',(-1.,-0.,0.));
#3658 = ORIENTED_EDGE('',*,*,#3659,.T.);
#3659 = EDGE_CURVE('',#3652,#3660,#3662,.T.);
#3660 = VERTEX_POINT('',#3661);
#3661 = CARTESIAN_POINT('',(50.9,24.9,21.5));
#3662 = LINE('',#3663,#3664);
#3663 = CARTESIAN_POINT('',(50.9,10.45,21.5));
#3664 = VECTOR('',#3665,1.);
#3665 = DIRECTION('',(-0.,1.,0.));
#3666 = ORIENTED_EDGE('',*,*,#3667,.F.);
#3667 = EDGE_CURVE('',#3668,#3660,#3670,.T.);
#3668 = VERTEX_POINT('',#3669);
#3669 = CARTESIAN_POINT('',(55.9,24.9,21.5));
#3670 = LINE('',#3671,#3672);
#3671 = CARTESIAN_POINT('',(25.45,24.9,21.5));
#3672 = VECTOR('',#3673,1.);
#3673 = DIRECTION('',(-1.,-0.,0.));
#3674 = ORIENTED_EDGE('',*,*,#3675,.F.);
#3675 = EDGE_CURVE('',#3650,#3668,#3676,.T.);
#3676 = LINE('',#3677,#3678);
#3677 = CARTESIAN_POINT('',(55.9,10.45,21.5));
#3678 = VECTOR('',#3679,1.);
#3679 = DIRECTION('',(-0.,1.,0.));
#3680 = FACE_BOUND('',#3681,.T.);
#3681 = EDGE_LOOP('',(#3682));
#3682 = ORIENTED_EDGE('',*,*,#3683,.F.);
#3683 = EDGE_CURVE('',#3684,#3684,#3686,.T.);
#3684 = VERTEX_POINT('',#3685);
#3685 = CARTESIAN_POINT('',(50.2,27.,21.5));
#3686 = CIRCLE('',#3687,1.7);
#3687 = AXIS2_PLACEMENT_3D('',#3688,#3689,#3690);
#3688 = CARTESIAN_POINT('',(48.5,27.,21.5));
#3689 = DIRECTION('',(0.,0.,1.));
#3690 = DIRECTION('',(1.,0.,-0.));
#3691 = FACE_BOUND('',#3692,.T.);
#3692 = EDGE_LOOP('',(#3693,#3703,#3711,#3719));
#3693 = ORIENTED_EDGE('',*,*,#3694,.T.);
#3694 = EDGE_CURVE('',#3695,#3697,#3699,.T.);
#3695 = VERTEX_POINT('',#3696);
#3696 = CARTESIAN_POINT('',(64.9,20.9,21.5));
#3697 = VERTEX_POINT('',#3698);
#3698 = CARTESIAN_POINT('',(59.9,20.9,21.5));
#3699 = LINE('',#3700,#3701);
#3700 = CARTESIAN_POINT('',(29.95,20.9,21.5));
#3701 = VECTOR('',#3702,1.);
#3702 = DIRECTION('',(-1.,-0.,0.));
#3703 = ORIENTED_EDGE('',*,*,#3704,.T.);
#3704 = EDGE_CURVE('',#3697,#3705,#3707,.T.);
#3705 = VERTEX_POINT('',#3706);
#3706 = CARTESIAN_POINT('',(59.9,24.9,21.5));
#3707 = LINE('',#3708,#3709);
#3708 = CARTESIAN_POINT('',(59.9,10.45,21.5));
#3709 = VECTOR('',#3710,1.);
#3710 = DIRECTION('',(-0.,1.,0.));
#3711 = ORIENTED_EDGE('',*,*,#3712,.F.);
#3712 = EDGE_CURVE('',#3713,#3705,#3715,.T.);
#3713 = VERTEX_POINT('',#3714);
#3714 = CARTESIAN_POINT('',(64.9,24.9,21.5));
#3715 = LINE('',#3716,#3717);
#3716 = CARTESIAN_POINT('',(29.95,24.9,21.5));
#3717 = VECTOR('',#3718,1.);
#3718 = DIRECTION('',(-1.,-0.,0.));
#3719 = ORIENTED_EDGE('',*,*,#3720,.F.);
#3720 = EDGE_CURVE('',#3695,#3713,#3721,.T.);
#3721 = LINE('',#3722,#3723);
#3722 = CARTESIAN_POINT('',(64.9,10.45,21.5));
#3723 = VECTOR('',#3724,1.);
#3724 = DIRECTION('',(-0.,1.,0.));
#3725 = FACE_BOUND('',#3726,.T.);
#3726 = EDGE_LOOP('',(#3727,#3737,#3745,#3753));
#3727 = ORIENTED_EDGE('',*,*,#3728,.T.);
#3728 = EDGE_CURVE('',#3729,#3731,#3733,.T.);
#3729 = VERTEX_POINT('',#3730);
#3730 = CARTESIAN_POINT('',(55.9,28.9,21.5));
#3731 = VERTEX_POINT('',#3732);
#3732 = CARTESIAN_POINT('',(50.9,28.9,21.5));
#3733 = LINE('',#3734,#3735);
#3734 = CARTESIAN_POINT('',(25.45,28.9,21.5));
#3735 = VECTOR('',#3736,1.);
#3736 = DIRECTION('',(-1.,-0.,0.));
#3737 = ORIENTED_EDGE('',*,*,#3738,.T.);
#3738 = EDGE_CURVE('',#3731,#3739,#3741,.T.);
#3739 = VERTEX_POINT('',#3740);
#3740 = CARTESIAN_POINT('',(50.9,32.9,21.5));
#3741 = LINE('',#3742,#3743);
#3742 = CARTESIAN_POINT('',(50.9,14.45,21.5));
#3743 = VECTOR('',#3744,1.);
#3744 = DIRECTION('',(-0.,1.,0.));
#3745 = ORIENTED_EDGE('',*,*,#3746,.F.);
#3746 = EDGE_CURVE('',#3747,#3739,#3749,.T.);
#3747 = VERTEX_POINT('',#3748);
#3748 = CARTESIAN_POINT('',(55.9,32.9,21.5));
#3749 = LINE('',#3750,#3751);
#3750 = CARTESIAN_POINT('',(25.45,32.9,21.5));
#3751 = VECTOR('',#3752,1.);
#3752 = DIRECTION('',(-1.,-0.,0.));
#3753 = ORIENTED_EDGE('',*,*,#3754,.F.);
#3754 = EDGE_CURVE('',#3729,#3747,#3755,.T.);
#3755 = LINE('',#3756,#3757);
#3756 = CARTESIAN_POINT('',(55.9,14.45,21.5));
#3757 = VECTOR('',#3758,1.);
#3758 = DIRECTION('',(-0.,1.,0.));
#3759 = FACE_BOUND('',#3760,.T.);
#3760 = EDGE_LOOP('',(#3761,#3771,#3779,#3787));
#3761 = ORIENTED_EDGE('',*,*,#3762,.T.);
#3762 = EDGE_CURVE('',#3763,#3765,#3767,.T.);
#3763 = VERTEX_POINT('',#3764);
#3764 = CARTESIAN_POINT('',(64.9,28.9,21.5));
#3765 = VERTEX_POINT('',#3766);
#3766 = CARTESIAN_POINT('',(59.9,28.9,21.5));
#3767 = LINE('',#3768,#3769);
#3768 = CARTESIAN_POINT('',(29.95,28.9,21.5));
#3769 = VECTOR('',#3770,1.);
#3770 = DIRECTION('',(-1.,-0.,0.));
#3771 = ORIENTED_EDGE('',*,*,#3772,.T.);
#3772 = EDGE_CURVE('',#3765,#3773,#3775,.T.);
#3773 = VERTEX_POINT('',#3774);
#3774 = CARTESIAN_POINT('',(59.9,32.9,21.5));
#3775 = LINE('',#3776,#3777);
#3776 = CARTESIAN_POINT('',(59.9,14.45,21.5));
#3777 = VECTOR('',#3778,1.);
#3778 = DIRECTION('',(-0.,1.,0.));
#3779 = ORIENTED_EDGE('',*,*,#3780,.F.);
#3780 = EDGE_CURVE('',#3781,#3773,#3783,.T.);
#3781 = VERTEX_POINT('',#3782);
#3782 = CARTESIAN_POINT('',(64.9,32.9,21.5));
#3783 = LINE('',#3784,#3785);
#3784 = CARTESIAN_POINT('',(29.95,32.9,21.5));
#3785 = VECTOR('',#3786,1.);
#3786 = DIRECTION('',(-1.,-0.,0.));
#3787 = ORIENTED_EDGE('',*,*,#3788,.F.);
#3788 = EDGE_CURVE('',#3763,#3781,#3789,.T.);
#3789 = LINE('',#3790,#3791);
#3790 = CARTESIAN_POINT('',(64.9,14.45,21.5));
#3791 = VECTOR('',#3792,1.);
#3792 = DIRECTION('',(-0.,1.,0.));
#3793 = FACE_BOUND('',#3794,.T.);
#3794 = EDGE_LOOP('',(#3795,#3805,#3813,#3821));
#3795 = ORIENTED_EDGE('',*,*,#3796,.T.);
#3796 = EDGE_CURVE('',#3797,#3799,#3801,.T.);
#3797 = VERTEX_POINT('',#3798);
#3798 = CARTESIAN_POINT('',(73.9,20.9,21.5));
#3799 = VERTEX_POINT('',#3800);
#3800 = CARTESIAN_POINT('',(68.9,20.9,21.5));
#3801 = LINE('',#3802,#3803);
#3802 = CARTESIAN_POINT('',(34.45,20.9,21.5));
#3803 = VECTOR('',#3804,1.);
#3804 = DIRECTION('',(-1.,-0.,0.));
#3805 = ORIENTED_EDGE('',*,*,#3806,.T.);
#3806 = EDGE_CURVE('',#3799,#3807,#3809,.T.);
#3807 = VERTEX_POINT('',#3808);
#3808 = CARTESIAN_POINT('',(68.9,24.9,21.5));
#3809 = LINE('',#3810,#3811);
#3810 = CARTESIAN_POINT('',(68.9,10.45,21.5));
#3811 = VECTOR('',#3812,1.);
#3812 = DIRECTION('',(-0.,1.,0.));
#3813 = ORIENTED_EDGE('',*,*,#3814,.F.);
#3814 = EDGE_CURVE('',#3815,#3807,#3817,.T.);
#3815 = VERTEX_POINT('',#3816);
#3816 = CARTESIAN_POINT('',(73.9,24.9,21.5));
#3817 = LINE('',#3818,#3819);
#3818 = CARTESIAN_POINT('',(34.45,24.9,21.5));
#3819 = VECTOR('',#3820,1.);
#3820 = DIRECTION('',(-1.,-0.,0.));
#3821 = ORIENTED_EDGE('',*,*,#3822,.F.);
#3822 = EDGE_CURVE('',#3797,#3815,#3823,.T.);
#3823 = LINE('',#3824,#3825);
#3824 = CARTESIAN_POINT('',(73.9,10.45,21.5));
#3825 = VECTOR('',#3826,1.);
#3826 = DIRECTION('',(-0.,1.,0.));
#3827 = FACE_BOUND('',#3828,.T.);
#3828 = EDGE_LOOP('',(#3829,#3839,#3847,#3855));
#3829 = ORIENTED_EDGE('',*,*,#3830,.T.);
#3830 = EDGE_CURVE('',#3831,#3833,#3835,.T.);
#3831 = VERTEX_POINT('',#3832);
#3832 = CARTESIAN_POINT('',(82.9,20.9,21.5));
#3833 = VERTEX_POINT('',#3834);
#3834 = CARTESIAN_POINT('',(77.9,20.9,21.5));
#3835 = LINE('',#3836,#3837);
#3836 = CARTESIAN_POINT('',(38.95,20.9,21.5));
#3837 = VECTOR('',#3838,1.);
#3838 = DIRECTION('',(-1.,-0.,0.));
#3839 = ORIENTED_EDGE('',*,*,#3840,.T.);
#3840 = EDGE_CURVE('',#3833,#3841,#3843,.T.);
#3841 = VERTEX_POINT('',#3842);
#3842 = CARTESIAN_POINT('',(77.9,24.9,21.5));
#3843 = LINE('',#3844,#3845);
#3844 = CARTESIAN_POINT('',(77.9,10.45,21.5));
#3845 = VECTOR('',#3846,1.);
#3846 = DIRECTION('',(-0.,1.,0.));
#3847 = ORIENTED_EDGE('',*,*,#3848,.F.);
#3848 = EDGE_CURVE('',#3849,#3841,#3851,.T.);
#3849 = VERTEX_POINT('',#3850);
#3850 = CARTESIAN_POINT('',(82.9,24.9,21.5));
#3851 = LINE('',#3852,#3853);
#3852 = CARTESIAN_POINT('',(38.95,24.9,21.5));
#3853 = VECTOR('',#3854,1.);
#3854 = DIRECTION('',(-1.,-0.,0.));
#3855 = ORIENTED_EDGE('',*,*,#3856,.F.);
#3856 = EDGE_CURVE('',#3831,#3849,#3857,.T.);
#3857 = LINE('',#3858,#3859);
#3858 = CARTESIAN_POINT('',(82.9,10.45,21.5));
#3859 = VECTOR('',#3860,1.);
#3860 = DIRECTION('',(-0.,1.,0.));
#3861 = FACE_BOUND('',#3862,.T.);
#3862 = EDGE_LOOP('',(#3863,#3873,#3881,#3889));
#3863 = ORIENTED_EDGE('',*,*,#3864,.T.);
#3864 = EDGE_CURVE('',#3865,#3867,#3869,.T.);
#3865 = VERTEX_POINT('',#3866);
#3866 = CARTESIAN_POINT('',(73.9,28.9,21.5));
#3867 = VERTEX_POINT('',#3868);
#3868 = CARTESIAN_POINT('',(68.9,28.9,21.5));
#3869 = LINE('',#3870,#3871);
#3870 = CARTESIAN_POINT('',(34.45,28.9,21.5));
#3871 = VECTOR('',#3872,1.);
#3872 = DIRECTION('',(-1.,-0.,0.));
#3873 = ORIENTED_EDGE('',*,*,#3874,.T.);
#3874 = EDGE_CURVE('',#3867,#3875,#3877,.T.);
#3875 = VERTEX_POINT('',#3876);
#3876 = CARTESIAN_POINT('',(68.9,32.9,21.5));
#3877 = LINE('',#3878,#3879);
#3878 = CARTESIAN_POINT('',(68.9,14.45,21.5));
#3879 = VECTOR('',#3880,1.);
#3880 = DIRECTION('',(-0.,1.,0.));
#3881 = ORIENTED_EDGE('',*,*,#3882,.F.);
#3882 = EDGE_CURVE('',#3883,#3875,#3885,.T.);
#3883 = VERTEX_POINT('',#3884);
#3884 = CARTESIAN_POINT('',(73.9,32.9,21.5));
#3885 = LINE('',#3886,#3887);
#3886 = CARTESIAN_POINT('',(34.45,32.9,21.5));
#3887 = VECTOR('',#3888,1.);
#3888 = DIRECTION('',(-1.,-0.,0.));
#3889 = ORIENTED_EDGE('',*,*,#3890,.F.);
#3890 = EDGE_CURVE('',#3865,#3883,#3891,.T.);
#3891 = LINE('',#3892,#3893);
#3892 = CARTESIAN_POINT('',(73.9,14.45,21.5));
#3893 = VECTOR('',#3894,1.);
#3894 = DIRECTION('',(-0.,1.,0.));
#3895 = FACE_BOUND('',#3896,.T.);
#3896 = EDGE_LOOP('',(#3897,#3907,#3915,#3923));
#3897 = ORIENTED_EDGE('',*,*,#3898,.T.);
#3898 = EDGE_CURVE('',#3899,#3901,#3903,.T.);
#3899 = VERTEX_POINT('',#3900);
#3900 = CARTESIAN_POINT('',(82.9,28.9,21.5));
#3901 = VERTEX_POINT('',#3902);
#3902 = CARTESIAN_POINT('',(77.9,28.9,21.5));
#3903 = LINE('',#3904,#3905);
#3904 = CARTESIAN_POINT('',(38.95,28.9,21.5));
#3905 = VECTOR('',#3906,1.);
#3906 = DIRECTION('',(-1.,-0.,0.));
#3907 = ORIENTED_EDGE('',*,*,#3908,.T.);
#3908 = EDGE_CURVE('',#3901,#3909,#3911,.T.);
#3909 = VERTEX_POINT('',#3910);
#3910 = CARTESIAN_POINT('',(77.9,32.9,21.5));
#3911 = LINE('',#3912,#3913);
#3912 = CARTESIAN_POINT('',(77.9,14.45,21.5));
#3913 = VECTOR('',#3914,1.);
#3914 = DIRECTION('',(-0.,1.,0.));
#3915 = ORIENTED_EDGE('',*,*,#3916,.F.);
#3916 = EDGE_CURVE('',#3917,#3909,#3919,.T.);
#3917 = VERTEX_POINT('',#3918);
#3918 = CARTESIAN_POINT('',(82.9,32.9,21.5));
#3919 = LINE('',#3920,#3921);
#3920 = CARTESIAN_POINT('',(38.95,32.9,21.5));
#3921 = VECTOR('',#3922,1.);
#3922 = DIRECTION('',(-1.,-0.,0.));
#3923 = ORIENTED_EDGE('',*,*,#3924,.F.);
#3924 = EDGE_CURVE('',#3899,#3917,#3925,.T.);
#3925 = LINE('',#3926,#3927);
#3926 = CARTESIAN_POINT('',(82.9,14.45,21.5));
#3927 = VECTOR('',#3928,1.);
#3928 = DIRECTION('',(-0.,1.,0.));
#3929 = FACE_BOUND('',#3930,.T.);
#3930 = EDGE_LOOP('',(#3931,#3941,#3949,#3957));
#3931 = ORIENTED_EDGE('',*,*,#3932,.T.);
#3932 = EDGE_CURVE('',#3933,#3935,#3937,.T.);
#3933 = VERTEX_POINT('',#3934);
#3934 = CARTESIAN_POINT('',(19.9,36.9,21.5));
#3935 = VERTEX_POINT('',#3936);
#3936 = CARTESIAN_POINT('',(14.9,36.9,21.5));
#3937 = LINE('',#3938,#3939);
#3938 = CARTESIAN_POINT('',(7.45,36.9,21.5));
#3939 = VECTOR('',#3940,1.);
#3940 = DIRECTION('',(-1.,-0.,0.));
#3941 = ORIENTED_EDGE('',*,*,#3942,.T.);
#3942 = EDGE_CURVE('',#3935,#3943,#3945,.T.);
#3943 = VERTEX_POINT('',#3944);
#3944 = CARTESIAN_POINT('',(14.9,40.9,21.5));
#3945 = LINE('',#3946,#3947);
#3946 = CARTESIAN_POINT('',(14.9,18.45,21.5));
#3947 = VECTOR('',#3948,1.);
#3948 = DIRECTION('',(-0.,1.,0.));
#3949 = ORIENTED_EDGE('',*,*,#3950,.F.);
#3950 = EDGE_CURVE('',#3951,#3943,#3953,.T.);
#3951 = VERTEX_POINT('',#3952);
#3952 = CARTESIAN_POINT('',(19.9,40.9,21.5));
#3953 = LINE('',#3954,#3955);
#3954 = CARTESIAN_POINT('',(7.45,40.9,21.5));
#3955 = VECTOR('',#3956,1.);
#3956 = DIRECTION('',(-1.,-0.,0.));
#3957 = ORIENTED_EDGE('',*,*,#3958,.F.);
#3958 = EDGE_CURVE('',#3933,#3951,#3959,.T.);
#3959 = LINE('',#3960,#3961);
#3960 = CARTESIAN_POINT('',(19.9,18.45,21.5));
#3961 = VECTOR('',#3962,1.);
#3962 = DIRECTION('',(-0.,1.,0.));
#3963 = FACE_BOUND('',#3964,.T.);
#3964 = EDGE_LOOP('',(#3965,#3975,#3983,#3991));
#3965 = ORIENTED_EDGE('',*,*,#3966,.T.);
#3966 = EDGE_CURVE('',#3967,#3969,#3971,.T.);
#3967 = VERTEX_POINT('',#3968);
#3968 = CARTESIAN_POINT('',(19.9,44.9,21.5));
#3969 = VERTEX_POINT('',#3970);
#3970 = CARTESIAN_POINT('',(14.9,44.9,21.5));
#3971 = LINE('',#3972,#3973);
#3972 = CARTESIAN_POINT('',(7.45,44.9,21.5));
#3973 = VECTOR('',#3974,1.);
#3974 = DIRECTION('',(-1.,-0.,0.));
#3975 = ORIENTED_EDGE('',*,*,#3976,.T.);
#3976 = EDGE_CURVE('',#3969,#3977,#3979,.T.);
#3977 = VERTEX_POINT('',#3978);
#3978 = CARTESIAN_POINT('',(14.9,48.9,21.5));
#3979 = LINE('',#3980,#3981);
#3980 = CARTESIAN_POINT('',(14.9,22.45,21.5));
#3981 = VECTOR('',#3982,1.);
#3982 = DIRECTION('',(-0.,1.,0.));
#3983 = ORIENTED_EDGE('',*,*,#3984,.F.);
#3984 = EDGE_CURVE('',#3985,#3977,#3987,.T.);
#3985 = VERTEX_POINT('',#3986);
#3986 = CARTESIAN_POINT('',(19.9,48.9,21.5));
#3987 = LINE('',#3988,#3989);
#3988 = CARTESIAN_POINT('',(7.45,48.9,21.5));
#3989 = VECTOR('',#3990,1.);
#3990 = DIRECTION('',(-1.,-0.,0.));
#3991 = ORIENTED_EDGE('',*,*,#3992,.F.);
#3992 = EDGE_CURVE('',#3967,#3985,#3993,.T.);
#3993 = LINE('',#3994,#3995);
#3994 = CARTESIAN_POINT('',(19.9,22.45,21.5));
#3995 = VECTOR('',#3996,1.);
#3996 = DIRECTION('',(-0.,1.,0.));
#3997 = FACE_BOUND('',#3998,.T.);
#3998 = EDGE_LOOP('',(#3999,#4009,#4017,#4025));
#3999 = ORIENTED_EDGE('',*,*,#4000,.T.);
#4000 = EDGE_CURVE('',#4001,#4003,#4005,.T.);
#4001 = VERTEX_POINT('',#4002);
#4002 = CARTESIAN_POINT('',(28.9,36.9,21.5));
#4003 = VERTEX_POINT('',#4004);
#4004 = CARTESIAN_POINT('',(23.9,36.9,21.5));
#4005 = LINE('',#4006,#4007);
#4006 = CARTESIAN_POINT('',(11.95,36.9,21.5));
#4007 = VECTOR('',#4008,1.);
#4008 = DIRECTION('',(-1.,-0.,0.));
#4009 = ORIENTED_EDGE('',*,*,#4010,.T.);
#4010 = EDGE_CURVE('',#4003,#4011,#4013,.T.);
#4011 = VERTEX_POINT('',#4012);
#4012 = CARTESIAN_POINT('',(23.9,40.9,21.5));
#4013 = LINE('',#4014,#4015);
#4014 = CARTESIAN_POINT('',(23.9,18.45,21.5));
#4015 = VECTOR('',#4016,1.);
#4016 = DIRECTION('',(-0.,1.,0.));
#4017 = ORIENTED_EDGE('',*,*,#4018,.F.);
#4018 = EDGE_CURVE('',#4019,#4011,#4021,.T.);
#4019 = VERTEX_POINT('',#4020);
#4020 = CARTESIAN_POINT('',(28.9,40.9,21.5));
#4021 = LINE('',#4022,#4023);
#4022 = CARTESIAN_POINT('',(11.95,40.9,21.5));
#4023 = VECTOR('',#4024,1.);
#4024 = DIRECTION('',(-1.,-0.,0.));
#4025 = ORIENTED_EDGE('',*,*,#4026,.F.);
#4026 = EDGE_CURVE('',#4001,#4019,#4027,.T.);
#4027 = LINE('',#4028,#4029);
#4028 = CARTESIAN_POINT('',(28.9,18.45,21.5));
#4029 = VECTOR('',#4030,1.);
#4030 = DIRECTION('',(-0.,1.,0.));
#4031 = FACE_BOUND('',#4032,.T.);
#4032 = EDGE_LOOP('',(#4033,#4043,#4051,#4059));
#4033 = ORIENTED_EDGE('',*,*,#4034,.T.);
#4034 = EDGE_CURVE('',#4035,#4037,#4039,.T.);
#4035 = VERTEX_POINT('',#4036);
#4036 = CARTESIAN_POINT('',(37.9,36.9,21.5));
#4037 = VERTEX_POINT('',#4038);
#4038 = CARTESIAN_POINT('',(32.9,36.9,21.5));
#4039 = LINE('',#4040,#4041);
#4040 = CARTESIAN_POINT('',(16.45,36.9,21.5));
#4041 = VECTOR('',#4042,1.);
#4042 = DIRECTION('',(-1.,-0.,0.));
#4043 = ORIENTED_EDGE('',*,*,#4044,.T.);
#4044 = EDGE_CURVE('',#4037,#4045,#4047,.T.);
#4045 = VERTEX_POINT('',#4046);
#4046 = CARTESIAN_POINT('',(32.9,40.9,21.5));
#4047 = LINE('',#4048,#4049);
#4048 = CARTESIAN_POINT('',(32.9,18.45,21.5));
#4049 = VECTOR('',#4050,1.);
#4050 = DIRECTION('',(-0.,1.,0.));
#4051 = ORIENTED_EDGE('',*,*,#4052,.F.);
#4052 = EDGE_CURVE('',#4053,#4045,#4055,.T.);
#4053 = VERTEX_POINT('',#4054);
#4054 = CARTESIAN_POINT('',(37.9,40.9,21.5));
#4055 = LINE('',#4056,#4057);
#4056 = CARTESIAN_POINT('',(16.45,40.9,21.5));
#4057 = VECTOR('',#4058,1.);
#4058 = DIRECTION('',(-1.,-0.,0.));
#4059 = ORIENTED_EDGE('',*,*,#4060,.F.);
#4060 = EDGE_CURVE('',#4035,#4053,#4061,.T.);
#4061 = LINE('',#4062,#4063);
#4062 = CARTESIAN_POINT('',(37.9,18.45,21.5));
#4063 = VECTOR('',#4064,1.);
#4064 = DIRECTION('',(-0.,1.,0.));
#4065 = FACE_BOUND('',#4066,.T.);
#4066 = EDGE_LOOP('',(#4067,#4077,#4085,#4093));
#4067 = ORIENTED_EDGE('',*,*,#4068,.T.);
#4068 = EDGE_CURVE('',#4069,#4071,#4073,.T.);
#4069 = VERTEX_POINT('',#4070);
#4070 = CARTESIAN_POINT('',(46.9,36.9,21.5));
#4071 = VERTEX_POINT('',#4072);
#4072 = CARTESIAN_POINT('',(41.9,36.9,21.5));
#4073 = LINE('',#4074,#4075);
#4074 = CARTESIAN_POINT('',(20.95,36.9,21.5));
#4075 = VECTOR('',#4076,1.);
#4076 = DIRECTION('',(-1.,-0.,0.));
#4077 = ORIENTED_EDGE('',*,*,#4078,.T.);
#4078 = EDGE_CURVE('',#4071,#4079,#4081,.T.);
#4079 = VERTEX_POINT('',#4080);
#4080 = CARTESIAN_POINT('',(41.9,40.9,21.5));
#4081 = LINE('',#4082,#4083);
#4082 = CARTESIAN_POINT('',(41.9,18.45,21.5));
#4083 = VECTOR('',#4084,1.);
#4084 = DIRECTION('',(-0.,1.,0.));
#4085 = ORIENTED_EDGE('',*,*,#4086,.F.);
#4086 = EDGE_CURVE('',#4087,#4079,#4089,.T.);
#4087 = VERTEX_POINT('',#4088);
#4088 = CARTESIAN_POINT('',(46.9,40.9,21.5));
#4089 = LINE('',#4090,#4091);
#4090 = CARTESIAN_POINT('',(20.95,40.9,21.5));
#4091 = VECTOR('',#4092,1.);
#4092 = DIRECTION('',(-1.,-0.,0.));
#4093 = ORIENTED_EDGE('',*,*,#4094,.F.);
#4094 = EDGE_CURVE('',#4069,#4087,#4095,.T.);
#4095 = LINE('',#4096,#4097);
#4096 = CARTESIAN_POINT('',(46.9,18.45,21.5));
#4097 = VECTOR('',#4098,1.);
#4098 = DIRECTION('',(-0.,1.,0.));
#4099 = FACE_BOUND('',#4100,.T.);
#4100 = EDGE_LOOP('',(#4101,#4111,#4119,#4127));
#4101 = ORIENTED_EDGE('',*,*,#4102,.T.);
#4102 = EDGE_CURVE('',#4103,#4105,#4107,.T.);
#4103 = VERTEX_POINT('',#4104);
#4104 = CARTESIAN_POINT('',(28.9,44.9,21.5));
#4105 = VERTEX_POINT('',#4106);
#4106 = CARTESIAN_POINT('',(23.9,44.9,21.5));
#4107 = LINE('',#4108,#4109);
#4108 = CARTESIAN_POINT('',(11.95,44.9,21.5));
#4109 = VECTOR('',#4110,1.);
#4110 = DIRECTION('',(-1.,-0.,0.));
#4111 = ORIENTED_EDGE('',*,*,#4112,.T.);
#4112 = EDGE_CURVE('',#4105,#4113,#4115,.T.);
#4113 = VERTEX_POINT('',#4114);
#4114 = CARTESIAN_POINT('',(23.9,48.9,21.5));
#4115 = LINE('',#4116,#4117);
#4116 = CARTESIAN_POINT('',(23.9,22.45,21.5));
#4117 = VECTOR('',#4118,1.);
#4118 = DIRECTION('',(-0.,1.,0.));
#4119 = ORIENTED_EDGE('',*,*,#4120,.F.);
#4120 = EDGE_CURVE('',#4121,#4113,#4123,.T.);
#4121 = VERTEX_POINT('',#4122);
#4122 = CARTESIAN_POINT('',(28.9,48.9,21.5));
#4123 = LINE('',#4124,#4125);
#4124 = CARTESIAN_POINT('',(11.95,48.9,21.5));
#4125 = VECTOR('',#4126,1.);
#4126 = DIRECTION('',(-1.,-0.,0.));
#4127 = ORIENTED_EDGE('',*,*,#4128,.F.);
#4128 = EDGE_CURVE('',#4103,#4121,#4129,.T.);
#4129 = LINE('',#4130,#4131);
#4130 = CARTESIAN_POINT('',(28.9,22.45,21.5));
#4131 = VECTOR('',#4132,1.);
#4132 = DIRECTION('',(-0.,1.,0.));
#4133 = FACE_BOUND('',#4134,.T.);
#4134 = EDGE_LOOP('',(#4135,#4145,#4153,#4161));
#4135 = ORIENTED_EDGE('',*,*,#4136,.T.);
#4136 = EDGE_CURVE('',#4137,#4139,#4141,.T.);
#4137 = VERTEX_POINT('',#4138);
#4138 = CARTESIAN_POINT('',(37.9,44.9,21.5));
#4139 = VERTEX_POINT('',#4140);
#4140 = CARTESIAN_POINT('',(32.9,44.9,21.5));
#4141 = LINE('',#4142,#4143);
#4142 = CARTESIAN_POINT('',(16.45,44.9,21.5));
#4143 = VECTOR('',#4144,1.);
#4144 = DIRECTION('',(-1.,-0.,0.));
#4145 = ORIENTED_EDGE('',*,*,#4146,.T.);
#4146 = EDGE_CURVE('',#4139,#4147,#4149,.T.);
#4147 = VERTEX_POINT('',#4148);
#4148 = CARTESIAN_POINT('',(32.9,48.9,21.5));
#4149 = LINE('',#4150,#4151);
#4150 = CARTESIAN_POINT('',(32.9,22.45,21.5));
#4151 = VECTOR('',#4152,1.);
#4152 = DIRECTION('',(-0.,1.,0.));
#4153 = ORIENTED_EDGE('',*,*,#4154,.F.);
#4154 = EDGE_CURVE('',#4155,#4147,#4157,.T.);
#4155 = VERTEX_POINT('',#4156);
#4156 = CARTESIAN_POINT('',(37.9,48.9,21.5));
#4157 = LINE('',#4158,#4159);
#4158 = CARTESIAN_POINT('',(16.45,48.9,21.5));
#4159 = VECTOR('',#4160,1.);
#4160 = DIRECTION('',(-1.,-0.,0.));
#4161 = ORIENTED_EDGE('',*,*,#4162,.F.);
#4162 = EDGE_CURVE('',#4137,#4155,#4163,.T.);
#4163 = LINE('',#4164,#4165);
#4164 = CARTESIAN_POINT('',(37.9,22.45,21.5));
#4165 = VECTOR('',#4166,1.);
#4166 = DIRECTION('',(-0.,1.,0.));
#4167 = FACE_BOUND('',#4168,.T.);
#4168 = EDGE_LOOP('',(#4169,#4179,#4187,#4195));
#4169 = ORIENTED_EDGE('',*,*,#4170,.T.);
#4170 = EDGE_CURVE('',#4171,#4173,#4175,.T.);
#4171 = VERTEX_POINT('',#4172);
#4172 = CARTESIAN_POINT('',(46.9,44.9,21.5));
#4173 = VERTEX_POINT('',#4174);
#4174 = CARTESIAN_POINT('',(41.9,44.9,21.5));
#4175 = LINE('',#4176,#4177);
#4176 = CARTESIAN_POINT('',(20.95,44.9,21.5));
#4177 = VECTOR('',#4178,1.);
#4178 = DIRECTION('',(-1.,-0.,0.));
#4179 = ORIENTED_EDGE('',*,*,#4180,.T.);
#4180 = EDGE_CURVE('',#4173,#4181,#4183,.T.);
#4181 = VERTEX_POINT('',#4182);
#4182 = CARTESIAN_POINT('',(41.9,48.9,21.5));
#4183 = LINE('',#4184,#4185);
#4184 = CARTESIAN_POINT('',(41.9,22.45,21.5));
#4185 = VECTOR('',#4186,1.);
#4186 = DIRECTION('',(-0.,1.,0.));
#4187 = ORIENTED_EDGE('',*,*,#4188,.F.);
#4188 = EDGE_CURVE('',#4189,#4181,#4191,.T.);
#4189 = VERTEX_POINT('',#4190);
#4190 = CARTESIAN_POINT('',(46.9,48.9,21.5));
#4191 = LINE('',#4192,#4193);
#4192 = CARTESIAN_POINT('',(20.95,48.9,21.5));
#4193 = VECTOR('',#4194,1.);
#4194 = DIRECTION('',(-1.,-0.,0.));
#4195 = ORIENTED_EDGE('',*,*,#4196,.F.);
#4196 = EDGE_CURVE('',#4171,#4189,#4197,.T.);
#4197 = LINE('',#4198,#4199);
#4198 = CARTESIAN_POINT('',(46.9,22.45,21.5));
#4199 = VECTOR('',#4200,1.);
#4200 = DIRECTION('',(-0.,1.,0.));
#4201 = FACE_BOUND('',#4202,.T.);
#4202 = EDGE_LOOP('',(#4203,#4213,#4221,#4229));
#4203 = ORIENTED_EDGE('',*,*,#4204,.T.);
#4204 = EDGE_CURVE('',#4205,#4207,#4209,.T.);
#4205 = VERTEX_POINT('',#4206);
#4206 = CARTESIAN_POINT('',(19.9,52.9,21.5));
#4207 = VERTEX_POINT('',#4208);
#4208 = CARTESIAN_POINT('',(14.9,52.9,21.5));
#4209 = LINE('',#4210,#4211);
#4210 = CARTESIAN_POINT('',(7.45,52.9,21.5));
#4211 = VECTOR('',#4212,1.);
#4212 = DIRECTION('',(-1.,-0.,0.));
#4213 = ORIENTED_EDGE('',*,*,#4214,.T.);
#4214 = EDGE_CURVE('',#4207,#4215,#4217,.T.);
#4215 = VERTEX_POINT('',#4216);
#4216 = CARTESIAN_POINT('',(14.9,56.9,21.5));
#4217 = LINE('',#4218,#4219);
#4218 = CARTESIAN_POINT('',(14.9,26.45,21.5));
#4219 = VECTOR('',#4220,1.);
#4220 = DIRECTION('',(-0.,1.,0.));
#4221 = ORIENTED_EDGE('',*,*,#4222,.F.);
#4222 = EDGE_CURVE('',#4223,#4215,#4225,.T.);
#4223 = VERTEX_POINT('',#4224);
#4224 = CARTESIAN_POINT('',(19.9,56.9,21.5));
#4225 = LINE('',#4226,#4227);
#4226 = CARTESIAN_POINT('',(7.45,56.9,21.5));
#4227 = VECTOR('',#4228,1.);
#4228 = DIRECTION('',(-1.,-0.,0.));
#4229 = ORIENTED_EDGE('',*,*,#4230,.F.);
#4230 = EDGE_CURVE('',#4205,#4223,#4231,.T.);
#4231 = LINE('',#4232,#4233);
#4232 = CARTESIAN_POINT('',(19.9,26.45,21.5));
#4233 = VECTOR('',#4234,1.);
#4234 = DIRECTION('',(-0.,1.,0.));
#4235 = FACE_BOUND('',#4236,.T.);
#4236 = EDGE_LOOP('',(#4237,#4247,#4255,#4263));
#4237 = ORIENTED_EDGE('',*,*,#4238,.T.);
#4238 = EDGE_CURVE('',#4239,#4241,#4243,.T.);
#4239 = VERTEX_POINT('',#4240);
#4240 = CARTESIAN_POINT('',(19.9,60.9,21.5));
#4241 = VERTEX_POINT('',#4242);
#4242 = CARTESIAN_POINT('',(14.9,60.9,21.5));
#4243 = LINE('',#4244,#4245);
#4244 = CARTESIAN_POINT('',(7.45,60.9,21.5));
#4245 = VECTOR('',#4246,1.);
#4246 = DIRECTION('',(-1.,-0.,0.));
#4247 = ORIENTED_EDGE('',*,*,#4248,.T.);
#4248 = EDGE_CURVE('',#4241,#4249,#4251,.T.);
#4249 = VERTEX_POINT('',#4250);
#4250 = CARTESIAN_POINT('',(14.9,64.9,21.5));
#4251 = LINE('',#4252,#4253);
#4252 = CARTESIAN_POINT('',(14.9,30.45,21.5));
#4253 = VECTOR('',#4254,1.);
#4254 = DIRECTION('',(-0.,1.,0.));
#4255 = ORIENTED_EDGE('',*,*,#4256,.F.);
#4256 = EDGE_CURVE('',#4257,#4249,#4259,.T.);
#4257 = VERTEX_POINT('',#4258);
#4258 = CARTESIAN_POINT('',(19.9,64.9,21.5));
#4259 = LINE('',#4260,#4261);
#4260 = CARTESIAN_POINT('',(7.45,64.9,21.5));
#4261 = VECTOR('',#4262,1.);
#4262 = DIRECTION('',(-1.,-0.,0.));
#4263 = ORIENTED_EDGE('',*,*,#4264,.F.);
#4264 = EDGE_CURVE('',#4239,#4257,#4265,.T.);
#4265 = LINE('',#4266,#4267);
#4266 = CARTESIAN_POINT('',(19.9,30.45,21.5));
#4267 = VECTOR('',#4268,1.);
#4268 = DIRECTION('',(-0.,1.,0.));
#4269 = FACE_BOUND('',#4270,.T.);
#4270 = EDGE_LOOP('',(#4271,#4281,#4289,#4297));
#4271 = ORIENTED_EDGE('',*,*,#4272,.T.);
#4272 = EDGE_CURVE('',#4273,#4275,#4277,.T.);
#4273 = VERTEX_POINT('',#4274);
#4274 = CARTESIAN_POINT('',(28.9,52.9,21.5));
#4275 = VERTEX_POINT('',#4276);
#4276 = CARTESIAN_POINT('',(23.9,52.9,21.5));
#4277 = LINE('',#4278,#4279);
#4278 = CARTESIAN_POINT('',(11.95,52.9,21.5));
#4279 = VECTOR('',#4280,1.);
#4280 = DIRECTION('',(-1.,-0.,0.));
#4281 = ORIENTED_EDGE('',*,*,#4282,.T.);
#4282 = EDGE_CURVE('',#4275,#4283,#4285,.T.);
#4283 = VERTEX_POINT('',#4284);
#4284 = CARTESIAN_POINT('',(23.9,56.9,21.5));
#4285 = LINE('',#4286,#4287);
#4286 = CARTESIAN_POINT('',(23.9,26.45,21.5));
#4287 = VECTOR('',#4288,1.);
#4288 = DIRECTION('',(-0.,1.,0.));
#4289 = ORIENTED_EDGE('',*,*,#4290,.F.);
#4290 = EDGE_CURVE('',#4291,#4283,#4293,.T.);
#4291 = VERTEX_POINT('',#4292);
#4292 = CARTESIAN_POINT('',(28.9,56.9,21.5));
#4293 = LINE('',#4294,#4295);
#4294 = CARTESIAN_POINT('',(11.95,56.9,21.5));
#4295 = VECTOR('',#4296,1.);
#4296 = DIRECTION('',(-1.,-0.,0.));
#4297 = ORIENTED_EDGE('',*,*,#4298,.F.);
#4298 = EDGE_CURVE('',#4273,#4291,#4299,.T.);
#4299 = LINE('',#4300,#4301);
#4300 = CARTESIAN_POINT('',(28.9,26.45,21.5));
#4301 = VECTOR('',#4302,1.);
#4302 = DIRECTION('',(-0.,1.,0.));
#4303 = FACE_BOUND('',#4304,.T.);
#4304 = EDGE_LOOP('',(#4305,#4315,#4323,#4331));
#4305 = ORIENTED_EDGE('',*,*,#4306,.T.);
#4306 = EDGE_CURVE('',#4307,#4309,#4311,.T.);
#4307 = VERTEX_POINT('',#4308);
#4308 = CARTESIAN_POINT('',(37.9,52.9,21.5));
#4309 = VERTEX_POINT('',#4310);
#4310 = CARTESIAN_POINT('',(32.9,52.9,21.5));
#4311 = LINE('',#4312,#4313);
#4312 = CARTESIAN_POINT('',(16.45,52.9,21.5));
#4313 = VECTOR('',#4314,1.);
#4314 = DIRECTION('',(-1.,-0.,0.));
#4315 = ORIENTED_EDGE('',*,*,#4316,.T.);
#4316 = EDGE_CURVE('',#4309,#4317,#4319,.T.);
#4317 = VERTEX_POINT('',#4318);
#4318 = CARTESIAN_POINT('',(32.9,56.9,21.5));
#4319 = LINE('',#4320,#4321);
#4320 = CARTESIAN_POINT('',(32.9,26.45,21.5));
#4321 = VECTOR('',#4322,1.);
#4322 = DIRECTION('',(-0.,1.,0.));
#4323 = ORIENTED_EDGE('',*,*,#4324,.F.);
#4324 = EDGE_CURVE('',#4325,#4317,#4327,.T.);
#4325 = VERTEX_POINT('',#4326);
#4326 = CARTESIAN_POINT('',(37.9,56.9,21.5));
#4327 = LINE('',#4328,#4329);
#4328 = CARTESIAN_POINT('',(16.45,56.9,21.5));
#4329 = VECTOR('',#4330,1.);
#4330 = DIRECTION('',(-1.,-0.,0.));
#4331 = ORIENTED_EDGE('',*,*,#4332,.F.);
#4332 = EDGE_CURVE('',#4307,#4325,#4333,.T.);
#4333 = LINE('',#4334,#4335);
#4334 = CARTESIAN_POINT('',(37.9,26.45,21.5));
#4335 = VECTOR('',#4336,1.);
#4336 = DIRECTION('',(-0.,1.,0.));
#4337 = FACE_BOUND('',#4338,.T.);
#4338 = EDGE_LOOP('',(#4339,#4349,#4357,#4365));
#4339 = ORIENTED_EDGE('',*,*,#4340,.T.);
#4340 = EDGE_CURVE('',#4341,#4343,#4345,.T.);
#4341 = VERTEX_POINT('',#4342);
#4342 = CARTESIAN_POINT('',(46.9,52.9,21.5));
#4343 = VERTEX_POINT('',#4344);
#4344 = CARTESIAN_POINT('',(41.9,52.9,21.5));
#4345 = LINE('',#4346,#4347);
#4346 = CARTESIAN_POINT('',(20.95,52.9,21.5));
#4347 = VECTOR('',#4348,1.);
#4348 = DIRECTION('',(-1.,-0.,0.));
#4349 = ORIENTED_EDGE('',*,*,#4350,.T.);
#4350 = EDGE_CURVE('',#4343,#4351,#4353,.T.);
#4351 = VERTEX_POINT('',#4352);
#4352 = CARTESIAN_POINT('',(41.9,56.9,21.5));
#4353 = LINE('',#4354,#4355);
#4354 = CARTESIAN_POINT('',(41.9,26.45,21.5));
#4355 = VECTOR('',#4356,1.);
#4356 = DIRECTION('',(-0.,1.,0.));
#4357 = ORIENTED_EDGE('',*,*,#4358,.F.);
#4358 = EDGE_CURVE('',#4359,#4351,#4361,.T.);
#4359 = VERTEX_POINT('',#4360);
#4360 = CARTESIAN_POINT('',(46.9,56.9,21.5));
#4361 = LINE('',#4362,#4363);
#4362 = CARTESIAN_POINT('',(20.95,56.9,21.5));
#4363 = VECTOR('',#4364,1.);
#4364 = DIRECTION('',(-1.,-0.,0.));
#4365 = ORIENTED_EDGE('',*,*,#4366,.F.);
#4366 = EDGE_CURVE('',#4341,#4359,#4367,.T.);
#4367 = LINE('',#4368,#4369);
#4368 = CARTESIAN_POINT('',(46.9,26.45,21.5));
#4369 = VECTOR('',#4370,1.);
#4370 = DIRECTION('',(-0.,1.,0.));
#4371 = FACE_BOUND('',#4372,.T.);
#4372 = EDGE_LOOP('',(#4373,#4383,#4391,#4399));
#4373 = ORIENTED_EDGE('',*,*,#4374,.T.);
#4374 = EDGE_CURVE('',#4375,#4377,#4379,.T.);
#4375 = VERTEX_POINT('',#4376);
#4376 = CARTESIAN_POINT('',(28.9,60.9,21.5));
#4377 = VERTEX_POINT('',#4378);
#4378 = CARTESIAN_POINT('',(23.9,60.9,21.5));
#4379 = LINE('',#4380,#4381);
#4380 = CARTESIAN_POINT('',(11.95,60.9,21.5));
#4381 = VECTOR('',#4382,1.);
#4382 = DIRECTION('',(-1.,-0.,0.));
#4383 = ORIENTED_EDGE('',*,*,#4384,.T.);
#4384 = EDGE_CURVE('',#4377,#4385,#4387,.T.);
#4385 = VERTEX_POINT('',#4386);
#4386 = CARTESIAN_POINT('',(23.9,64.9,21.5));
#4387 = LINE('',#4388,#4389);
#4388 = CARTESIAN_POINT('',(23.9,30.45,21.5));
#4389 = VECTOR('',#4390,1.);
#4390 = DIRECTION('',(-0.,1.,0.));
#4391 = ORIENTED_EDGE('',*,*,#4392,.F.);
#4392 = EDGE_CURVE('',#4393,#4385,#4395,.T.);
#4393 = VERTEX_POINT('',#4394);
#4394 = CARTESIAN_POINT('',(28.9,64.9,21.5));
#4395 = LINE('',#4396,#4397);
#4396 = CARTESIAN_POINT('',(11.95,64.9,21.5));
#4397 = VECTOR('',#4398,1.);
#4398 = DIRECTION('',(-1.,-0.,0.));
#4399 = ORIENTED_EDGE('',*,*,#4400,.F.);
#4400 = EDGE_CURVE('',#4375,#4393,#4401,.T.);
#4401 = LINE('',#4402,#4403);
#4402 = CARTESIAN_POINT('',(28.9,30.45,21.5));
#4403 = VECTOR('',#4404,1.);
#4404 = DIRECTION('',(-0.,1.,0.));
#4405 = FACE_BOUND('',#4406,.T.);
#4406 = EDGE_LOOP('',(#4407,#4417,#4425,#4433));
#4407 = ORIENTED_EDGE('',*,*,#4408,.T.);
#4408 = EDGE_CURVE('',#4409,#4411,#4413,.T.);
#4409 = VERTEX_POINT('',#4410);
#4410 = CARTESIAN_POINT('',(37.9,60.9,21.5));
#4411 = VERTEX_POINT('',#4412);
#4412 = CARTESIAN_POINT('',(32.9,60.9,21.5));
#4413 = LINE('',#4414,#4415);
#4414 = CARTESIAN_POINT('',(16.45,60.9,21.5));
#4415 = VECTOR('',#4416,1.);
#4416 = DIRECTION('',(-1.,-0.,0.));
#4417 = ORIENTED_EDGE('',*,*,#4418,.T.);
#4418 = EDGE_CURVE('',#4411,#4419,#4421,.T.);
#4419 = VERTEX_POINT('',#4420);
#4420 = CARTESIAN_POINT('',(32.9,64.9,21.5));
#4421 = LINE('',#4422,#4423);
#4422 = CARTESIAN_POINT('',(32.9,30.45,21.5));
#4423 = VECTOR('',#4424,1.);
#4424 = DIRECTION('',(-0.,1.,0.));
#4425 = ORIENTED_EDGE('',*,*,#4426,.F.);
#4426 = EDGE_CURVE('',#4427,#4419,#4429,.T.);
#4427 = VERTEX_POINT('',#4428);
#4428 = CARTESIAN_POINT('',(37.9,64.9,21.5));
#4429 = LINE('',#4430,#4431);
#4430 = CARTESIAN_POINT('',(16.45,64.9,21.5));
#4431 = VECTOR('',#4432,1.);
#4432 = DIRECTION('',(-1.,-0.,0.));
#4433 = ORIENTED_EDGE('',*,*,#4434,.F.);
#4434 = EDGE_CURVE('',#4409,#4427,#4435,.T.);
#4435 = LINE('',#4436,#4437);
#4436 = CARTESIAN_POINT('',(37.9,30.45,21.5));
#4437 = VECTOR('',#4438,1.);
#4438 = DIRECTION('',(-0.,1.,0.));
#4439 = FACE_BOUND('',#4440,.T.);
#4440 = EDGE_LOOP('',(#4441,#4451,#4459,#4467));
#4441 = ORIENTED_EDGE('',*,*,#4442,.T.);
#4442 = EDGE_CURVE('',#4443,#4445,#4447,.T.);
#4443 = VERTEX_POINT('',#4444);
#4444 = CARTESIAN_POINT('',(46.9,60.9,21.5));
#4445 = VERTEX_POINT('',#4446);
#4446 = CARTESIAN_POINT('',(41.9,60.9,21.5));
#4447 = LINE('',#4448,#4449);
#4448 = CARTESIAN_POINT('',(20.95,60.9,21.5));
#4449 = VECTOR('',#4450,1.);
#4450 = DIRECTION('',(-1.,-0.,0.));
#4451 = ORIENTED_EDGE('',*,*,#4452,.T.);
#4452 = EDGE_CURVE('',#4445,#4453,#4455,.T.);
#4453 = VERTEX_POINT('',#4454);
#4454 = CARTESIAN_POINT('',(41.9,64.9,21.5));
#4455 = LINE('',#4456,#4457);
#4456 = CARTESIAN_POINT('',(41.9,30.45,21.5));
#4457 = VECTOR('',#4458,1.);
#4458 = DIRECTION('',(-0.,1.,0.));
#4459 = ORIENTED_EDGE('',*,*,#4460,.F.);
#4460 = EDGE_CURVE('',#4461,#4453,#4463,.T.);
#4461 = VERTEX_POINT('',#4462);
#4462 = CARTESIAN_POINT('',(46.9,64.9,21.5));
#4463 = LINE('',#4464,#4465);
#4464 = CARTESIAN_POINT('',(20.95,64.9,21.5));
#4465 = VECTOR('',#4466,1.);
#4466 = DIRECTION('',(-1.,-0.,0.));
#4467 = ORIENTED_EDGE('',*,*,#4468,.F.);
#4468 = EDGE_CURVE('',#4443,#4461,#4469,.T.);
#4469 = LINE('',#4470,#4471);
#4470 = CARTESIAN_POINT('',(46.9,30.45,21.5));
#4471 = VECTOR('',#4472,1.);
#4472 = DIRECTION('',(-0.,1.,0.));
#4473 = FACE_BOUND('',#4474,.T.);
#4474 = EDGE_LOOP('',(#4475,#4485,#4493,#4501));
#4475 = ORIENTED_EDGE('',*,*,#4476,.T.);
#4476 = EDGE_CURVE('',#4477,#4479,#4481,.T.);
#4477 = VERTEX_POINT('',#4478);
#4478 = CARTESIAN_POINT('',(55.9,36.9,21.5));
#4479 = VERTEX_POINT('',#4480);
#4480 = CARTESIAN_POINT('',(50.9,36.9,21.5));
#4481 = LINE('',#4482,#4483);
#4482 = CARTESIAN_POINT('',(25.45,36.9,21.5));
#4483 = VECTOR('',#4484,1.);
#4484 = DIRECTION('',(-1.,-0.,0.));
#4485 = ORIENTED_EDGE('',*,*,#4486,.T.);
#4486 = EDGE_CURVE('',#4479,#4487,#4489,.T.);
#4487 = VERTEX_POINT('',#4488);
#4488 = CARTESIAN_POINT('',(50.9,40.9,21.5));
#4489 = LINE('',#4490,#4491);
#4490 = CARTESIAN_POINT('',(50.9,18.45,21.5));
#4491 = VECTOR('',#4492,1.);
#4492 = DIRECTION('',(-0.,1.,0.));
#4493 = ORIENTED_EDGE('',*,*,#4494,.F.);
#4494 = EDGE_CURVE('',#4495,#4487,#4497,.T.);
#4495 = VERTEX_POINT('',#4496);
#4496 = CARTESIAN_POINT('',(55.9,40.9,21.5));
#4497 = LINE('',#4498,#4499);
#4498 = CARTESIAN_POINT('',(25.45,40.9,21.5));
#4499 = VECTOR('',#4500,1.);
#4500 = DIRECTION('',(-1.,-0.,0.));
#4501 = ORIENTED_EDGE('',*,*,#4502,.F.);
#4502 = EDGE_CURVE('',#4477,#4495,#4503,.T.);
#4503 = LINE('',#4504,#4505);
#4504 = CARTESIAN_POINT('',(55.9,18.45,21.5));
#4505 = VECTOR('',#4506,1.);
#4506 = DIRECTION('',(-0.,1.,0.));
#4507 = FACE_BOUND('',#4508,.T.);
#4508 = EDGE_LOOP('',(#4509,#4519,#4527,#4535));
#4509 = ORIENTED_EDGE('',*,*,#4510,.T.);
#4510 = EDGE_CURVE('',#4511,#4513,#4515,.T.);
#4511 = VERTEX_POINT('',#4512);
#4512 = CARTESIAN_POINT('',(64.9,36.9,21.5));
#4513 = VERTEX_POINT('',#4514);
#4514 = CARTESIAN_POINT('',(59.9,36.9,21.5));
#4515 = LINE('',#4516,#4517);
#4516 = CARTESIAN_POINT('',(29.95,36.9,21.5));
#4517 = VECTOR('',#4518,1.);
#4518 = DIRECTION('',(-1.,-0.,0.));
#4519 = ORIENTED_EDGE('',*,*,#4520,.T.);
#4520 = EDGE_CURVE('',#4513,#4521,#4523,.T.);
#4521 = VERTEX_POINT('',#4522);
#4522 = CARTESIAN_POINT('',(59.9,40.9,21.5));
#4523 = LINE('',#4524,#4525);
#4524 = CARTESIAN_POINT('',(59.9,18.45,21.5));
#4525 = VECTOR('',#4526,1.);
#4526 = DIRECTION('',(-0.,1.,0.));
#4527 = ORIENTED_EDGE('',*,*,#4528,.F.);
#4528 = EDGE_CURVE('',#4529,#4521,#4531,.T.);
#4529 = VERTEX_POINT('',#4530);
#4530 = CARTESIAN_POINT('',(64.9,40.9,21.5));
#4531 = LINE('',#4532,#4533);
#4532 = CARTESIAN_POINT('',(29.95,40.9,21.5));
#4533 = VECTOR('',#4534,1.);
#4534 = DIRECTION('',(-1.,-0.,0.));
#4535 = ORIENTED_EDGE('',*,*,#4536,.F.);
#4536 = EDGE_CURVE('',#4511,#4529,#4537,.T.);
#4537 = LINE('',#4538,#4539);
#4538 = CARTESIAN_POINT('',(64.9,18.45,21.5));
#4539 = VECTOR('',#4540,1.);
#4540 = DIRECTION('',(-0.,1.,0.));
#4541 = FACE_BOUND('',#4542,.T.);
#4542 = EDGE_LOOP('',(#4543,#4553,#4561,#4569));
#4543 = ORIENTED_EDGE('',*,*,#4544,.T.);
#4544 = EDGE_CURVE('',#4545,#4547,#4549,.T.);
#4545 = VERTEX_POINT('',#4546);
#4546 = CARTESIAN_POINT('',(55.9,44.9,21.5));
#4547 = VERTEX_POINT('',#4548);
#4548 = CARTESIAN_POINT('',(50.9,44.9,21.5));
#4549 = LINE('',#4550,#4551);
#4550 = CARTESIAN_POINT('',(25.45,44.9,21.5));
#4551 = VECTOR('',#4552,1.);
#4552 = DIRECTION('',(-1.,-0.,0.));
#4553 = ORIENTED_EDGE('',*,*,#4554,.T.);
#4554 = EDGE_CURVE('',#4547,#4555,#4557,.T.);
#4555 = VERTEX_POINT('',#4556);
#4556 = CARTESIAN_POINT('',(50.9,48.9,21.5));
#4557 = LINE('',#4558,#4559);
#4558 = CARTESIAN_POINT('',(50.9,22.45,21.5));
#4559 = VECTOR('',#4560,1.);
#4560 = DIRECTION('',(-0.,1.,0.));
#4561 = ORIENTED_EDGE('',*,*,#4562,.F.);
#4562 = EDGE_CURVE('',#4563,#4555,#4565,.T.);
#4563 = VERTEX_POINT('',#4564);
#4564 = CARTESIAN_POINT('',(55.9,48.9,21.5));
#4565 = LINE('',#4566,#4567);
#4566 = CARTESIAN_POINT('',(25.45,48.9,21.5));
#4567 = VECTOR('',#4568,1.);
#4568 = DIRECTION('',(-1.,-0.,0.));
#4569 = ORIENTED_EDGE('',*,*,#4570,.F.);
#4570 = EDGE_CURVE('',#4545,#4563,#4571,.T.);
#4571 = LINE('',#4572,#4573);
#4572 = CARTESIAN_POINT('',(55.9,22.45,21.5));
#4573 = VECTOR('',#4574,1.);
#4574 = DIRECTION('',(-0.,1.,0.));
#4575 = FACE_BOUND('',#4576,.T.);
#4576 = EDGE_LOOP('',(#4577,#4587,#4595,#4603));
#4577 = ORIENTED_EDGE('',*,*,#4578,.T.);
#4578 = EDGE_CURVE('',#4579,#4581,#4583,.T.);
#4579 = VERTEX_POINT('',#4580);
#4580 = CARTESIAN_POINT('',(64.9,44.9,21.5));
#4581 = VERTEX_POINT('',#4582);
#4582 = CARTESIAN_POINT('',(59.9,44.9,21.5));
#4583 = LINE('',#4584,#4585);
#4584 = CARTESIAN_POINT('',(29.95,44.9,21.5));
#4585 = VECTOR('',#4586,1.);
#4586 = DIRECTION('',(-1.,-0.,0.));
#4587 = ORIENTED_EDGE('',*,*,#4588,.T.);
#4588 = EDGE_CURVE('',#4581,#4589,#4591,.T.);
#4589 = VERTEX_POINT('',#4590);
#4590 = CARTESIAN_POINT('',(59.9,48.9,21.5));
#4591 = LINE('',#4592,#4593);
#4592 = CARTESIAN_POINT('',(59.9,22.45,21.5));
#4593 = VECTOR('',#4594,1.);
#4594 = DIRECTION('',(-0.,1.,0.));
#4595 = ORIENTED_EDGE('',*,*,#4596,.F.);
#4596 = EDGE_CURVE('',#4597,#4589,#4599,.T.);
#4597 = VERTEX_POINT('',#4598);
#4598 = CARTESIAN_POINT('',(64.9,48.9,21.5));
#4599 = LINE('',#4600,#4601);
#4600 = CARTESIAN_POINT('',(29.95,48.9,21.5));
#4601 = VECTOR('',#4602,1.);
#4602 = DIRECTION('',(-1.,-0.,0.));
#4603 = ORIENTED_EDGE('',*,*,#4604,.F.);
#4604 = EDGE_CURVE('',#4579,#4597,#4605,.T.);
#4605 = LINE('',#4606,#4607);
#4606 = CARTESIAN_POINT('',(64.9,22.45,21.5));
#4607 = VECTOR('',#4608,1.);
#4608 = DIRECTION('',(-0.,1.,0.));
#4609 = FACE_BOUND('',#4610,.T.);
#4610 = EDGE_LOOP('',(#4611,#4621,#4629,#4637));
#4611 = ORIENTED_EDGE('',*,*,#4612,.T.);
#4612 = EDGE_CURVE('',#4613,#4615,#4617,.T.);
#4613 = VERTEX_POINT('',#4614);
#4614 = CARTESIAN_POINT('',(73.9,36.9,21.5));
#4615 = VERTEX_POINT('',#4616);
#4616 = CARTESIAN_POINT('',(68.9,36.9,21.5));
#4617 = LINE('',#4618,#4619);
#4618 = CARTESIAN_POINT('',(34.45,36.9,21.5));
#4619 = VECTOR('',#4620,1.);
#4620 = DIRECTION('',(-1.,-0.,0.));
#4621 = ORIENTED_EDGE('',*,*,#4622,.T.);
#4622 = EDGE_CURVE('',#4615,#4623,#4625,.T.);
#4623 = VERTEX_POINT('',#4624);
#4624 = CARTESIAN_POINT('',(68.9,40.9,21.5));
#4625 = LINE('',#4626,#4627);
#4626 = CARTESIAN_POINT('',(68.9,18.45,21.5));
#4627 = VECTOR('',#4628,1.);
#4628 = DIRECTION('',(-0.,1.,0.));
#4629 = ORIENTED_EDGE('',*,*,#4630,.F.);
#4630 = EDGE_CURVE('',#4631,#4623,#4633,.T.);
#4631 = VERTEX_POINT('',#4632);
#4632 = CARTESIAN_POINT('',(73.9,40.9,21.5));
#4633 = LINE('',#4634,#4635);
#4634 = CARTESIAN_POINT('',(34.45,40.9,21.5));
#4635 = VECTOR('',#4636,1.);
#4636 = DIRECTION('',(-1.,-0.,0.));
#4637 = ORIENTED_EDGE('',*,*,#4638,.F.);
#4638 = EDGE_CURVE('',#4613,#4631,#4639,.T.);
#4639 = LINE('',#4640,#4641);
#4640 = CARTESIAN_POINT('',(73.9,18.45,21.5));
#4641 = VECTOR('',#4642,1.);
#4642 = DIRECTION('',(-0.,1.,0.));
#4643 = FACE_BOUND('',#4644,.T.);
#4644 = EDGE_LOOP('',(#4645,#4655,#4663,#4671));
#4645 = ORIENTED_EDGE('',*,*,#4646,.T.);
#4646 = EDGE_CURVE('',#4647,#4649,#4651,.T.);
#4647 = VERTEX_POINT('',#4648);
#4648 = CARTESIAN_POINT('',(82.9,36.9,21.5));
#4649 = VERTEX_POINT('',#4650);
#4650 = CARTESIAN_POINT('',(77.9,36.9,21.5));
#4651 = LINE('',#4652,#4653);
#4652 = CARTESIAN_POINT('',(38.95,36.9,21.5));
#4653 = VECTOR('',#4654,1.);
#4654 = DIRECTION('',(-1.,-0.,0.));
#4655 = ORIENTED_EDGE('',*,*,#4656,.T.);
#4656 = EDGE_CURVE('',#4649,#4657,#4659,.T.);
#4657 = VERTEX_POINT('',#4658);
#4658 = CARTESIAN_POINT('',(77.9,40.9,21.5));
#4659 = LINE('',#4660,#4661);
#4660 = CARTESIAN_POINT('',(77.9,18.45,21.5));
#4661 = VECTOR('',#4662,1.);
#4662 = DIRECTION('',(-0.,1.,0.));
#4663 = ORIENTED_EDGE('',*,*,#4664,.F.);
#4664 = EDGE_CURVE('',#4665,#4657,#4667,.T.);
#4665 = VERTEX_POINT('',#4666);
#4666 = CARTESIAN_POINT('',(82.9,40.9,21.5));
#4667 = LINE('',#4668,#4669);
#4668 = CARTESIAN_POINT('',(38.95,40.9,21.5));
#4669 = VECTOR('',#4670,1.);
#4670 = DIRECTION('',(-1.,-0.,0.));
#4671 = ORIENTED_EDGE('',*,*,#4672,.F.);
#4672 = EDGE_CURVE('',#4647,#4665,#4673,.T.);
#4673 = LINE('',#4674,#4675);
#4674 = CARTESIAN_POINT('',(82.9,18.45,21.5));
#4675 = VECTOR('',#4676,1.);
#4676 = DIRECTION('',(-0.,1.,0.));
#4677 = FACE_BOUND('',#4678,.T.);
#4678 = EDGE_LOOP('',(#4679,#4689,#4697,#4705));
#4679 = ORIENTED_EDGE('',*,*,#4680,.T.);
#4680 = EDGE_CURVE('',#4681,#4683,#4685,.T.);
#4681 = VERTEX_POINT('',#4682);
#4682 = CARTESIAN_POINT('',(73.9,44.9,21.5));
#4683 = VERTEX_POINT('',#4684);
#4684 = CARTESIAN_POINT('',(68.9,44.9,21.5));
#4685 = LINE('',#4686,#4687);
#4686 = CARTESIAN_POINT('',(34.45,44.9,21.5));
#4687 = VECTOR('',#4688,1.);
#4688 = DIRECTION('',(-1.,-0.,0.));
#4689 = ORIENTED_EDGE('',*,*,#4690,.T.);
#4690 = EDGE_CURVE('',#4683,#4691,#4693,.T.);
#4691 = VERTEX_POINT('',#4692);
#4692 = CARTESIAN_POINT('',(68.9,48.9,21.5));
#4693 = LINE('',#4694,#4695);
#4694 = CARTESIAN_POINT('',(68.9,22.45,21.5));
#4695 = VECTOR('',#4696,1.);
#4696 = DIRECTION('',(-0.,1.,0.));
#4697 = ORIENTED_EDGE('',*,*,#4698,.F.);
#4698 = EDGE_CURVE('',#4699,#4691,#4701,.T.);
#4699 = VERTEX_POINT('',#4700);
#4700 = CARTESIAN_POINT('',(73.9,48.9,21.5));
#4701 = LINE('',#4702,#4703);
#4702 = CARTESIAN_POINT('',(34.45,48.9,21.5));
#4703 = VECTOR('',#4704,1.);
#4704 = DIRECTION('',(-1.,-0.,0.));
#4705 = ORIENTED_EDGE('',*,*,#4706,.F.);
#4706 = EDGE_CURVE('',#4681,#4699,#4707,.T.);
#4707 = LINE('',#4708,#4709);
#4708 = CARTESIAN_POINT('',(73.9,22.45,21.5));
#4709 = VECTOR('',#4710,1.);
#4710 = DIRECTION('',(-0.,1.,0.));
#4711 = FACE_BOUND('',#4712,.T.);
#4712 = EDGE_LOOP('',(#4713,#4723,#4731,#4739));
#4713 = ORIENTED_EDGE('',*,*,#4714,.T.);
#4714 = EDGE_CURVE('',#4715,#4717,#4719,.T.);
#4715 = VERTEX_POINT('',#4716);
#4716 = CARTESIAN_POINT('',(82.9,44.9,21.5));
#4717 = VERTEX_POINT('',#4718);
#4718 = CARTESIAN_POINT('',(77.9,44.9,21.5));
#4719 = LINE('',#4720,#4721);
#4720 = CARTESIAN_POINT('',(38.95,44.9,21.5));
#4721 = VECTOR('',#4722,1.);
#4722 = DIRECTION('',(-1.,-0.,0.));
#4723 = ORIENTED_EDGE('',*,*,#4724,.T.);
#4724 = EDGE_CURVE('',#4717,#4725,#4727,.T.);
#4725 = VERTEX_POINT('',#4726);
#4726 = CARTESIAN_POINT('',(77.9,48.9,21.5));
#4727 = LINE('',#4728,#4729);
#4728 = CARTESIAN_POINT('',(77.9,22.45,21.5));
#4729 = VECTOR('',#4730,1.);
#4730 = DIRECTION('',(-0.,1.,0.));
#4731 = ORIENTED_EDGE('',*,*,#4732,.F.);
#4732 = EDGE_CURVE('',#4733,#4725,#4735,.T.);
#4733 = VERTEX_POINT('',#4734);
#4734 = CARTESIAN_POINT('',(82.9,48.9,21.5));
#4735 = LINE('',#4736,#4737);
#4736 = CARTESIAN_POINT('',(38.95,48.9,21.5));
#4737 = VECTOR('',#4738,1.);
#4738 = DIRECTION('',(-1.,-0.,0.));
#4739 = ORIENTED_EDGE('',*,*,#4740,.F.);
#4740 = EDGE_CURVE('',#4715,#4733,#4741,.T.);
#4741 = LINE('',#4742,#4743);
#4742 = CARTESIAN_POINT('',(82.9,22.45,21.5));
#4743 = VECTOR('',#4744,1.);
#4744 = DIRECTION('',(-0.,1.,0.));
#4745 = FACE_BOUND('',#4746,.T.);
#4746 = EDGE_LOOP('',(#4747,#4757,#4765,#4773));
#4747 = ORIENTED_EDGE('',*,*,#4748,.T.);
#4748 = EDGE_CURVE('',#4749,#4751,#4753,.T.);
#4749 = VERTEX_POINT('',#4750);
#4750 = CARTESIAN_POINT('',(55.9,52.9,21.5));
#4751 = VERTEX_POINT('',#4752);
#4752 = CARTESIAN_POINT('',(50.9,52.9,21.5));
#4753 = LINE('',#4754,#4755);
#4754 = CARTESIAN_POINT('',(25.45,52.9,21.5));
#4755 = VECTOR('',#4756,1.);
#4756 = DIRECTION('',(-1.,-0.,0.));
#4757 = ORIENTED_EDGE('',*,*,#4758,.T.);
#4758 = EDGE_CURVE('',#4751,#4759,#4761,.T.);
#4759 = VERTEX_POINT('',#4760);
#4760 = CARTESIAN_POINT('',(50.9,56.9,21.5));
#4761 = LINE('',#4762,#4763);
#4762 = CARTESIAN_POINT('',(50.9,26.45,21.5));
#4763 = VECTOR('',#4764,1.);
#4764 = DIRECTION('',(-0.,1.,0.));
#4765 = ORIENTED_EDGE('',*,*,#4766,.F.);
#4766 = EDGE_CURVE('',#4767,#4759,#4769,.T.);
#4767 = VERTEX_POINT('',#4768);
#4768 = CARTESIAN_POINT('',(55.9,56.9,21.5));
#4769 = LINE('',#4770,#4771);
#4770 = CARTESIAN_POINT('',(25.45,56.9,21.5));
#4771 = VECTOR('',#4772,1.);
#4772 = DIRECTION('',(-1.,-0.,0.));
#4773 = ORIENTED_EDGE('',*,*,#4774,.F.);
#4774 = EDGE_CURVE('',#4749,#4767,#4775,.T.);
#4775 = LINE('',#4776,#4777);
#4776 = CARTESIAN_POINT('',(55.9,26.45,21.5));
#4777 = VECTOR('',#4778,1.);
#4778 = DIRECTION('',(-0.,1.,0.));
#4779 = FACE_BOUND('',#4780,.T.);
#4780 = EDGE_LOOP('',(#4781,#4791,#4799,#4807));
#4781 = ORIENTED_EDGE('',*,*,#4782,.T.);
#4782 = EDGE_CURVE('',#4783,#4785,#4787,.T.);
#4783 = VERTEX_POINT('',#4784);
#4784 = CARTESIAN_POINT('',(64.9,52.9,21.5));
#4785 = VERTEX_POINT('',#4786);
#4786 = CARTESIAN_POINT('',(59.9,52.9,21.5));
#4787 = LINE('',#4788,#4789);
#4788 = CARTESIAN_POINT('',(29.95,52.9,21.5));
#4789 = VECTOR('',#4790,1.);
#4790 = DIRECTION('',(-1.,-0.,0.));
#4791 = ORIENTED_EDGE('',*,*,#4792,.T.);
#4792 = EDGE_CURVE('',#4785,#4793,#4795,.T.);
#4793 = VERTEX_POINT('',#4794);
#4794 = CARTESIAN_POINT('',(59.9,56.9,21.5));
#4795 = LINE('',#4796,#4797);
#4796 = CARTESIAN_POINT('',(59.9,26.45,21.5));
#4797 = VECTOR('',#4798,1.);
#4798 = DIRECTION('',(-0.,1.,0.));
#4799 = ORIENTED_EDGE('',*,*,#4800,.F.);
#4800 = EDGE_CURVE('',#4801,#4793,#4803,.T.);
#4801 = VERTEX_POINT('',#4802);
#4802 = CARTESIAN_POINT('',(64.9,56.9,21.5));
#4803 = LINE('',#4804,#4805);
#4804 = CARTESIAN_POINT('',(29.95,56.9,21.5));
#4805 = VECTOR('',#4806,1.);
#4806 = DIRECTION('',(-1.,-0.,0.));
#4807 = ORIENTED_EDGE('',*,*,#4808,.F.);
#4808 = EDGE_CURVE('',#4783,#4801,#4809,.T.);
#4809 = LINE('',#4810,#4811);
#4810 = CARTESIAN_POINT('',(64.9,26.45,21.5));
#4811 = VECTOR('',#4812,1.);
#4812 = DIRECTION('',(-0.,1.,0.));
#4813 = FACE_BOUND('',#4814,.T.);
#4814 = EDGE_LOOP('',(#4815,#4825,#4833,#4841));
#4815 = ORIENTED_EDGE('',*,*,#4816,.T.);
#4816 = EDGE_CURVE('',#4817,#4819,#4821,.T.);
#4817 = VERTEX_POINT('',#4818);
#4818 = CARTESIAN_POINT('',(55.9,60.9,21.5));
#4819 = VERTEX_POINT('',#4820);
#4820 = CARTESIAN_POINT('',(50.9,60.9,21.5));
#4821 = LINE('',#4822,#4823);
#4822 = CARTESIAN_POINT('',(25.45,60.9,21.5));
#4823 = VECTOR('',#4824,1.);
#4824 = DIRECTION('',(-1.,-0.,0.));
#4825 = ORIENTED_EDGE('',*,*,#4826,.T.);
#4826 = EDGE_CURVE('',#4819,#4827,#4829,.T.);
#4827 = VERTEX_POINT('',#4828);
#4828 = CARTESIAN_POINT('',(50.9,64.9,21.5));
#4829 = LINE('',#4830,#4831);
#4830 = CARTESIAN_POINT('',(50.9,30.45,21.5));
#4831 = VECTOR('',#4832,1.);
#4832 = DIRECTION('',(-0.,1.,0.));
#4833 = ORIENTED_EDGE('',*,*,#4834,.F.);
#4834 = EDGE_CURVE('',#4835,#4827,#4837,.T.);
#4835 = VERTEX_POINT('',#4836);
#4836 = CARTESIAN_POINT('',(55.9,64.9,21.5));
#4837 = LINE('',#4838,#4839);
#4838 = CARTESIAN_POINT('',(25.45,64.9,21.5));
#4839 = VECTOR('',#4840,1.);
#4840 = DIRECTION('',(-1.,-0.,0.));
#4841 = ORIENTED_EDGE('',*,*,#4842,.F.);
#4842 = EDGE_CURVE('',#4817,#4835,#4843,.T.);
#4843 = LINE('',#4844,#4845);
#4844 = CARTESIAN_POINT('',(55.9,30.45,21.5));
#4845 = VECTOR('',#4846,1.);
#4846 = DIRECTION('',(-0.,1.,0.));
#4847 = FACE_BOUND('',#4848,.T.);
#4848 = EDGE_LOOP('',(#4849,#4859,#4867,#4875));
#4849 = ORIENTED_EDGE('',*,*,#4850,.T.);
#4850 = EDGE_CURVE('',#4851,#4853,#4855,.T.);
#4851 = VERTEX_POINT('',#4852);
#4852 = CARTESIAN_POINT('',(64.9,60.9,21.5));
#4853 = VERTEX_POINT('',#4854);
#4854 = CARTESIAN_POINT('',(59.9,60.9,21.5));
#4855 = LINE('',#4856,#4857);
#4856 = CARTESIAN_POINT('',(29.95,60.9,21.5));
#4857 = VECTOR('',#4858,1.);
#4858 = DIRECTION('',(-1.,-0.,0.));
#4859 = ORIENTED_EDGE('',*,*,#4860,.T.);
#4860 = EDGE_CURVE('',#4853,#4861,#4863,.T.);
#4861 = VERTEX_POINT('',#4862);
#4862 = CARTESIAN_POINT('',(59.9,64.9,21.5));
#4863 = LINE('',#4864,#4865);
#4864 = CARTESIAN_POINT('',(59.9,30.45,21.5));
#4865 = VECTOR('',#4866,1.);
#4866 = DIRECTION('',(-0.,1.,0.));
#4867 = ORIENTED_EDGE('',*,*,#4868,.F.);
#4868 = EDGE_CURVE('',#4869,#4861,#4871,.T.);
#4869 = VERTEX_POINT('',#4870);
#4870 = CARTESIAN_POINT('',(64.9,64.9,21.5));
#4871 = LINE('',#4872,#4873);
#4872 = CARTESIAN_POINT('',(29.95,64.9,21.5));
#4873 = VECTOR('',#4874,1.);
#4874 = DIRECTION('',(-1.,-0.,0.));
#4875 = ORIENTED_EDGE('',*,*,#4876,.F.);
#4876 = EDGE_CURVE('',#4851,#4869,#4877,.T.);
#4877 = LINE('',#4878,#4879);
#4878 = CARTESIAN_POINT('',(64.9,30.45,21.5));
#4879 = VECTOR('',#4880,1.);
#4880 = DIRECTION('',(-0.,1.,0.));
#4881 = FACE_BOUND('',#4882,.T.);
#4882 = EDGE_LOOP('',(#4883,#4893,#4901,#4909));
#4883 = ORIENTED_EDGE('',*,*,#4884,.T.);
#4884 = EDGE_CURVE('',#4885,#4887,#4889,.T.);
#4885 = VERTEX_POINT('',#4886);
#4886 = CARTESIAN_POINT('',(73.9,52.9,21.5));
#4887 = VERTEX_POINT('',#4888);
#4888 = CARTESIAN_POINT('',(68.9,52.9,21.5));
#4889 = LINE('',#4890,#4891);
#4890 = CARTESIAN_POINT('',(34.45,52.9,21.5));
#4891 = VECTOR('',#4892,1.);
#4892 = DIRECTION('',(-1.,-0.,0.));
#4893 = ORIENTED_EDGE('',*,*,#4894,.T.);
#4894 = EDGE_CURVE('',#4887,#4895,#4897,.T.);
#4895 = VERTEX_POINT('',#4896);
#4896 = CARTESIAN_POINT('',(68.9,56.9,21.5));
#4897 = LINE('',#4898,#4899);
#4898 = CARTESIAN_POINT('',(68.9,26.45,21.5));
#4899 = VECTOR('',#4900,1.);
#4900 = DIRECTION('',(-0.,1.,0.));
#4901 = ORIENTED_EDGE('',*,*,#4902,.F.);
#4902 = EDGE_CURVE('',#4903,#4895,#4905,.T.);
#4903 = VERTEX_POINT('',#4904);
#4904 = CARTESIAN_POINT('',(73.9,56.9,21.5));
#4905 = LINE('',#4906,#4907);
#4906 = CARTESIAN_POINT('',(34.45,56.9,21.5));
#4907 = VECTOR('',#4908,1.);
#4908 = DIRECTION('',(-1.,-0.,0.));
#4909 = ORIENTED_EDGE('',*,*,#4910,.F.);
#4910 = EDGE_CURVE('',#4885,#4903,#4911,.T.);
#4911 = LINE('',#4912,#4913);
#4912 = CARTESIAN_POINT('',(73.9,26.45,21.5));
#4913 = VECTOR('',#4914,1.);
#4914 = DIRECTION('',(-0.,1.,0.));
#4915 = FACE_BOUND('',#4916,.T.);
#4916 = EDGE_LOOP('',(#4917,#4927,#4935,#4943));
#4917 = ORIENTED_EDGE('',*,*,#4918,.T.);
#4918 = EDGE_CURVE('',#4919,#4921,#4923,.T.);
#4919 = VERTEX_POINT('',#4920);
#4920 = CARTESIAN_POINT('',(82.9,52.9,21.5));
#4921 = VERTEX_POINT('',#4922);
#4922 = CARTESIAN_POINT('',(77.9,52.9,21.5));
#4923 = LINE('',#4924,#4925);
#4924 = CARTESIAN_POINT('',(38.95,52.9,21.5));
#4925 = VECTOR('',#4926,1.);
#4926 = DIRECTION('',(-1.,-0.,0.));
#4927 = ORIENTED_EDGE('',*,*,#4928,.T.);
#4928 = EDGE_CURVE('',#4921,#4929,#4931,.T.);
#4929 = VERTEX_POINT('',#4930);
#4930 = CARTESIAN_POINT('',(77.9,56.9,21.5));
#4931 = LINE('',#4932,#4933);
#4932 = CARTESIAN_POINT('',(77.9,26.45,21.5));
#4933 = VECTOR('',#4934,1.);
#4934 = DIRECTION('',(-0.,1.,0.));
#4935 = ORIENTED_EDGE('',*,*,#4936,.F.);
#4936 = EDGE_CURVE('',#4937,#4929,#4939,.T.);
#4937 = VERTEX_POINT('',#4938);
#4938 = CARTESIAN_POINT('',(82.9,56.9,21.5));
#4939 = LINE('',#4940,#4941);
#4940 = CARTESIAN_POINT('',(38.95,56.9,21.5));
#4941 = VECTOR('',#4942,1.);
#4942 = DIRECTION('',(-1.,-0.,0.));
#4943 = ORIENTED_EDGE('',*,*,#4944,.F.);
#4944 = EDGE_CURVE('',#4919,#4937,#4945,.T.);
#4945 = LINE('',#4946,#4947);
#4946 = CARTESIAN_POINT('',(82.9,26.45,21.5));
#4947 = VECTOR('',#4948,1.);
#4948 = DIRECTION('',(-0.,1.,0.));
#4949 = FACE_BOUND('',#4950,.T.);
#4950 = EDGE_LOOP('',(#4951));
#4951 = ORIENTED_EDGE('',*,*,#4952,.F.);
#4952 = EDGE_CURVE('',#4953,#4953,#4955,.T.);
#4953 = VERTEX_POINT('',#4954);
#4954 = CARTESIAN_POINT('',(78.1,58.6,21.5));
#4955 = CIRCLE('',#4956,1.7);
#4956 = AXIS2_PLACEMENT_3D('',#4957,#4958,#4959);
#4957 = CARTESIAN_POINT('',(76.4,58.6,21.5));
#4958 = DIRECTION('',(0.,0.,1.));
#4959 = DIRECTION('',(1.,0.,-0.));
#4960 = FACE_BOUND('',#4961,.T.);
#4961 = EDGE_LOOP('',(#4962,#4972,#4980,#4988));
#4962 = ORIENTED_EDGE('',*,*,#4963,.T.);
#4963 = EDGE_CURVE('',#4964,#4966,#4968,.T.);
#4964 = VERTEX_POINT('',#4965);
#4965 = CARTESIAN_POINT('',(73.9,60.9,21.5));
#4966 = VERTEX_POINT('',#4967);
#4967 = CARTESIAN_POINT('',(68.9,60.9,21.5));
#4968 = LINE('',#4969,#4970);
#4969 = CARTESIAN_POINT('',(34.45,60.9,21.5));
#4970 = VECTOR('',#4971,1.);
#4971 = DIRECTION('',(-1.,-0.,0.));
#4972 = ORIENTED_EDGE('',*,*,#4973,.T.);
#4973 = EDGE_CURVE('',#4966,#4974,#4976,.T.);
#4974 = VERTEX_POINT('',#4975);
#4975 = CARTESIAN_POINT('',(68.9,64.9,21.5));
#4976 = LINE('',#4977,#4978);
#4977 = CARTESIAN_POINT('',(68.9,30.45,21.5));
#4978 = VECTOR('',#4979,1.);
#4979 = DIRECTION('',(-0.,1.,0.));
#4980 = ORIENTED_EDGE('',*,*,#4981,.F.);
#4981 = EDGE_CURVE('',#4982,#4974,#4984,.T.);
#4982 = VERTEX_POINT('',#4983);
#4983 = CARTESIAN_POINT('',(73.9,64.9,21.5));
#4984 = LINE('',#4985,#4986);
#4985 = CARTESIAN_POINT('',(34.45,64.9,21.5));
#4986 = VECTOR('',#4987,1.);
#4987 = DIRECTION('',(-1.,-0.,0.));
#4988 = ORIENTED_EDGE('',*,*,#4989,.F.);
#4989 = EDGE_CURVE('',#4964,#4982,#4990,.T.);
#4990 = LINE('',#4991,#4992);
#4991 = CARTESIAN_POINT('',(73.9,30.45,21.5));
#4992 = VECTOR('',#4993,1.);
#4993 = DIRECTION('',(-0.,1.,0.));
#4994 = FACE_BOUND('',#4995,.T.);
#4995 = EDGE_LOOP('',(#4996,#5006,#5014,#5022));
#4996 = ORIENTED_EDGE('',*,*,#4997,.T.);
#4997 = EDGE_CURVE('',#4998,#5000,#5002,.T.);
#4998 = VERTEX_POINT('',#4999);
#4999 = CARTESIAN_POINT('',(82.9,60.9,21.5));
#5000 = VERTEX_POINT('',#5001);
#5001 = CARTESIAN_POINT('',(77.9,60.9,21.5));
#5002 = LINE('',#5003,#5004);
#5003 = CARTESIAN_POINT('',(38.95,60.9,21.5));
#5004 = VECTOR('',#5005,1.);
#5005 = DIRECTION('',(-1.,-0.,0.));
#5006 = ORIENTED_EDGE('',*,*,#5007,.T.);
#5007 = EDGE_CURVE('',#5000,#5008,#5010,.T.);
#5008 = VERTEX_POINT('',#5009);
#5009 = CARTESIAN_POINT('',(77.9,64.9,21.5));
#5010 = LINE('',#5011,#5012);
#5011 = CARTESIAN_POINT('',(77.9,30.45,21.5));
#5012 = VECTOR('',#5013,1.);
#5013 = DIRECTION('',(-0.,1.,0.));
#5014 = ORIENTED_EDGE('',*,*,#5015,.F.);
#5015 = EDGE_CURVE('',#5016,#5008,#5018,.T.);
#5016 = VERTEX_POINT('',#5017);
#5017 = CARTESIAN_POINT('',(82.9,64.9,21.5));
#5018 = LINE('',#5019,#5020);
#5019 = CARTESIAN_POINT('',(38.95,64.9,21.5));
#5020 = VECTOR('',#5021,1.);
#5021 = DIRECTION('',(-1.,-0.,0.));
#5022 = ORIENTED_EDGE('',*,*,#5023,.F.);
#5023 = EDGE_CURVE('',#4998,#5016,#5024,.T.);
#5024 = LINE('',#5025,#5026);
#5025 = CARTESIAN_POINT('',(82.9,30.45,21.5));
#5026 = VECTOR('',#5027,1.);
#5027 = DIRECTION('',(-0.,1.,0.));
#5028 = PLANE('',#5029);
#5029 = AXIS2_PLACEMENT_3D('',#5030,#5031,#5032);
#5030 = CARTESIAN_POINT('',(0.,0.,21.5));
#5031 = DIRECTION('',(0.,0.,1.));
#5032 = DIRECTION('',(1.,0.,-0.));
#5033 = ADVANCED_FACE('',(#5034,#5089,#5092,#5095,#5098,#5101,#5104,
    #5107,#5110),#5113,.F.);
#5034 = FACE_BOUND('',#5035,.F.);
#5035 = EDGE_LOOP('',(#5036,#5044,#5045,#5046,#5047,#5048,#5049,#5050,
    #5051,#5052,#5053,#5054,#5055,#5056,#5057,#5058,#5059,#5060,#5061,
    #5062,#5063,#5064,#5065,#5066,#5067,#5068,#5069,#5070,#5071,#5072,
    #5073,#5074,#5075,#5076,#5082,#5083));
#5036 = ORIENTED_EDGE('',*,*,#5037,.F.);
#5037 = EDGE_CURVE('',#1977,#5038,#5040,.T.);
#5038 = VERTEX_POINT('',#5039);
#5039 = CARTESIAN_POINT('',(101.,81.,19.1));
#5040 = LINE('',#5041,#5042);
#5041 = CARTESIAN_POINT('',(101.,81.,11.1));
#5042 = VECTOR('',#5043,1.);
#5043 = DIRECTION('',(0.,0.,1.));
#5044 = ORIENTED_EDGE('',*,*,#1976,.F.);
#5045 = ORIENTED_EDGE('',*,*,#2033,.T.);
#5046 = ORIENTED_EDGE('',*,*,#2080,.T.);
#5047 = ORIENTED_EDGE('',*,*,#2136,.F.);
#5048 = ORIENTED_EDGE('',*,*,#2184,.F.);
#5049 = ORIENTED_EDGE('',*,*,#2225,.T.);
#5050 = ORIENTED_EDGE('',*,*,#2272,.T.);
#5051 = ORIENTED_EDGE('',*,*,#2328,.F.);
#5052 = ORIENTED_EDGE('',*,*,#2376,.F.);
#5053 = ORIENTED_EDGE('',*,*,#2417,.T.);
#5054 = ORIENTED_EDGE('',*,*,#2464,.T.);
#5055 = ORIENTED_EDGE('',*,*,#2520,.F.);
#5056 = ORIENTED_EDGE('',*,*,#2568,.F.);
#5057 = ORIENTED_EDGE('',*,*,#2609,.T.);
#5058 = ORIENTED_EDGE('',*,*,#2656,.T.);
#5059 = ORIENTED_EDGE('',*,*,#2633,.F.);
#5060 = ORIENTED_EDGE('',*,*,#2585,.F.);
#5061 = ORIENTED_EDGE('',*,*,#2544,.T.);
#5062 = ORIENTED_EDGE('',*,*,#2488,.T.);
#5063 = ORIENTED_EDGE('',*,*,#2441,.F.);
#5064 = ORIENTED_EDGE('',*,*,#2393,.F.);
#5065 = ORIENTED_EDGE('',*,*,#2352,.T.);
#5066 = ORIENTED_EDGE('',*,*,#2296,.T.);
#5067 = ORIENTED_EDGE('',*,*,#2249,.F.);
#5068 = ORIENTED_EDGE('',*,*,#2201,.F.);
#5069 = ORIENTED_EDGE('',*,*,#2160,.T.);
#5070 = ORIENTED_EDGE('',*,*,#2104,.T.);
#5071 = ORIENTED_EDGE('',*,*,#2057,.F.);
#5072 = ORIENTED_EDGE('',*,*,#2009,.F.);
#5073 = ORIENTED_EDGE('',*,*,#1952,.T.);
#5074 = ORIENTED_EDGE('',*,*,#1880,.T.);
#5075 = ORIENTED_EDGE('',*,*,#1833,.F.);
#5076 = ORIENTED_EDGE('',*,*,#5077,.F.);
#5077 = EDGE_CURVE('',#2896,#1826,#5078,.T.);
#5078 = LINE('',#5079,#5080);
#5079 = CARTESIAN_POINT('',(3.85,81.,15.4));
#5080 = VECTOR('',#5081,1.);
#5081 = DIRECTION('',(1.,0.,-0.));
#5082 = ORIENTED_EDGE('',*,*,#2903,.T.);
#5083 = ORIENTED_EDGE('',*,*,#5084,.F.);
#5084 = EDGE_CURVE('',#5038,#2904,#5085,.T.);
#5085 = LINE('',#5086,#5087);
#5086 = CARTESIAN_POINT('',(3.8,81.,19.1));
#5087 = VECTOR('',#5088,1.);
#5088 = DIRECTION('',(-1.,-0.,0.));
#5089 = FACE_BOUND('',#5090,.F.);
#5090 = EDGE_LOOP('',(#5091));
#5091 = ORIENTED_EDGE('',*,*,#2682,.F.);
#5092 = FACE_BOUND('',#5093,.F.);
#5093 = EDGE_LOOP('',(#5094));
#5094 = ORIENTED_EDGE('',*,*,#2707,.F.);
#5095 = FACE_BOUND('',#5096,.F.);
#5096 = EDGE_LOOP('',(#5097));
#5097 = ORIENTED_EDGE('',*,*,#2732,.F.);
#5098 = FACE_BOUND('',#5099,.F.);
#5099 = EDGE_LOOP('',(#5100));
#5100 = ORIENTED_EDGE('',*,*,#2757,.F.);
#5101 = FACE_BOUND('',#5102,.F.);
#5102 = EDGE_LOOP('',(#5103));
#5103 = ORIENTED_EDGE('',*,*,#2782,.F.);
#5104 = FACE_BOUND('',#5105,.F.);
#5105 = EDGE_LOOP('',(#5106));
#5106 = ORIENTED_EDGE('',*,*,#2807,.F.);
#5107 = FACE_BOUND('',#5108,.F.);
#5108 = EDGE_LOOP('',(#5109));
#5109 = ORIENTED_EDGE('',*,*,#2832,.F.);
#5110 = FACE_BOUND('',#5111,.F.);
#5111 = EDGE_LOOP('',(#5112));
#5112 = ORIENTED_EDGE('',*,*,#2857,.F.);
#5113 = PLANE('',#5114);
#5114 = AXIS2_PLACEMENT_3D('',#5115,#5116,#5117);
#5115 = CARTESIAN_POINT('',(4.8,81.,11.1));
#5116 = DIRECTION('',(-0.,1.,0.));
#5117 = DIRECTION('',(0.,0.,1.));
#5118 = ADVANCED_FACE('',(#5119),#5130,.T.);
#5119 = FACE_BOUND('',#5120,.T.);
#5120 = EDGE_LOOP('',(#5121,#5122,#5123,#5129));
#5121 = ORIENTED_EDGE('',*,*,#1904,.F.);
#5122 = ORIENTED_EDGE('',*,*,#3137,.F.);
#5123 = ORIENTED_EDGE('',*,*,#5124,.T.);
#5124 = EDGE_CURVE('',#3138,#1985,#5125,.T.);
#5125 = LINE('',#5126,#5127);
#5126 = CARTESIAN_POINT('',(101.,80.6,9.95));
#5127 = VECTOR('',#5128,1.);
#5128 = DIRECTION('',(0.,0.,1.));
#5129 = ORIENTED_EDGE('',*,*,#1992,.T.);
#5130 = PLANE('',#5131);
#5131 = AXIS2_PLACEMENT_3D('',#5132,#5133,#5134);
#5132 = CARTESIAN_POINT('',(93.15,80.6,8.8));
#5133 = DIRECTION('',(-0.,1.,0.));
#5134 = DIRECTION('',(0.,0.,1.));
#5135 = ADVANCED_FACE('',(#5136),#5162,.F.);
#5136 = FACE_BOUND('',#5137,.F.);
#5137 = EDGE_LOOP('',(#5138,#5139,#5140,#5141,#5142,#5143,#5149,#5150,
    #5151,#5152,#5153,#5154,#5155,#5156));
#5138 = ORIENTED_EDGE('',*,*,#2989,.F.);
#5139 = ORIENTED_EDGE('',*,*,#3323,.F.);
#5140 = ORIENTED_EDGE('',*,*,#3305,.F.);
#5141 = ORIENTED_EDGE('',*,*,#3281,.T.);
#5142 = ORIENTED_EDGE('',*,*,#3257,.T.);
#5143 = ORIENTED_EDGE('',*,*,#5144,.F.);
#5144 = EDGE_CURVE('',#3217,#3241,#5145,.T.);
#5145 = LINE('',#5146,#5147);
#5146 = CARTESIAN_POINT('',(101.,26.35,15.4));
#5147 = VECTOR('',#5148,1.);
#5148 = DIRECTION('',(0.,-1.,0.));
#5149 = ORIENTED_EDGE('',*,*,#3226,.F.);
#5150 = ORIENTED_EDGE('',*,*,#3202,.T.);
#5151 = ORIENTED_EDGE('',*,*,#3178,.T.);
#5152 = ORIENTED_EDGE('',*,*,#3145,.F.);
#5153 = ORIENTED_EDGE('',*,*,#5124,.T.);
#5154 = ORIENTED_EDGE('',*,*,#1984,.F.);
#5155 = ORIENTED_EDGE('',*,*,#5037,.T.);
#5156 = ORIENTED_EDGE('',*,*,#5157,.F.);
#5157 = EDGE_CURVE('',#2992,#5038,#5158,.T.);
#5158 = LINE('',#5159,#5160);
#5159 = CARTESIAN_POINT('',(101.,3.8,19.1));
#5160 = VECTOR('',#5161,1.);
#5161 = DIRECTION('',(-0.,1.,0.));
#5162 = PLANE('',#5163);
#5163 = AXIS2_PLACEMENT_3D('',#5164,#5165,#5166);
#5164 = CARTESIAN_POINT('',(101.,4.8,11.1));
#5165 = DIRECTION('',(1.,0.,-0.));
#5166 = DIRECTION('',(0.,0.,1.));
#5167 = ADVANCED_FACE('',(#5168),#5179,.F.);
#5168 = FACE_BOUND('',#5169,.F.);
#5169 = EDGE_LOOP('',(#5170,#5171,#5178));
#5170 = ORIENTED_EDGE('',*,*,#3031,.F.);
#5171 = ORIENTED_EDGE('',*,*,#5172,.F.);
#5172 = EDGE_CURVE('',#2968,#3032,#5173,.T.);
#5173 = CIRCLE('',#5174,1.7);
#5174 = AXIS2_PLACEMENT_3D('',#5175,#5176,#5177);
#5175 = CARTESIAN_POINT('',(6.3,6.3,19.1));
#5176 = DIRECTION('',(0.,0.,1.));
#5177 = DIRECTION('',(1.,0.,-0.));
#5178 = ORIENTED_EDGE('',*,*,#2975,.F.);
#5179 = PLANE('',#5180);
#5180 = AXIS2_PLACEMENT_3D('',#5181,#5182,#5183);
#5181 = CARTESIAN_POINT('',(0.,0.,19.1));
#5182 = DIRECTION('',(0.,0.,1.));
#5183 = DIRECTION('',(1.,0.,-0.));
#5184 = ADVANCED_FACE('',(#5185),#5230,.F.);
#5185 = FACE_BOUND('',#5186,.F.);
#5186 = EDGE_LOOP('',(#5187,#5188,#5196,#5203,#5204,#5211,#5212,#5213,
    #5214,#5221,#5222,#5229));
#5187 = ORIENTED_EDGE('',*,*,#3344,.F.);
#5188 = ORIENTED_EDGE('',*,*,#5189,.F.);
#5189 = EDGE_CURVE('',#5190,#3345,#5192,.T.);
#5190 = VERTEX_POINT('',#5191);
#5191 = CARTESIAN_POINT('',(8.,6.3,19.1));
#5192 = LINE('',#5193,#5194);
#5193 = CARTESIAN_POINT('',(8.,6.3,18.6));
#5194 = VECTOR('',#5195,1.);
#5195 = DIRECTION('',(0.,0.,1.));
#5196 = ORIENTED_EDGE('',*,*,#5197,.T.);
#5197 = EDGE_CURVE('',#5190,#2944,#5198,.T.);
#5198 = CIRCLE('',#5199,1.7);
#5199 = AXIS2_PLACEMENT_3D('',#5200,#5201,#5202);
#5200 = CARTESIAN_POINT('',(6.3,6.3,19.1));
#5201 = DIRECTION('',(0.,0.,1.));
#5202 = DIRECTION('',(1.,0.,-0.));
#5203 = ORIENTED_EDGE('',*,*,#2951,.F.);
#5204 = ORIENTED_EDGE('',*,*,#5205,.T.);
#5205 = EDGE_CURVE('',#2952,#2960,#5206,.T.);
#5206 = CIRCLE('',#5207,1.7);
#5207 = AXIS2_PLACEMENT_3D('',#5208,#5209,#5210);
#5208 = CARTESIAN_POINT('',(6.3,6.3,18.6));
#5209 = DIRECTION('',(0.,0.,1.));
#5210 = DIRECTION('',(1.,0.,-0.));
#5211 = ORIENTED_EDGE('',*,*,#2967,.T.);
#5212 = ORIENTED_EDGE('',*,*,#5172,.T.);
#5213 = ORIENTED_EDGE('',*,*,#3039,.F.);
#5214 = ORIENTED_EDGE('',*,*,#5215,.T.);
#5215 = EDGE_CURVE('',#3040,#3048,#5216,.T.);
#5216 = CIRCLE('',#5217,1.7);
#5217 = AXIS2_PLACEMENT_3D('',#5218,#5219,#5220);
#5218 = CARTESIAN_POINT('',(6.3,6.3,18.6));
#5219 = DIRECTION('',(0.,0.,1.));
#5220 = DIRECTION('',(1.,0.,-0.));
#5221 = ORIENTED_EDGE('',*,*,#3055,.T.);
#5222 = ORIENTED_EDGE('',*,*,#5223,.T.);
#5223 = EDGE_CURVE('',#3056,#5190,#5224,.T.);
#5224 = CIRCLE('',#5225,1.7);
#5225 = AXIS2_PLACEMENT_3D('',#5226,#5227,#5228);
#5226 = CARTESIAN_POINT('',(6.3,6.3,19.1));
#5227 = DIRECTION('',(0.,0.,1.));
#5228 = DIRECTION('',(1.,0.,-0.));
#5229 = ORIENTED_EDGE('',*,*,#5189,.T.);
#5230 = CYLINDRICAL_SURFACE('',#5231,1.7);
#5231 = AXIS2_PLACEMENT_3D('',#5232,#5233,#5234);
#5232 = CARTESIAN_POINT('',(6.3,6.3,18.6));
#5233 = DIRECTION('',(0.,0.,1.));
#5234 = DIRECTION('',(1.,0.,-0.));
#5235 = ADVANCED_FACE('',(#5236),#5240,.T.);
#5236 = FACE_BOUND('',#5237,.T.);
#5237 = EDGE_LOOP('',(#5238,#5239));
#5238 = ORIENTED_EDGE('',*,*,#2959,.F.);
#5239 = ORIENTED_EDGE('',*,*,#5205,.T.);
#5240 = PLANE('',#5241);
#5241 = AXIS2_PLACEMENT_3D('',#5242,#5243,#5244);
#5242 = CARTESIAN_POINT('',(6.3,6.3,18.6));
#5243 = DIRECTION('',(0.,0.,1.));
#5244 = DIRECTION('',(1.,0.,-0.));
#5245 = ADVANCED_FACE('',(#5246,#5271,#5305,#5339,#5373,#5407,#5441,
    #5475,#5509,#5543,#5577,#5588,#5622,#5656,#5690,#5724,#5758,#5769,
    #5803,#5837,#5871,#5905,#5939,#5973,#6007,#6041,#6075,#6109,#6143,
    #6177,#6211,#6245,#6279,#6313,#6347,#6381,#6415,#6449,#6483,#6517,
    #6551,#6585,#6619,#6653,#6687,#6721,#6755,#6789,#6823,#6857,#6868,
    #6902),#6936,.F.);
#5246 = FACE_BOUND('',#5247,.F.);
#5247 = EDGE_LOOP('',(#5248,#5249,#5250,#5251,#5252,#5261,#5268,#5269,
    #5270));
#5248 = ORIENTED_EDGE('',*,*,#3063,.F.);
#5249 = ORIENTED_EDGE('',*,*,#5157,.T.);
#5250 = ORIENTED_EDGE('',*,*,#5084,.T.);
#5251 = ORIENTED_EDGE('',*,*,#2911,.F.);
#5252 = ORIENTED_EDGE('',*,*,#5253,.F.);
#5253 = EDGE_CURVE('',#5254,#2912,#5256,.T.);
#5254 = VERTEX_POINT('',#5255);
#5255 = CARTESIAN_POINT('',(7.6,30.9,19.1));
#5256 = CIRCLE('',#5257,1.7);
#5257 = AXIS2_PLACEMENT_3D('',#5258,#5259,#5260);
#5258 = CARTESIAN_POINT('',(5.9,30.9,19.1));
#5259 = DIRECTION('',(0.,0.,1.));
#5260 = DIRECTION('',(1.,0.,-0.));
#5261 = ORIENTED_EDGE('',*,*,#5262,.F.);
#5262 = EDGE_CURVE('',#2936,#5254,#5263,.T.);
#5263 = CIRCLE('',#5264,1.7);
#5264 = AXIS2_PLACEMENT_3D('',#5265,#5266,#5267);
#5265 = CARTESIAN_POINT('',(5.9,30.9,19.1));
#5266 = DIRECTION('',(0.,0.,1.));
#5267 = DIRECTION('',(1.,0.,-0.));
#5268 = ORIENTED_EDGE('',*,*,#2943,.F.);
#5269 = ORIENTED_EDGE('',*,*,#5197,.F.);
#5270 = ORIENTED_EDGE('',*,*,#5223,.F.);
#5271 = FACE_BOUND('',#5272,.F.);
#5272 = EDGE_LOOP('',(#5273,#5283,#5291,#5299));
#5273 = ORIENTED_EDGE('',*,*,#5274,.T.);
#5274 = EDGE_CURVE('',#5275,#5277,#5279,.T.);
#5275 = VERTEX_POINT('',#5276);
#5276 = CARTESIAN_POINT('',(19.9,20.9,19.1));
#5277 = VERTEX_POINT('',#5278);
#5278 = CARTESIAN_POINT('',(14.9,20.9,19.1));
#5279 = LINE('',#5280,#5281);
#5280 = CARTESIAN_POINT('',(7.45,20.9,19.1));
#5281 = VECTOR('',#5282,1.);
#5282 = DIRECTION('',(-1.,-0.,0.));
#5283 = ORIENTED_EDGE('',*,*,#5284,.T.);
#5284 = EDGE_CURVE('',#5277,#5285,#5287,.T.);
#5285 = VERTEX_POINT('',#5286);
#5286 = CARTESIAN_POINT('',(14.9,24.9,19.1));
#5287 = LINE('',#5288,#5289);
#5288 = CARTESIAN_POINT('',(14.9,10.45,19.1));
#5289 = VECTOR('',#5290,1.);
#5290 = DIRECTION('',(-0.,1.,0.));
#5291 = ORIENTED_EDGE('',*,*,#5292,.F.);
#5292 = EDGE_CURVE('',#5293,#5285,#5295,.T.);
#5293 = VERTEX_POINT('',#5294);
#5294 = CARTESIAN_POINT('',(19.9,24.9,19.1));
#5295 = LINE('',#5296,#5297);
#5296 = CARTESIAN_POINT('',(7.45,24.9,19.1));
#5297 = VECTOR('',#5298,1.);
#5298 = DIRECTION('',(-1.,-0.,0.));
#5299 = ORIENTED_EDGE('',*,*,#5300,.F.);
#5300 = EDGE_CURVE('',#5275,#5293,#5301,.T.);
#5301 = LINE('',#5302,#5303);
#5302 = CARTESIAN_POINT('',(19.9,10.45,19.1));
#5303 = VECTOR('',#5304,1.);
#5304 = DIRECTION('',(-0.,1.,0.));
#5305 = FACE_BOUND('',#5306,.F.);
#5306 = EDGE_LOOP('',(#5307,#5317,#5325,#5333));
#5307 = ORIENTED_EDGE('',*,*,#5308,.T.);
#5308 = EDGE_CURVE('',#5309,#5311,#5313,.T.);
#5309 = VERTEX_POINT('',#5310);
#5310 = CARTESIAN_POINT('',(28.9,20.9,19.1));
#5311 = VERTEX_POINT('',#5312);
#5312 = CARTESIAN_POINT('',(23.9,20.9,19.1));
#5313 = LINE('',#5314,#5315);
#5314 = CARTESIAN_POINT('',(11.95,20.9,19.1));
#5315 = VECTOR('',#5316,1.);
#5316 = DIRECTION('',(-1.,-0.,0.));
#5317 = ORIENTED_EDGE('',*,*,#5318,.T.);
#5318 = EDGE_CURVE('',#5311,#5319,#5321,.T.);
#5319 = VERTEX_POINT('',#5320);
#5320 = CARTESIAN_POINT('',(23.9,24.9,19.1));
#5321 = LINE('',#5322,#5323);
#5322 = CARTESIAN_POINT('',(23.9,10.45,19.1));
#5323 = VECTOR('',#5324,1.);
#5324 = DIRECTION('',(-0.,1.,0.));
#5325 = ORIENTED_EDGE('',*,*,#5326,.F.);
#5326 = EDGE_CURVE('',#5327,#5319,#5329,.T.);
#5327 = VERTEX_POINT('',#5328);
#5328 = CARTESIAN_POINT('',(28.9,24.9,19.1));
#5329 = LINE('',#5330,#5331);
#5330 = CARTESIAN_POINT('',(11.95,24.9,19.1));
#5331 = VECTOR('',#5332,1.);
#5332 = DIRECTION('',(-1.,-0.,0.));
#5333 = ORIENTED_EDGE('',*,*,#5334,.F.);
#5334 = EDGE_CURVE('',#5309,#5327,#5335,.T.);
#5335 = LINE('',#5336,#5337);
#5336 = CARTESIAN_POINT('',(28.9,10.45,19.1));
#5337 = VECTOR('',#5338,1.);
#5338 = DIRECTION('',(-0.,1.,0.));
#5339 = FACE_BOUND('',#5340,.F.);
#5340 = EDGE_LOOP('',(#5341,#5351,#5359,#5367));
#5341 = ORIENTED_EDGE('',*,*,#5342,.T.);
#5342 = EDGE_CURVE('',#5343,#5345,#5347,.T.);
#5343 = VERTEX_POINT('',#5344);
#5344 = CARTESIAN_POINT('',(37.9,20.9,19.1));
#5345 = VERTEX_POINT('',#5346);
#5346 = CARTESIAN_POINT('',(32.9,20.9,19.1));
#5347 = LINE('',#5348,#5349);
#5348 = CARTESIAN_POINT('',(16.45,20.9,19.1));
#5349 = VECTOR('',#5350,1.);
#5350 = DIRECTION('',(-1.,-0.,0.));
#5351 = ORIENTED_EDGE('',*,*,#5352,.T.);
#5352 = EDGE_CURVE('',#5345,#5353,#5355,.T.);
#5353 = VERTEX_POINT('',#5354);
#5354 = CARTESIAN_POINT('',(32.9,24.9,19.1));
#5355 = LINE('',#5356,#5357);
#5356 = CARTESIAN_POINT('',(32.9,10.45,19.1));
#5357 = VECTOR('',#5358,1.);
#5358 = DIRECTION('',(-0.,1.,0.));
#5359 = ORIENTED_EDGE('',*,*,#5360,.F.);
#5360 = EDGE_CURVE('',#5361,#5353,#5363,.T.);
#5361 = VERTEX_POINT('',#5362);
#5362 = CARTESIAN_POINT('',(37.9,24.9,19.1));
#5363 = LINE('',#5364,#5365);
#5364 = CARTESIAN_POINT('',(16.45,24.9,19.1));
#5365 = VECTOR('',#5366,1.);
#5366 = DIRECTION('',(-1.,-0.,0.));
#5367 = ORIENTED_EDGE('',*,*,#5368,.F.);
#5368 = EDGE_CURVE('',#5343,#5361,#5369,.T.);
#5369 = LINE('',#5370,#5371);
#5370 = CARTESIAN_POINT('',(37.9,10.45,19.1));
#5371 = VECTOR('',#5372,1.);
#5372 = DIRECTION('',(-0.,1.,0.));
#5373 = FACE_BOUND('',#5374,.F.);
#5374 = EDGE_LOOP('',(#5375,#5385,#5393,#5401));
#5375 = ORIENTED_EDGE('',*,*,#5376,.T.);
#5376 = EDGE_CURVE('',#5377,#5379,#5381,.T.);
#5377 = VERTEX_POINT('',#5378);
#5378 = CARTESIAN_POINT('',(46.9,20.9,19.1));
#5379 = VERTEX_POINT('',#5380);
#5380 = CARTESIAN_POINT('',(41.9,20.9,19.1));
#5381 = LINE('',#5382,#5383);
#5382 = CARTESIAN_POINT('',(20.95,20.9,19.1));
#5383 = VECTOR('',#5384,1.);
#5384 = DIRECTION('',(-1.,-0.,0.));
#5385 = ORIENTED_EDGE('',*,*,#5386,.T.);
#5386 = EDGE_CURVE('',#5379,#5387,#5389,.T.);
#5387 = VERTEX_POINT('',#5388);
#5388 = CARTESIAN_POINT('',(41.9,24.9,19.1));
#5389 = LINE('',#5390,#5391);
#5390 = CARTESIAN_POINT('',(41.9,10.45,19.1));
#5391 = VECTOR('',#5392,1.);
#5392 = DIRECTION('',(-0.,1.,0.));
#5393 = ORIENTED_EDGE('',*,*,#5394,.F.);
#5394 = EDGE_CURVE('',#5395,#5387,#5397,.T.);
#5395 = VERTEX_POINT('',#5396);
#5396 = CARTESIAN_POINT('',(46.9,24.9,19.1));
#5397 = LINE('',#5398,#5399);
#5398 = CARTESIAN_POINT('',(20.95,24.9,19.1));
#5399 = VECTOR('',#5400,1.);
#5400 = DIRECTION('',(-1.,-0.,0.));
#5401 = ORIENTED_EDGE('',*,*,#5402,.F.);
#5402 = EDGE_CURVE('',#5377,#5395,#5403,.T.);
#5403 = LINE('',#5404,#5405);
#5404 = CARTESIAN_POINT('',(46.9,10.45,19.1));
#5405 = VECTOR('',#5406,1.);
#5406 = DIRECTION('',(-0.,1.,0.));
#5407 = FACE_BOUND('',#5408,.F.);
#5408 = EDGE_LOOP('',(#5409,#5419,#5427,#5435));
#5409 = ORIENTED_EDGE('',*,*,#5410,.T.);
#5410 = EDGE_CURVE('',#5411,#5413,#5415,.T.);
#5411 = VERTEX_POINT('',#5412);
#5412 = CARTESIAN_POINT('',(19.9,28.9,19.1));
#5413 = VERTEX_POINT('',#5414);
#5414 = CARTESIAN_POINT('',(14.9,28.9,19.1));
#5415 = LINE('',#5416,#5417);
#5416 = CARTESIAN_POINT('',(7.45,28.9,19.1));
#5417 = VECTOR('',#5418,1.);
#5418 = DIRECTION('',(-1.,-0.,0.));
#5419 = ORIENTED_EDGE('',*,*,#5420,.T.);
#5420 = EDGE_CURVE('',#5413,#5421,#5423,.T.);
#5421 = VERTEX_POINT('',#5422);
#5422 = CARTESIAN_POINT('',(14.9,32.9,19.1));
#5423 = LINE('',#5424,#5425);
#5424 = CARTESIAN_POINT('',(14.9,14.45,19.1));
#5425 = VECTOR('',#5426,1.);
#5426 = DIRECTION('',(-0.,1.,0.));
#5427 = ORIENTED_EDGE('',*,*,#5428,.F.);
#5428 = EDGE_CURVE('',#5429,#5421,#5431,.T.);
#5429 = VERTEX_POINT('',#5430);
#5430 = CARTESIAN_POINT('',(19.9,32.9,19.1));
#5431 = LINE('',#5432,#5433);
#5432 = CARTESIAN_POINT('',(7.45,32.9,19.1));
#5433 = VECTOR('',#5434,1.);
#5434 = DIRECTION('',(-1.,-0.,0.));
#5435 = ORIENTED_EDGE('',*,*,#5436,.F.);
#5436 = EDGE_CURVE('',#5411,#5429,#5437,.T.);
#5437 = LINE('',#5438,#5439);
#5438 = CARTESIAN_POINT('',(19.9,14.45,19.1));
#5439 = VECTOR('',#5440,1.);
#5440 = DIRECTION('',(-0.,1.,0.));
#5441 = FACE_BOUND('',#5442,.F.);
#5442 = EDGE_LOOP('',(#5443,#5453,#5461,#5469));
#5443 = ORIENTED_EDGE('',*,*,#5444,.T.);
#5444 = EDGE_CURVE('',#5445,#5447,#5449,.T.);
#5445 = VERTEX_POINT('',#5446);
#5446 = CARTESIAN_POINT('',(28.9,28.9,19.1));
#5447 = VERTEX_POINT('',#5448);
#5448 = CARTESIAN_POINT('',(23.9,28.9,19.1));
#5449 = LINE('',#5450,#5451);
#5450 = CARTESIAN_POINT('',(11.95,28.9,19.1));
#5451 = VECTOR('',#5452,1.);
#5452 = DIRECTION('',(-1.,-0.,0.));
#5453 = ORIENTED_EDGE('',*,*,#5454,.T.);
#5454 = EDGE_CURVE('',#5447,#5455,#5457,.T.);
#5455 = VERTEX_POINT('',#5456);
#5456 = CARTESIAN_POINT('',(23.9,32.9,19.1));
#5457 = LINE('',#5458,#5459);
#5458 = CARTESIAN_POINT('',(23.9,14.45,19.1));
#5459 = VECTOR('',#5460,1.);
#5460 = DIRECTION('',(-0.,1.,0.));
#5461 = ORIENTED_EDGE('',*,*,#5462,.F.);
#5462 = EDGE_CURVE('',#5463,#5455,#5465,.T.);
#5463 = VERTEX_POINT('',#5464);
#5464 = CARTESIAN_POINT('',(28.9,32.9,19.1));
#5465 = LINE('',#5466,#5467);
#5466 = CARTESIAN_POINT('',(11.95,32.9,19.1));
#5467 = VECTOR('',#5468,1.);
#5468 = DIRECTION('',(-1.,-0.,0.));
#5469 = ORIENTED_EDGE('',*,*,#5470,.F.);
#5470 = EDGE_CURVE('',#5445,#5463,#5471,.T.);
#5471 = LINE('',#5472,#5473);
#5472 = CARTESIAN_POINT('',(28.9,14.45,19.1));
#5473 = VECTOR('',#5474,1.);
#5474 = DIRECTION('',(-0.,1.,0.));
#5475 = FACE_BOUND('',#5476,.F.);
#5476 = EDGE_LOOP('',(#5477,#5487,#5495,#5503));
#5477 = ORIENTED_EDGE('',*,*,#5478,.T.);
#5478 = EDGE_CURVE('',#5479,#5481,#5483,.T.);
#5479 = VERTEX_POINT('',#5480);
#5480 = CARTESIAN_POINT('',(19.9,36.9,19.1));
#5481 = VERTEX_POINT('',#5482);
#5482 = CARTESIAN_POINT('',(14.9,36.9,19.1));
#5483 = LINE('',#5484,#5485);
#5484 = CARTESIAN_POINT('',(7.45,36.9,19.1));
#5485 = VECTOR('',#5486,1.);
#5486 = DIRECTION('',(-1.,-0.,0.));
#5487 = ORIENTED_EDGE('',*,*,#5488,.T.);
#5488 = EDGE_CURVE('',#5481,#5489,#5491,.T.);
#5489 = VERTEX_POINT('',#5490);
#5490 = CARTESIAN_POINT('',(14.9,40.9,19.1));
#5491 = LINE('',#5492,#5493);
#5492 = CARTESIAN_POINT('',(14.9,18.45,19.1));
#5493 = VECTOR('',#5494,1.);
#5494 = DIRECTION('',(-0.,1.,0.));
#5495 = ORIENTED_EDGE('',*,*,#5496,.F.);
#5496 = EDGE_CURVE('',#5497,#5489,#5499,.T.);
#5497 = VERTEX_POINT('',#5498);
#5498 = CARTESIAN_POINT('',(19.9,40.9,19.1));
#5499 = LINE('',#5500,#5501);
#5500 = CARTESIAN_POINT('',(7.45,40.9,19.1));
#5501 = VECTOR('',#5502,1.);
#5502 = DIRECTION('',(-1.,-0.,0.));
#5503 = ORIENTED_EDGE('',*,*,#5504,.F.);
#5504 = EDGE_CURVE('',#5479,#5497,#5505,.T.);
#5505 = LINE('',#5506,#5507);
#5506 = CARTESIAN_POINT('',(19.9,18.45,19.1));
#5507 = VECTOR('',#5508,1.);
#5508 = DIRECTION('',(-0.,1.,0.));
#5509 = FACE_BOUND('',#5510,.F.);
#5510 = EDGE_LOOP('',(#5511,#5521,#5529,#5537));
#5511 = ORIENTED_EDGE('',*,*,#5512,.T.);
#5512 = EDGE_CURVE('',#5513,#5515,#5517,.T.);
#5513 = VERTEX_POINT('',#5514);
#5514 = CARTESIAN_POINT('',(28.9,36.9,19.1));
#5515 = VERTEX_POINT('',#5516);
#5516 = CARTESIAN_POINT('',(23.9,36.9,19.1));
#5517 = LINE('',#5518,#5519);
#5518 = CARTESIAN_POINT('',(11.95,36.9,19.1));
#5519 = VECTOR('',#5520,1.);
#5520 = DIRECTION('',(-1.,-0.,0.));
#5521 = ORIENTED_EDGE('',*,*,#5522,.T.);
#5522 = EDGE_CURVE('',#5515,#5523,#5525,.T.);
#5523 = VERTEX_POINT('',#5524);
#5524 = CARTESIAN_POINT('',(23.9,40.9,19.1));
#5525 = LINE('',#5526,#5527);
#5526 = CARTESIAN_POINT('',(23.9,18.45,19.1));
#5527 = VECTOR('',#5528,1.);
#5528 = DIRECTION('',(-0.,1.,0.));
#5529 = ORIENTED_EDGE('',*,*,#5530,.F.);
#5530 = EDGE_CURVE('',#5531,#5523,#5533,.T.);
#5531 = VERTEX_POINT('',#5532);
#5532 = CARTESIAN_POINT('',(28.9,40.9,19.1));
#5533 = LINE('',#5534,#5535);
#5534 = CARTESIAN_POINT('',(11.95,40.9,19.1));
#5535 = VECTOR('',#5536,1.);
#5536 = DIRECTION('',(-1.,-0.,0.));
#5537 = ORIENTED_EDGE('',*,*,#5538,.F.);
#5538 = EDGE_CURVE('',#5513,#5531,#5539,.T.);
#5539 = LINE('',#5540,#5541);
#5540 = CARTESIAN_POINT('',(28.9,18.45,19.1));
#5541 = VECTOR('',#5542,1.);
#5542 = DIRECTION('',(-0.,1.,0.));
#5543 = FACE_BOUND('',#5544,.F.);
#5544 = EDGE_LOOP('',(#5545,#5555,#5563,#5571));
#5545 = ORIENTED_EDGE('',*,*,#5546,.T.);
#5546 = EDGE_CURVE('',#5547,#5549,#5551,.T.);
#5547 = VERTEX_POINT('',#5548);
#5548 = CARTESIAN_POINT('',(37.9,28.9,19.1));
#5549 = VERTEX_POINT('',#5550);
#5550 = CARTESIAN_POINT('',(32.9,28.9,19.1));
#5551 = LINE('',#5552,#5553);
#5552 = CARTESIAN_POINT('',(16.45,28.9,19.1));
#5553 = VECTOR('',#5554,1.);
#5554 = DIRECTION('',(-1.,-0.,0.));
#5555 = ORIENTED_EDGE('',*,*,#5556,.T.);
#5556 = EDGE_CURVE('',#5549,#5557,#5559,.T.);
#5557 = VERTEX_POINT('',#5558);
#5558 = CARTESIAN_POINT('',(32.9,32.9,19.1));
#5559 = LINE('',#5560,#5561);
#5560 = CARTESIAN_POINT('',(32.9,14.45,19.1));
#5561 = VECTOR('',#5562,1.);
#5562 = DIRECTION('',(-0.,1.,0.));
#5563 = ORIENTED_EDGE('',*,*,#5564,.F.);
#5564 = EDGE_CURVE('',#5565,#5557,#5567,.T.);
#5565 = VERTEX_POINT('',#5566);
#5566 = CARTESIAN_POINT('',(37.9,32.9,19.1));
#5567 = LINE('',#5568,#5569);
#5568 = CARTESIAN_POINT('',(16.45,32.9,19.1));
#5569 = VECTOR('',#5570,1.);
#5570 = DIRECTION('',(-1.,-0.,0.));
#5571 = ORIENTED_EDGE('',*,*,#5572,.F.);
#5572 = EDGE_CURVE('',#5547,#5565,#5573,.T.);
#5573 = LINE('',#5574,#5575);
#5574 = CARTESIAN_POINT('',(37.9,14.45,19.1));
#5575 = VECTOR('',#5576,1.);
#5576 = DIRECTION('',(-0.,1.,0.));
#5577 = FACE_BOUND('',#5578,.F.);
#5578 = EDGE_LOOP('',(#5579));
#5579 = ORIENTED_EDGE('',*,*,#5580,.F.);
#5580 = EDGE_CURVE('',#5581,#5581,#5583,.T.);
#5581 = VERTEX_POINT('',#5582);
#5582 = CARTESIAN_POINT('',(50.2,27.,19.1));
#5583 = CIRCLE('',#5584,1.7);
#5584 = AXIS2_PLACEMENT_3D('',#5585,#5586,#5587);
#5585 = CARTESIAN_POINT('',(48.5,27.,19.1));
#5586 = DIRECTION('',(0.,0.,1.));
#5587 = DIRECTION('',(1.,0.,-0.));
#5588 = FACE_BOUND('',#5589,.F.);
#5589 = EDGE_LOOP('',(#5590,#5600,#5608,#5616));
#5590 = ORIENTED_EDGE('',*,*,#5591,.T.);
#5591 = EDGE_CURVE('',#5592,#5594,#5596,.T.);
#5592 = VERTEX_POINT('',#5593);
#5593 = CARTESIAN_POINT('',(46.9,28.9,19.1));
#5594 = VERTEX_POINT('',#5595);
#5595 = CARTESIAN_POINT('',(41.9,28.9,19.1));
#5596 = LINE('',#5597,#5598);
#5597 = CARTESIAN_POINT('',(20.95,28.9,19.1));
#5598 = VECTOR('',#5599,1.);
#5599 = DIRECTION('',(-1.,-0.,0.));
#5600 = ORIENTED_EDGE('',*,*,#5601,.T.);
#5601 = EDGE_CURVE('',#5594,#5602,#5604,.T.);
#5602 = VERTEX_POINT('',#5603);
#5603 = CARTESIAN_POINT('',(41.9,32.9,19.1));
#5604 = LINE('',#5605,#5606);
#5605 = CARTESIAN_POINT('',(41.9,14.45,19.1));
#5606 = VECTOR('',#5607,1.);
#5607 = DIRECTION('',(-0.,1.,0.));
#5608 = ORIENTED_EDGE('',*,*,#5609,.F.);
#5609 = EDGE_CURVE('',#5610,#5602,#5612,.T.);
#5610 = VERTEX_POINT('',#5611);
#5611 = CARTESIAN_POINT('',(46.9,32.9,19.1));
#5612 = LINE('',#5613,#5614);
#5613 = CARTESIAN_POINT('',(20.95,32.9,19.1));
#5614 = VECTOR('',#5615,1.);
#5615 = DIRECTION('',(-1.,-0.,0.));
#5616 = ORIENTED_EDGE('',*,*,#5617,.F.);
#5617 = EDGE_CURVE('',#5592,#5610,#5618,.T.);
#5618 = LINE('',#5619,#5620);
#5619 = CARTESIAN_POINT('',(46.9,14.45,19.1));
#5620 = VECTOR('',#5621,1.);
#5621 = DIRECTION('',(-0.,1.,0.));
#5622 = FACE_BOUND('',#5623,.F.);
#5623 = EDGE_LOOP('',(#5624,#5634,#5642,#5650));
#5624 = ORIENTED_EDGE('',*,*,#5625,.T.);
#5625 = EDGE_CURVE('',#5626,#5628,#5630,.T.);
#5626 = VERTEX_POINT('',#5627);
#5627 = CARTESIAN_POINT('',(37.9,36.9,19.1));
#5628 = VERTEX_POINT('',#5629);
#5629 = CARTESIAN_POINT('',(32.9,36.9,19.1));
#5630 = LINE('',#5631,#5632);
#5631 = CARTESIAN_POINT('',(16.45,36.9,19.1));
#5632 = VECTOR('',#5633,1.);
#5633 = DIRECTION('',(-1.,-0.,0.));
#5634 = ORIENTED_EDGE('',*,*,#5635,.T.);
#5635 = EDGE_CURVE('',#5628,#5636,#5638,.T.);
#5636 = VERTEX_POINT('',#5637);
#5637 = CARTESIAN_POINT('',(32.9,40.9,19.1));
#5638 = LINE('',#5639,#5640);
#5639 = CARTESIAN_POINT('',(32.9,18.45,19.1));
#5640 = VECTOR('',#5641,1.);
#5641 = DIRECTION('',(-0.,1.,0.));
#5642 = ORIENTED_EDGE('',*,*,#5643,.F.);
#5643 = EDGE_CURVE('',#5644,#5636,#5646,.T.);
#5644 = VERTEX_POINT('',#5645);
#5645 = CARTESIAN_POINT('',(37.9,40.9,19.1));
#5646 = LINE('',#5647,#5648);
#5647 = CARTESIAN_POINT('',(16.45,40.9,19.1));
#5648 = VECTOR('',#5649,1.);
#5649 = DIRECTION('',(-1.,-0.,0.));
#5650 = ORIENTED_EDGE('',*,*,#5651,.F.);
#5651 = EDGE_CURVE('',#5626,#5644,#5652,.T.);
#5652 = LINE('',#5653,#5654);
#5653 = CARTESIAN_POINT('',(37.9,18.45,19.1));
#5654 = VECTOR('',#5655,1.);
#5655 = DIRECTION('',(-0.,1.,0.));
#5656 = FACE_BOUND('',#5657,.F.);
#5657 = EDGE_LOOP('',(#5658,#5668,#5676,#5684));
#5658 = ORIENTED_EDGE('',*,*,#5659,.T.);
#5659 = EDGE_CURVE('',#5660,#5662,#5664,.T.);
#5660 = VERTEX_POINT('',#5661);
#5661 = CARTESIAN_POINT('',(46.9,36.9,19.1));
#5662 = VERTEX_POINT('',#5663);
#5663 = CARTESIAN_POINT('',(41.9,36.9,19.1));
#5664 = LINE('',#5665,#5666);
#5665 = CARTESIAN_POINT('',(20.95,36.9,19.1));
#5666 = VECTOR('',#5667,1.);
#5667 = DIRECTION('',(-1.,-0.,0.));
#5668 = ORIENTED_EDGE('',*,*,#5669,.T.);
#5669 = EDGE_CURVE('',#5662,#5670,#5672,.T.);
#5670 = VERTEX_POINT('',#5671);
#5671 = CARTESIAN_POINT('',(41.9,40.9,19.1));
#5672 = LINE('',#5673,#5674);
#5673 = CARTESIAN_POINT('',(41.9,18.45,19.1));
#5674 = VECTOR('',#5675,1.);
#5675 = DIRECTION('',(-0.,1.,0.));
#5676 = ORIENTED_EDGE('',*,*,#5677,.F.);
#5677 = EDGE_CURVE('',#5678,#5670,#5680,.T.);
#5678 = VERTEX_POINT('',#5679);
#5679 = CARTESIAN_POINT('',(46.9,40.9,19.1));
#5680 = LINE('',#5681,#5682);
#5681 = CARTESIAN_POINT('',(20.95,40.9,19.1));
#5682 = VECTOR('',#5683,1.);
#5683 = DIRECTION('',(-1.,-0.,0.));
#5684 = ORIENTED_EDGE('',*,*,#5685,.F.);
#5685 = EDGE_CURVE('',#5660,#5678,#5686,.T.);
#5686 = LINE('',#5687,#5688);
#5687 = CARTESIAN_POINT('',(46.9,18.45,19.1));
#5688 = VECTOR('',#5689,1.);
#5689 = DIRECTION('',(-0.,1.,0.));
#5690 = FACE_BOUND('',#5691,.F.);
#5691 = EDGE_LOOP('',(#5692,#5702,#5710,#5718));
#5692 = ORIENTED_EDGE('',*,*,#5693,.T.);
#5693 = EDGE_CURVE('',#5694,#5696,#5698,.T.);
#5694 = VERTEX_POINT('',#5695);
#5695 = CARTESIAN_POINT('',(55.9,20.9,19.1));
#5696 = VERTEX_POINT('',#5697);
#5697 = CARTESIAN_POINT('',(50.9,20.9,19.1));
#5698 = LINE('',#5699,#5700);
#5699 = CARTESIAN_POINT('',(25.45,20.9,19.1));
#5700 = VECTOR('',#5701,1.);
#5701 = DIRECTION('',(-1.,-0.,0.));
#5702 = ORIENTED_EDGE('',*,*,#5703,.T.);
#5703 = EDGE_CURVE('',#5696,#5704,#5706,.T.);
#5704 = VERTEX_POINT('',#5705);
#5705 = CARTESIAN_POINT('',(50.9,24.9,19.1));
#5706 = LINE('',#5707,#5708);
#5707 = CARTESIAN_POINT('',(50.9,10.45,19.1));
#5708 = VECTOR('',#5709,1.);
#5709 = DIRECTION('',(-0.,1.,0.));
#5710 = ORIENTED_EDGE('',*,*,#5711,.F.);
#5711 = EDGE_CURVE('',#5712,#5704,#5714,.T.);
#5712 = VERTEX_POINT('',#5713);
#5713 = CARTESIAN_POINT('',(55.9,24.9,19.1));
#5714 = LINE('',#5715,#5716);
#5715 = CARTESIAN_POINT('',(25.45,24.9,19.1));
#5716 = VECTOR('',#5717,1.);
#5717 = DIRECTION('',(-1.,-0.,0.));
#5718 = ORIENTED_EDGE('',*,*,#5719,.F.);
#5719 = EDGE_CURVE('',#5694,#5712,#5720,.T.);
#5720 = LINE('',#5721,#5722);
#5721 = CARTESIAN_POINT('',(55.9,10.45,19.1));
#5722 = VECTOR('',#5723,1.);
#5723 = DIRECTION('',(-0.,1.,0.));
#5724 = FACE_BOUND('',#5725,.F.);
#5725 = EDGE_LOOP('',(#5726,#5736,#5744,#5752));
#5726 = ORIENTED_EDGE('',*,*,#5727,.T.);
#5727 = EDGE_CURVE('',#5728,#5730,#5732,.T.);
#5728 = VERTEX_POINT('',#5729);
#5729 = CARTESIAN_POINT('',(64.9,20.9,19.1));
#5730 = VERTEX_POINT('',#5731);
#5731 = CARTESIAN_POINT('',(59.9,20.9,19.1));
#5732 = LINE('',#5733,#5734);
#5733 = CARTESIAN_POINT('',(29.95,20.9,19.1));
#5734 = VECTOR('',#5735,1.);
#5735 = DIRECTION('',(-1.,-0.,0.));
#5736 = ORIENTED_EDGE('',*,*,#5737,.T.);
#5737 = EDGE_CURVE('',#5730,#5738,#5740,.T.);
#5738 = VERTEX_POINT('',#5739);
#5739 = CARTESIAN_POINT('',(59.9,24.9,19.1));
#5740 = LINE('',#5741,#5742);
#5741 = CARTESIAN_POINT('',(59.9,10.45,19.1));
#5742 = VECTOR('',#5743,1.);
#5743 = DIRECTION('',(-0.,1.,0.));
#5744 = ORIENTED_EDGE('',*,*,#5745,.F.);
#5745 = EDGE_CURVE('',#5746,#5738,#5748,.T.);
#5746 = VERTEX_POINT('',#5747);
#5747 = CARTESIAN_POINT('',(64.9,24.9,19.1));
#5748 = LINE('',#5749,#5750);
#5749 = CARTESIAN_POINT('',(29.95,24.9,19.1));
#5750 = VECTOR('',#5751,1.);
#5751 = DIRECTION('',(-1.,-0.,0.));
#5752 = ORIENTED_EDGE('',*,*,#5753,.F.);
#5753 = EDGE_CURVE('',#5728,#5746,#5754,.T.);
#5754 = LINE('',#5755,#5756);
#5755 = CARTESIAN_POINT('',(64.9,10.45,19.1));
#5756 = VECTOR('',#5757,1.);
#5757 = DIRECTION('',(-0.,1.,0.));
#5758 = FACE_BOUND('',#5759,.F.);
#5759 = EDGE_LOOP('',(#5760));
#5760 = ORIENTED_EDGE('',*,*,#5761,.F.);
#5761 = EDGE_CURVE('',#5762,#5762,#5764,.T.);
#5762 = VERTEX_POINT('',#5763);
#5763 = CARTESIAN_POINT('',(87.6,15.4,19.1));
#5764 = CIRCLE('',#5765,1.7);
#5765 = AXIS2_PLACEMENT_3D('',#5766,#5767,#5768);
#5766 = CARTESIAN_POINT('',(85.9,15.4,19.1));
#5767 = DIRECTION('',(0.,0.,1.));
#5768 = DIRECTION('',(1.,0.,-0.));
#5769 = FACE_BOUND('',#5770,.F.);
#5770 = EDGE_LOOP('',(#5771,#5781,#5789,#5797));
#5771 = ORIENTED_EDGE('',*,*,#5772,.T.);
#5772 = EDGE_CURVE('',#5773,#5775,#5777,.T.);
#5773 = VERTEX_POINT('',#5774);
#5774 = CARTESIAN_POINT('',(73.9,20.9,19.1));
#5775 = VERTEX_POINT('',#5776);
#5776 = CARTESIAN_POINT('',(68.9,20.9,19.1));
#5777 = LINE('',#5778,#5779);
#5778 = CARTESIAN_POINT('',(34.45,20.9,19.1));
#5779 = VECTOR('',#5780,1.);
#5780 = DIRECTION('',(-1.,-0.,0.));
#5781 = ORIENTED_EDGE('',*,*,#5782,.T.);
#5782 = EDGE_CURVE('',#5775,#5783,#5785,.T.);
#5783 = VERTEX_POINT('',#5784);
#5784 = CARTESIAN_POINT('',(68.9,24.9,19.1));
#5785 = LINE('',#5786,#5787);
#5786 = CARTESIAN_POINT('',(68.9,10.45,19.1));
#5787 = VECTOR('',#5788,1.);
#5788 = DIRECTION('',(-0.,1.,0.));
#5789 = ORIENTED_EDGE('',*,*,#5790,.F.);
#5790 = EDGE_CURVE('',#5791,#5783,#5793,.T.);
#5791 = VERTEX_POINT('',#5792);
#5792 = CARTESIAN_POINT('',(73.9,24.9,19.1));
#5793 = LINE('',#5794,#5795);
#5794 = CARTESIAN_POINT('',(34.45,24.9,19.1));
#5795 = VECTOR('',#5796,1.);
#5796 = DIRECTION('',(-1.,-0.,0.));
#5797 = ORIENTED_EDGE('',*,*,#5798,.F.);
#5798 = EDGE_CURVE('',#5773,#5791,#5799,.T.);
#5799 = LINE('',#5800,#5801);
#5800 = CARTESIAN_POINT('',(73.9,10.45,19.1));
#5801 = VECTOR('',#5802,1.);
#5802 = DIRECTION('',(-0.,1.,0.));
#5803 = FACE_BOUND('',#5804,.F.);
#5804 = EDGE_LOOP('',(#5805,#5815,#5823,#5831));
#5805 = ORIENTED_EDGE('',*,*,#5806,.T.);
#5806 = EDGE_CURVE('',#5807,#5809,#5811,.T.);
#5807 = VERTEX_POINT('',#5808);
#5808 = CARTESIAN_POINT('',(82.9,20.9,19.1));
#5809 = VERTEX_POINT('',#5810);
#5810 = CARTESIAN_POINT('',(77.9,20.9,19.1));
#5811 = LINE('',#5812,#5813);
#5812 = CARTESIAN_POINT('',(38.95,20.9,19.1));
#5813 = VECTOR('',#5814,1.);
#5814 = DIRECTION('',(-1.,-0.,0.));
#5815 = ORIENTED_EDGE('',*,*,#5816,.T.);
#5816 = EDGE_CURVE('',#5809,#5817,#5819,.T.);
#5817 = VERTEX_POINT('',#5818);
#5818 = CARTESIAN_POINT('',(77.9,24.9,19.1));
#5819 = LINE('',#5820,#5821);
#5820 = CARTESIAN_POINT('',(77.9,10.45,19.1));
#5821 = VECTOR('',#5822,1.);
#5822 = DIRECTION('',(-0.,1.,0.));
#5823 = ORIENTED_EDGE('',*,*,#5824,.F.);
#5824 = EDGE_CURVE('',#5825,#5817,#5827,.T.);
#5825 = VERTEX_POINT('',#5826);
#5826 = CARTESIAN_POINT('',(82.9,24.9,19.1));
#5827 = LINE('',#5828,#5829);
#5828 = CARTESIAN_POINT('',(38.95,24.9,19.1));
#5829 = VECTOR('',#5830,1.);
#5830 = DIRECTION('',(-1.,-0.,0.));
#5831 = ORIENTED_EDGE('',*,*,#5832,.F.);
#5832 = EDGE_CURVE('',#5807,#5825,#5833,.T.);
#5833 = LINE('',#5834,#5835);
#5834 = CARTESIAN_POINT('',(82.9,10.45,19.1));
#5835 = VECTOR('',#5836,1.);
#5836 = DIRECTION('',(-0.,1.,0.));
#5837 = FACE_BOUND('',#5838,.F.);
#5838 = EDGE_LOOP('',(#5839,#5849,#5857,#5865));
#5839 = ORIENTED_EDGE('',*,*,#5840,.T.);
#5840 = EDGE_CURVE('',#5841,#5843,#5845,.T.);
#5841 = VERTEX_POINT('',#5842);
#5842 = CARTESIAN_POINT('',(55.9,28.9,19.1));
#5843 = VERTEX_POINT('',#5844);
#5844 = CARTESIAN_POINT('',(50.9,28.9,19.1));
#5845 = LINE('',#5846,#5847);
#5846 = CARTESIAN_POINT('',(25.45,28.9,19.1));
#5847 = VECTOR('',#5848,1.);
#5848 = DIRECTION('',(-1.,-0.,0.));
#5849 = ORIENTED_EDGE('',*,*,#5850,.T.);
#5850 = EDGE_CURVE('',#5843,#5851,#5853,.T.);
#5851 = VERTEX_POINT('',#5852);
#5852 = CARTESIAN_POINT('',(50.9,32.9,19.1));
#5853 = LINE('',#5854,#5855);
#5854 = CARTESIAN_POINT('',(50.9,14.45,19.1));
#5855 = VECTOR('',#5856,1.);
#5856 = DIRECTION('',(-0.,1.,0.));
#5857 = ORIENTED_EDGE('',*,*,#5858,.F.);
#5858 = EDGE_CURVE('',#5859,#5851,#5861,.T.);
#5859 = VERTEX_POINT('',#5860);
#5860 = CARTESIAN_POINT('',(55.9,32.9,19.1));
#5861 = LINE('',#5862,#5863);
#5862 = CARTESIAN_POINT('',(25.45,32.9,19.1));
#5863 = VECTOR('',#5864,1.);
#5864 = DIRECTION('',(-1.,-0.,0.));
#5865 = ORIENTED_EDGE('',*,*,#5866,.F.);
#5866 = EDGE_CURVE('',#5841,#5859,#5867,.T.);
#5867 = LINE('',#5868,#5869);
#5868 = CARTESIAN_POINT('',(55.9,14.45,19.1));
#5869 = VECTOR('',#5870,1.);
#5870 = DIRECTION('',(-0.,1.,0.));
#5871 = FACE_BOUND('',#5872,.F.);
#5872 = EDGE_LOOP('',(#5873,#5883,#5891,#5899));
#5873 = ORIENTED_EDGE('',*,*,#5874,.T.);
#5874 = EDGE_CURVE('',#5875,#5877,#5879,.T.);
#5875 = VERTEX_POINT('',#5876);
#5876 = CARTESIAN_POINT('',(64.9,28.9,19.1));
#5877 = VERTEX_POINT('',#5878);
#5878 = CARTESIAN_POINT('',(59.9,28.9,19.1));
#5879 = LINE('',#5880,#5881);
#5880 = CARTESIAN_POINT('',(29.95,28.9,19.1));
#5881 = VECTOR('',#5882,1.);
#5882 = DIRECTION('',(-1.,-0.,0.));
#5883 = ORIENTED_EDGE('',*,*,#5884,.T.);
#5884 = EDGE_CURVE('',#5877,#5885,#5887,.T.);
#5885 = VERTEX_POINT('',#5886);
#5886 = CARTESIAN_POINT('',(59.9,32.9,19.1));
#5887 = LINE('',#5888,#5889);
#5888 = CARTESIAN_POINT('',(59.9,14.45,19.1));
#5889 = VECTOR('',#5890,1.);
#5890 = DIRECTION('',(-0.,1.,0.));
#5891 = ORIENTED_EDGE('',*,*,#5892,.F.);
#5892 = EDGE_CURVE('',#5893,#5885,#5895,.T.);
#5893 = VERTEX_POINT('',#5894);
#5894 = CARTESIAN_POINT('',(64.9,32.9,19.1));
#5895 = LINE('',#5896,#5897);
#5896 = CARTESIAN_POINT('',(29.95,32.9,19.1));
#5897 = VECTOR('',#5898,1.);
#5898 = DIRECTION('',(-1.,-0.,0.));
#5899 = ORIENTED_EDGE('',*,*,#5900,.F.);
#5900 = EDGE_CURVE('',#5875,#5893,#5901,.T.);
#5901 = LINE('',#5902,#5903);
#5902 = CARTESIAN_POINT('',(64.9,14.45,19.1));
#5903 = VECTOR('',#5904,1.);
#5904 = DIRECTION('',(-0.,1.,0.));
#5905 = FACE_BOUND('',#5906,.F.);
#5906 = EDGE_LOOP('',(#5907,#5917,#5925,#5933));
#5907 = ORIENTED_EDGE('',*,*,#5908,.T.);
#5908 = EDGE_CURVE('',#5909,#5911,#5913,.T.);
#5909 = VERTEX_POINT('',#5910);
#5910 = CARTESIAN_POINT('',(55.9,36.9,19.1));
#5911 = VERTEX_POINT('',#5912);
#5912 = CARTESIAN_POINT('',(50.9,36.9,19.1));
#5913 = LINE('',#5914,#5915);
#5914 = CARTESIAN_POINT('',(25.45,36.9,19.1));
#5915 = VECTOR('',#5916,1.);
#5916 = DIRECTION('',(-1.,-0.,0.));
#5917 = ORIENTED_EDGE('',*,*,#5918,.T.);
#5918 = EDGE_CURVE('',#5911,#5919,#5921,.T.);
#5919 = VERTEX_POINT('',#5920);
#5920 = CARTESIAN_POINT('',(50.9,40.9,19.1));
#5921 = LINE('',#5922,#5923);
#5922 = CARTESIAN_POINT('',(50.9,18.45,19.1));
#5923 = VECTOR('',#5924,1.);
#5924 = DIRECTION('',(-0.,1.,0.));
#5925 = ORIENTED_EDGE('',*,*,#5926,.F.);
#5926 = EDGE_CURVE('',#5927,#5919,#5929,.T.);
#5927 = VERTEX_POINT('',#5928);
#5928 = CARTESIAN_POINT('',(55.9,40.9,19.1));
#5929 = LINE('',#5930,#5931);
#5930 = CARTESIAN_POINT('',(25.45,40.9,19.1));
#5931 = VECTOR('',#5932,1.);
#5932 = DIRECTION('',(-1.,-0.,0.));
#5933 = ORIENTED_EDGE('',*,*,#5934,.F.);
#5934 = EDGE_CURVE('',#5909,#5927,#5935,.T.);
#5935 = LINE('',#5936,#5937);
#5936 = CARTESIAN_POINT('',(55.9,18.45,19.1));
#5937 = VECTOR('',#5938,1.);
#5938 = DIRECTION('',(-0.,1.,0.));
#5939 = FACE_BOUND('',#5940,.F.);
#5940 = EDGE_LOOP('',(#5941,#5951,#5959,#5967));
#5941 = ORIENTED_EDGE('',*,*,#5942,.T.);
#5942 = EDGE_CURVE('',#5943,#5945,#5947,.T.);
#5943 = VERTEX_POINT('',#5944);
#5944 = CARTESIAN_POINT('',(64.9,36.9,19.1));
#5945 = VERTEX_POINT('',#5946);
#5946 = CARTESIAN_POINT('',(59.9,36.9,19.1));
#5947 = LINE('',#5948,#5949);
#5948 = CARTESIAN_POINT('',(29.95,36.9,19.1));
#5949 = VECTOR('',#5950,1.);
#5950 = DIRECTION('',(-1.,-0.,0.));
#5951 = ORIENTED_EDGE('',*,*,#5952,.T.);
#5952 = EDGE_CURVE('',#5945,#5953,#5955,.T.);
#5953 = VERTEX_POINT('',#5954);
#5954 = CARTESIAN_POINT('',(59.9,40.9,19.1));
#5955 = LINE('',#5956,#5957);
#5956 = CARTESIAN_POINT('',(59.9,18.45,19.1));
#5957 = VECTOR('',#5958,1.);
#5958 = DIRECTION('',(-0.,1.,0.));
#5959 = ORIENTED_EDGE('',*,*,#5960,.F.);
#5960 = EDGE_CURVE('',#5961,#5953,#5963,.T.);
#5961 = VERTEX_POINT('',#5962);
#5962 = CARTESIAN_POINT('',(64.9,40.9,19.1));
#5963 = LINE('',#5964,#5965);
#5964 = CARTESIAN_POINT('',(29.95,40.9,19.1));
#5965 = VECTOR('',#5966,1.);
#5966 = DIRECTION('',(-1.,-0.,0.));
#5967 = ORIENTED_EDGE('',*,*,#5968,.F.);
#5968 = EDGE_CURVE('',#5943,#5961,#5969,.T.);
#5969 = LINE('',#5970,#5971);
#5970 = CARTESIAN_POINT('',(64.9,18.45,19.1));
#5971 = VECTOR('',#5972,1.);
#5972 = DIRECTION('',(-0.,1.,0.));
#5973 = FACE_BOUND('',#5974,.F.);
#5974 = EDGE_LOOP('',(#5975,#5985,#5993,#6001));
#5975 = ORIENTED_EDGE('',*,*,#5976,.T.);
#5976 = EDGE_CURVE('',#5977,#5979,#5981,.T.);
#5977 = VERTEX_POINT('',#5978);
#5978 = CARTESIAN_POINT('',(73.9,28.9,19.1));
#5979 = VERTEX_POINT('',#5980);
#5980 = CARTESIAN_POINT('',(68.9,28.9,19.1));
#5981 = LINE('',#5982,#5983);
#5982 = CARTESIAN_POINT('',(34.45,28.9,19.1));
#5983 = VECTOR('',#5984,1.);
#5984 = DIRECTION('',(-1.,-0.,0.));
#5985 = ORIENTED_EDGE('',*,*,#5986,.T.);
#5986 = EDGE_CURVE('',#5979,#5987,#5989,.T.);
#5987 = VERTEX_POINT('',#5988);
#5988 = CARTESIAN_POINT('',(68.9,32.9,19.1));
#5989 = LINE('',#5990,#5991);
#5990 = CARTESIAN_POINT('',(68.9,14.45,19.1));
#5991 = VECTOR('',#5992,1.);
#5992 = DIRECTION('',(-0.,1.,0.));
#5993 = ORIENTED_EDGE('',*,*,#5994,.F.);
#5994 = EDGE_CURVE('',#5995,#5987,#5997,.T.);
#5995 = VERTEX_POINT('',#5996);
#5996 = CARTESIAN_POINT('',(73.9,32.9,19.1));
#5997 = LINE('',#5998,#5999);
#5998 = CARTESIAN_POINT('',(34.45,32.9,19.1));
#5999 = VECTOR('',#6000,1.);
#6000 = DIRECTION('',(-1.,-0.,0.));
#6001 = ORIENTED_EDGE('',*,*,#6002,.F.);
#6002 = EDGE_CURVE('',#5977,#5995,#6003,.T.);
#6003 = LINE('',#6004,#6005);
#6004 = CARTESIAN_POINT('',(73.9,14.45,19.1));
#6005 = VECTOR('',#6006,1.);
#6006 = DIRECTION('',(-0.,1.,0.));
#6007 = FACE_BOUND('',#6008,.F.);
#6008 = EDGE_LOOP('',(#6009,#6019,#6027,#6035));
#6009 = ORIENTED_EDGE('',*,*,#6010,.T.);
#6010 = EDGE_CURVE('',#6011,#6013,#6015,.T.);
#6011 = VERTEX_POINT('',#6012);
#6012 = CARTESIAN_POINT('',(82.9,28.9,19.1));
#6013 = VERTEX_POINT('',#6014);
#6014 = CARTESIAN_POINT('',(77.9,28.9,19.1));
#6015 = LINE('',#6016,#6017);
#6016 = CARTESIAN_POINT('',(38.95,28.9,19.1));
#6017 = VECTOR('',#6018,1.);
#6018 = DIRECTION('',(-1.,-0.,0.));
#6019 = ORIENTED_EDGE('',*,*,#6020,.T.);
#6020 = EDGE_CURVE('',#6013,#6021,#6023,.T.);
#6021 = VERTEX_POINT('',#6022);
#6022 = CARTESIAN_POINT('',(77.9,32.9,19.1));
#6023 = LINE('',#6024,#6025);
#6024 = CARTESIAN_POINT('',(77.9,14.45,19.1));
#6025 = VECTOR('',#6026,1.);
#6026 = DIRECTION('',(-0.,1.,0.));
#6027 = ORIENTED_EDGE('',*,*,#6028,.F.);
#6028 = EDGE_CURVE('',#6029,#6021,#6031,.T.);
#6029 = VERTEX_POINT('',#6030);
#6030 = CARTESIAN_POINT('',(82.9,32.9,19.1));
#6031 = LINE('',#6032,#6033);
#6032 = CARTESIAN_POINT('',(38.95,32.9,19.1));
#6033 = VECTOR('',#6034,1.);
#6034 = DIRECTION('',(-1.,-0.,0.));
#6035 = ORIENTED_EDGE('',*,*,#6036,.F.);
#6036 = EDGE_CURVE('',#6011,#6029,#6037,.T.);
#6037 = LINE('',#6038,#6039);
#6038 = CARTESIAN_POINT('',(82.9,14.45,19.1));
#6039 = VECTOR('',#6040,1.);
#6040 = DIRECTION('',(-0.,1.,0.));
#6041 = FACE_BOUND('',#6042,.F.);
#6042 = EDGE_LOOP('',(#6043,#6053,#6061,#6069));
#6043 = ORIENTED_EDGE('',*,*,#6044,.T.);
#6044 = EDGE_CURVE('',#6045,#6047,#6049,.T.);
#6045 = VERTEX_POINT('',#6046);
#6046 = CARTESIAN_POINT('',(73.9,36.9,19.1));
#6047 = VERTEX_POINT('',#6048);
#6048 = CARTESIAN_POINT('',(68.9,36.9,19.1));
#6049 = LINE('',#6050,#6051);
#6050 = CARTESIAN_POINT('',(34.45,36.9,19.1));
#6051 = VECTOR('',#6052,1.);
#6052 = DIRECTION('',(-1.,-0.,0.));
#6053 = ORIENTED_EDGE('',*,*,#6054,.T.);
#6054 = EDGE_CURVE('',#6047,#6055,#6057,.T.);
#6055 = VERTEX_POINT('',#6056);
#6056 = CARTESIAN_POINT('',(68.9,40.9,19.1));
#6057 = LINE('',#6058,#6059);
#6058 = CARTESIAN_POINT('',(68.9,18.45,19.1));
#6059 = VECTOR('',#6060,1.);
#6060 = DIRECTION('',(-0.,1.,0.));
#6061 = ORIENTED_EDGE('',*,*,#6062,.F.);
#6062 = EDGE_CURVE('',#6063,#6055,#6065,.T.);
#6063 = VERTEX_POINT('',#6064);
#6064 = CARTESIAN_POINT('',(73.9,40.9,19.1));
#6065 = LINE('',#6066,#6067);
#6066 = CARTESIAN_POINT('',(34.45,40.9,19.1));
#6067 = VECTOR('',#6068,1.);
#6068 = DIRECTION('',(-1.,-0.,0.));
#6069 = ORIENTED_EDGE('',*,*,#6070,.F.);
#6070 = EDGE_CURVE('',#6045,#6063,#6071,.T.);
#6071 = LINE('',#6072,#6073);
#6072 = CARTESIAN_POINT('',(73.9,18.45,19.1));
#6073 = VECTOR('',#6074,1.);
#6074 = DIRECTION('',(-0.,1.,0.));
#6075 = FACE_BOUND('',#6076,.F.);
#6076 = EDGE_LOOP('',(#6077,#6087,#6095,#6103));
#6077 = ORIENTED_EDGE('',*,*,#6078,.T.);
#6078 = EDGE_CURVE('',#6079,#6081,#6083,.T.);
#6079 = VERTEX_POINT('',#6080);
#6080 = CARTESIAN_POINT('',(82.9,36.9,19.1));
#6081 = VERTEX_POINT('',#6082);
#6082 = CARTESIAN_POINT('',(77.9,36.9,19.1));
#6083 = LINE('',#6084,#6085);
#6084 = CARTESIAN_POINT('',(38.95,36.9,19.1));
#6085 = VECTOR('',#6086,1.);
#6086 = DIRECTION('',(-1.,-0.,0.));
#6087 = ORIENTED_EDGE('',*,*,#6088,.T.);
#6088 = EDGE_CURVE('',#6081,#6089,#6091,.T.);
#6089 = VERTEX_POINT('',#6090);
#6090 = CARTESIAN_POINT('',(77.9,40.9,19.1));
#6091 = LINE('',#6092,#6093);
#6092 = CARTESIAN_POINT('',(77.9,18.45,19.1));
#6093 = VECTOR('',#6094,1.);
#6094 = DIRECTION('',(-0.,1.,0.));
#6095 = ORIENTED_EDGE('',*,*,#6096,.F.);
#6096 = EDGE_CURVE('',#6097,#6089,#6099,.T.);
#6097 = VERTEX_POINT('',#6098);
#6098 = CARTESIAN_POINT('',(82.9,40.9,19.1));
#6099 = LINE('',#6100,#6101);
#6100 = CARTESIAN_POINT('',(38.95,40.9,19.1));
#6101 = VECTOR('',#6102,1.);
#6102 = DIRECTION('',(-1.,-0.,0.));
#6103 = ORIENTED_EDGE('',*,*,#6104,.F.);
#6104 = EDGE_CURVE('',#6079,#6097,#6105,.T.);
#6105 = LINE('',#6106,#6107);
#6106 = CARTESIAN_POINT('',(82.9,18.45,19.1));
#6107 = VECTOR('',#6108,1.);
#6108 = DIRECTION('',(-0.,1.,0.));
#6109 = FACE_BOUND('',#6110,.F.);
#6110 = EDGE_LOOP('',(#6111,#6121,#6129,#6137));
#6111 = ORIENTED_EDGE('',*,*,#6112,.T.);
#6112 = EDGE_CURVE('',#6113,#6115,#6117,.T.);
#6113 = VERTEX_POINT('',#6114);
#6114 = CARTESIAN_POINT('',(19.9,44.9,19.1));
#6115 = VERTEX_POINT('',#6116);
#6116 = CARTESIAN_POINT('',(14.9,44.9,19.1));
#6117 = LINE('',#6118,#6119);
#6118 = CARTESIAN_POINT('',(7.45,44.9,19.1));
#6119 = VECTOR('',#6120,1.);
#6120 = DIRECTION('',(-1.,-0.,0.));
#6121 = ORIENTED_EDGE('',*,*,#6122,.T.);
#6122 = EDGE_CURVE('',#6115,#6123,#6125,.T.);
#6123 = VERTEX_POINT('',#6124);
#6124 = CARTESIAN_POINT('',(14.9,48.9,19.1));
#6125 = LINE('',#6126,#6127);
#6126 = CARTESIAN_POINT('',(14.9,22.45,19.1));
#6127 = VECTOR('',#6128,1.);
#6128 = DIRECTION('',(-0.,1.,0.));
#6129 = ORIENTED_EDGE('',*,*,#6130,.F.);
#6130 = EDGE_CURVE('',#6131,#6123,#6133,.T.);
#6131 = VERTEX_POINT('',#6132);
#6132 = CARTESIAN_POINT('',(19.9,48.9,19.1));
#6133 = LINE('',#6134,#6135);
#6134 = CARTESIAN_POINT('',(7.45,48.9,19.1));
#6135 = VECTOR('',#6136,1.);
#6136 = DIRECTION('',(-1.,-0.,0.));
#6137 = ORIENTED_EDGE('',*,*,#6138,.F.);
#6138 = EDGE_CURVE('',#6113,#6131,#6139,.T.);
#6139 = LINE('',#6140,#6141);
#6140 = CARTESIAN_POINT('',(19.9,22.45,19.1));
#6141 = VECTOR('',#6142,1.);
#6142 = DIRECTION('',(-0.,1.,0.));
#6143 = FACE_BOUND('',#6144,.F.);
#6144 = EDGE_LOOP('',(#6145,#6155,#6163,#6171));
#6145 = ORIENTED_EDGE('',*,*,#6146,.T.);
#6146 = EDGE_CURVE('',#6147,#6149,#6151,.T.);
#6147 = VERTEX_POINT('',#6148);
#6148 = CARTESIAN_POINT('',(28.9,44.9,19.1));
#6149 = VERTEX_POINT('',#6150);
#6150 = CARTESIAN_POINT('',(23.9,44.9,19.1));
#6151 = LINE('',#6152,#6153);
#6152 = CARTESIAN_POINT('',(11.95,44.9,19.1));
#6153 = VECTOR('',#6154,1.);
#6154 = DIRECTION('',(-1.,-0.,0.));
#6155 = ORIENTED_EDGE('',*,*,#6156,.T.);
#6156 = EDGE_CURVE('',#6149,#6157,#6159,.T.);
#6157 = VERTEX_POINT('',#6158);
#6158 = CARTESIAN_POINT('',(23.9,48.9,19.1));
#6159 = LINE('',#6160,#6161);
#6160 = CARTESIAN_POINT('',(23.9,22.45,19.1));
#6161 = VECTOR('',#6162,1.);
#6162 = DIRECTION('',(-0.,1.,0.));
#6163 = ORIENTED_EDGE('',*,*,#6164,.F.);
#6164 = EDGE_CURVE('',#6165,#6157,#6167,.T.);
#6165 = VERTEX_POINT('',#6166);
#6166 = CARTESIAN_POINT('',(28.9,48.9,19.1));
#6167 = LINE('',#6168,#6169);
#6168 = CARTESIAN_POINT('',(11.95,48.9,19.1));
#6169 = VECTOR('',#6170,1.);
#6170 = DIRECTION('',(-1.,-0.,0.));
#6171 = ORIENTED_EDGE('',*,*,#6172,.F.);
#6172 = EDGE_CURVE('',#6147,#6165,#6173,.T.);
#6173 = LINE('',#6174,#6175);
#6174 = CARTESIAN_POINT('',(28.9,22.45,19.1));
#6175 = VECTOR('',#6176,1.);
#6176 = DIRECTION('',(-0.,1.,0.));
#6177 = FACE_BOUND('',#6178,.F.);
#6178 = EDGE_LOOP('',(#6179,#6189,#6197,#6205));
#6179 = ORIENTED_EDGE('',*,*,#6180,.T.);
#6180 = EDGE_CURVE('',#6181,#6183,#6185,.T.);
#6181 = VERTEX_POINT('',#6182);
#6182 = CARTESIAN_POINT('',(37.9,44.9,19.1));
#6183 = VERTEX_POINT('',#6184);
#6184 = CARTESIAN_POINT('',(32.9,44.9,19.1));
#6185 = LINE('',#6186,#6187);
#6186 = CARTESIAN_POINT('',(16.45,44.9,19.1));
#6187 = VECTOR('',#6188,1.);
#6188 = DIRECTION('',(-1.,-0.,0.));
#6189 = ORIENTED_EDGE('',*,*,#6190,.T.);
#6190 = EDGE_CURVE('',#6183,#6191,#6193,.T.);
#6191 = VERTEX_POINT('',#6192);
#6192 = CARTESIAN_POINT('',(32.9,48.9,19.1));
#6193 = LINE('',#6194,#6195);
#6194 = CARTESIAN_POINT('',(32.9,22.45,19.1));
#6195 = VECTOR('',#6196,1.);
#6196 = DIRECTION('',(-0.,1.,0.));
#6197 = ORIENTED_EDGE('',*,*,#6198,.F.);
#6198 = EDGE_CURVE('',#6199,#6191,#6201,.T.);
#6199 = VERTEX_POINT('',#6200);
#6200 = CARTESIAN_POINT('',(37.9,48.9,19.1));
#6201 = LINE('',#6202,#6203);
#6202 = CARTESIAN_POINT('',(16.45,48.9,19.1));
#6203 = VECTOR('',#6204,1.);
#6204 = DIRECTION('',(-1.,-0.,0.));
#6205 = ORIENTED_EDGE('',*,*,#6206,.F.);
#6206 = EDGE_CURVE('',#6181,#6199,#6207,.T.);
#6207 = LINE('',#6208,#6209);
#6208 = CARTESIAN_POINT('',(37.9,22.45,19.1));
#6209 = VECTOR('',#6210,1.);
#6210 = DIRECTION('',(-0.,1.,0.));
#6211 = FACE_BOUND('',#6212,.F.);
#6212 = EDGE_LOOP('',(#6213,#6223,#6231,#6239));
#6213 = ORIENTED_EDGE('',*,*,#6214,.T.);
#6214 = EDGE_CURVE('',#6215,#6217,#6219,.T.);
#6215 = VERTEX_POINT('',#6216);
#6216 = CARTESIAN_POINT('',(46.9,44.9,19.1));
#6217 = VERTEX_POINT('',#6218);
#6218 = CARTESIAN_POINT('',(41.9,44.9,19.1));
#6219 = LINE('',#6220,#6221);
#6220 = CARTESIAN_POINT('',(20.95,44.9,19.1));
#6221 = VECTOR('',#6222,1.);
#6222 = DIRECTION('',(-1.,-0.,0.));
#6223 = ORIENTED_EDGE('',*,*,#6224,.T.);
#6224 = EDGE_CURVE('',#6217,#6225,#6227,.T.);
#6225 = VERTEX_POINT('',#6226);
#6226 = CARTESIAN_POINT('',(41.9,48.9,19.1));
#6227 = LINE('',#6228,#6229);
#6228 = CARTESIAN_POINT('',(41.9,22.45,19.1));
#6229 = VECTOR('',#6230,1.);
#6230 = DIRECTION('',(-0.,1.,0.));
#6231 = ORIENTED_EDGE('',*,*,#6232,.F.);
#6232 = EDGE_CURVE('',#6233,#6225,#6235,.T.);
#6233 = VERTEX_POINT('',#6234);
#6234 = CARTESIAN_POINT('',(46.9,48.9,19.1));
#6235 = LINE('',#6236,#6237);
#6236 = CARTESIAN_POINT('',(20.95,48.9,19.1));
#6237 = VECTOR('',#6238,1.);
#6238 = DIRECTION('',(-1.,-0.,0.));
#6239 = ORIENTED_EDGE('',*,*,#6240,.F.);
#6240 = EDGE_CURVE('',#6215,#6233,#6241,.T.);
#6241 = LINE('',#6242,#6243);
#6242 = CARTESIAN_POINT('',(46.9,22.45,19.1));
#6243 = VECTOR('',#6244,1.);
#6244 = DIRECTION('',(-0.,1.,0.));
#6245 = FACE_BOUND('',#6246,.F.);
#6246 = EDGE_LOOP('',(#6247,#6257,#6265,#6273));
#6247 = ORIENTED_EDGE('',*,*,#6248,.T.);
#6248 = EDGE_CURVE('',#6249,#6251,#6253,.T.);
#6249 = VERTEX_POINT('',#6250);
#6250 = CARTESIAN_POINT('',(19.9,52.9,19.1));
#6251 = VERTEX_POINT('',#6252);
#6252 = CARTESIAN_POINT('',(14.9,52.9,19.1));
#6253 = LINE('',#6254,#6255);
#6254 = CARTESIAN_POINT('',(7.45,52.9,19.1));
#6255 = VECTOR('',#6256,1.);
#6256 = DIRECTION('',(-1.,-0.,0.));
#6257 = ORIENTED_EDGE('',*,*,#6258,.T.);
#6258 = EDGE_CURVE('',#6251,#6259,#6261,.T.);
#6259 = VERTEX_POINT('',#6260);
#6260 = CARTESIAN_POINT('',(14.9,56.9,19.1));
#6261 = LINE('',#6262,#6263);
#6262 = CARTESIAN_POINT('',(14.9,26.45,19.1));
#6263 = VECTOR('',#6264,1.);
#6264 = DIRECTION('',(-0.,1.,0.));
#6265 = ORIENTED_EDGE('',*,*,#6266,.F.);
#6266 = EDGE_CURVE('',#6267,#6259,#6269,.T.);
#6267 = VERTEX_POINT('',#6268);
#6268 = CARTESIAN_POINT('',(19.9,56.9,19.1));
#6269 = LINE('',#6270,#6271);
#6270 = CARTESIAN_POINT('',(7.45,56.9,19.1));
#6271 = VECTOR('',#6272,1.);
#6272 = DIRECTION('',(-1.,-0.,0.));
#6273 = ORIENTED_EDGE('',*,*,#6274,.F.);
#6274 = EDGE_CURVE('',#6249,#6267,#6275,.T.);
#6275 = LINE('',#6276,#6277);
#6276 = CARTESIAN_POINT('',(19.9,26.45,19.1));
#6277 = VECTOR('',#6278,1.);
#6278 = DIRECTION('',(-0.,1.,0.));
#6279 = FACE_BOUND('',#6280,.F.);
#6280 = EDGE_LOOP('',(#6281,#6291,#6299,#6307));
#6281 = ORIENTED_EDGE('',*,*,#6282,.T.);
#6282 = EDGE_CURVE('',#6283,#6285,#6287,.T.);
#6283 = VERTEX_POINT('',#6284);
#6284 = CARTESIAN_POINT('',(28.9,52.9,19.1));
#6285 = VERTEX_POINT('',#6286);
#6286 = CARTESIAN_POINT('',(23.9,52.9,19.1));
#6287 = LINE('',#6288,#6289);
#6288 = CARTESIAN_POINT('',(11.95,52.9,19.1));
#6289 = VECTOR('',#6290,1.);
#6290 = DIRECTION('',(-1.,-0.,0.));
#6291 = ORIENTED_EDGE('',*,*,#6292,.T.);
#6292 = EDGE_CURVE('',#6285,#6293,#6295,.T.);
#6293 = VERTEX_POINT('',#6294);
#6294 = CARTESIAN_POINT('',(23.9,56.9,19.1));
#6295 = LINE('',#6296,#6297);
#6296 = CARTESIAN_POINT('',(23.9,26.45,19.1));
#6297 = VECTOR('',#6298,1.);
#6298 = DIRECTION('',(-0.,1.,0.));
#6299 = ORIENTED_EDGE('',*,*,#6300,.F.);
#6300 = EDGE_CURVE('',#6301,#6293,#6303,.T.);
#6301 = VERTEX_POINT('',#6302);
#6302 = CARTESIAN_POINT('',(28.9,56.9,19.1));
#6303 = LINE('',#6304,#6305);
#6304 = CARTESIAN_POINT('',(11.95,56.9,19.1));
#6305 = VECTOR('',#6306,1.);
#6306 = DIRECTION('',(-1.,-0.,0.));
#6307 = ORIENTED_EDGE('',*,*,#6308,.F.);
#6308 = EDGE_CURVE('',#6283,#6301,#6309,.T.);
#6309 = LINE('',#6310,#6311);
#6310 = CARTESIAN_POINT('',(28.9,26.45,19.1));
#6311 = VECTOR('',#6312,1.);
#6312 = DIRECTION('',(-0.,1.,0.));
#6313 = FACE_BOUND('',#6314,.F.);
#6314 = EDGE_LOOP('',(#6315,#6325,#6333,#6341));
#6315 = ORIENTED_EDGE('',*,*,#6316,.T.);
#6316 = EDGE_CURVE('',#6317,#6319,#6321,.T.);
#6317 = VERTEX_POINT('',#6318);
#6318 = CARTESIAN_POINT('',(19.9,60.9,19.1));
#6319 = VERTEX_POINT('',#6320);
#6320 = CARTESIAN_POINT('',(14.9,60.9,19.1));
#6321 = LINE('',#6322,#6323);
#6322 = CARTESIAN_POINT('',(7.45,60.9,19.1));
#6323 = VECTOR('',#6324,1.);
#6324 = DIRECTION('',(-1.,-0.,0.));
#6325 = ORIENTED_EDGE('',*,*,#6326,.T.);
#6326 = EDGE_CURVE('',#6319,#6327,#6329,.T.);
#6327 = VERTEX_POINT('',#6328);
#6328 = CARTESIAN_POINT('',(14.9,64.9,19.1));
#6329 = LINE('',#6330,#6331);
#6330 = CARTESIAN_POINT('',(14.9,30.45,19.1));
#6331 = VECTOR('',#6332,1.);
#6332 = DIRECTION('',(-0.,1.,0.));
#6333 = ORIENTED_EDGE('',*,*,#6334,.F.);
#6334 = EDGE_CURVE('',#6335,#6327,#6337,.T.);
#6335 = VERTEX_POINT('',#6336);
#6336 = CARTESIAN_POINT('',(19.9,64.9,19.1));
#6337 = LINE('',#6338,#6339);
#6338 = CARTESIAN_POINT('',(7.45,64.9,19.1));
#6339 = VECTOR('',#6340,1.);
#6340 = DIRECTION('',(-1.,-0.,0.));
#6341 = ORIENTED_EDGE('',*,*,#6342,.F.);
#6342 = EDGE_CURVE('',#6317,#6335,#6343,.T.);
#6343 = LINE('',#6344,#6345);
#6344 = CARTESIAN_POINT('',(19.9,30.45,19.1));
#6345 = VECTOR('',#6346,1.);
#6346 = DIRECTION('',(-0.,1.,0.));
#6347 = FACE_BOUND('',#6348,.F.);
#6348 = EDGE_LOOP('',(#6349,#6359,#6367,#6375));
#6349 = ORIENTED_EDGE('',*,*,#6350,.T.);
#6350 = EDGE_CURVE('',#6351,#6353,#6355,.T.);
#6351 = VERTEX_POINT('',#6352);
#6352 = CARTESIAN_POINT('',(28.9,60.9,19.1));
#6353 = VERTEX_POINT('',#6354);
#6354 = CARTESIAN_POINT('',(23.9,60.9,19.1));
#6355 = LINE('',#6356,#6357);
#6356 = CARTESIAN_POINT('',(11.95,60.9,19.1));
#6357 = VECTOR('',#6358,1.);
#6358 = DIRECTION('',(-1.,-0.,0.));
#6359 = ORIENTED_EDGE('',*,*,#6360,.T.);
#6360 = EDGE_CURVE('',#6353,#6361,#6363,.T.);
#6361 = VERTEX_POINT('',#6362);
#6362 = CARTESIAN_POINT('',(23.9,64.9,19.1));
#6363 = LINE('',#6364,#6365);
#6364 = CARTESIAN_POINT('',(23.9,30.45,19.1));
#6365 = VECTOR('',#6366,1.);
#6366 = DIRECTION('',(-0.,1.,0.));
#6367 = ORIENTED_EDGE('',*,*,#6368,.F.);
#6368 = EDGE_CURVE('',#6369,#6361,#6371,.T.);
#6369 = VERTEX_POINT('',#6370);
#6370 = CARTESIAN_POINT('',(28.9,64.9,19.1));
#6371 = LINE('',#6372,#6373);
#6372 = CARTESIAN_POINT('',(11.95,64.9,19.1));
#6373 = VECTOR('',#6374,1.);
#6374 = DIRECTION('',(-1.,-0.,0.));
#6375 = ORIENTED_EDGE('',*,*,#6376,.F.);
#6376 = EDGE_CURVE('',#6351,#6369,#6377,.T.);
#6377 = LINE('',#6378,#6379);
#6378 = CARTESIAN_POINT('',(28.9,30.45,19.1));
#6379 = VECTOR('',#6380,1.);
#6380 = DIRECTION('',(-0.,1.,0.));
#6381 = FACE_BOUND('',#6382,.F.);
#6382 = EDGE_LOOP('',(#6383,#6393,#6401,#6409));
#6383 = ORIENTED_EDGE('',*,*,#6384,.T.);
#6384 = EDGE_CURVE('',#6385,#6387,#6389,.T.);
#6385 = VERTEX_POINT('',#6386);
#6386 = CARTESIAN_POINT('',(37.9,52.9,19.1));
#6387 = VERTEX_POINT('',#6388);
#6388 = CARTESIAN_POINT('',(32.9,52.9,19.1));
#6389 = LINE('',#6390,#6391);
#6390 = CARTESIAN_POINT('',(16.45,52.9,19.1));
#6391 = VECTOR('',#6392,1.);
#6392 = DIRECTION('',(-1.,-0.,0.));
#6393 = ORIENTED_EDGE('',*,*,#6394,.T.);
#6394 = EDGE_CURVE('',#6387,#6395,#6397,.T.);
#6395 = VERTEX_POINT('',#6396);
#6396 = CARTESIAN_POINT('',(32.9,56.9,19.1));
#6397 = LINE('',#6398,#6399);
#6398 = CARTESIAN_POINT('',(32.9,26.45,19.1));
#6399 = VECTOR('',#6400,1.);
#6400 = DIRECTION('',(-0.,1.,0.));
#6401 = ORIENTED_EDGE('',*,*,#6402,.F.);
#6402 = EDGE_CURVE('',#6403,#6395,#6405,.T.);
#6403 = VERTEX_POINT('',#6404);
#6404 = CARTESIAN_POINT('',(37.9,56.9,19.1));
#6405 = LINE('',#6406,#6407);
#6406 = CARTESIAN_POINT('',(16.45,56.9,19.1));
#6407 = VECTOR('',#6408,1.);
#6408 = DIRECTION('',(-1.,-0.,0.));
#6409 = ORIENTED_EDGE('',*,*,#6410,.F.);
#6410 = EDGE_CURVE('',#6385,#6403,#6411,.T.);
#6411 = LINE('',#6412,#6413);
#6412 = CARTESIAN_POINT('',(37.9,26.45,19.1));
#6413 = VECTOR('',#6414,1.);
#6414 = DIRECTION('',(-0.,1.,0.));
#6415 = FACE_BOUND('',#6416,.F.);
#6416 = EDGE_LOOP('',(#6417,#6427,#6435,#6443));
#6417 = ORIENTED_EDGE('',*,*,#6418,.T.);
#6418 = EDGE_CURVE('',#6419,#6421,#6423,.T.);
#6419 = VERTEX_POINT('',#6420);
#6420 = CARTESIAN_POINT('',(46.9,52.9,19.1));
#6421 = VERTEX_POINT('',#6422);
#6422 = CARTESIAN_POINT('',(41.9,52.9,19.1));
#6423 = LINE('',#6424,#6425);
#6424 = CARTESIAN_POINT('',(20.95,52.9,19.1));
#6425 = VECTOR('',#6426,1.);
#6426 = DIRECTION('',(-1.,-0.,0.));
#6427 = ORIENTED_EDGE('',*,*,#6428,.T.);
#6428 = EDGE_CURVE('',#6421,#6429,#6431,.T.);
#6429 = VERTEX_POINT('',#6430);
#6430 = CARTESIAN_POINT('',(41.9,56.9,19.1));
#6431 = LINE('',#6432,#6433);
#6432 = CARTESIAN_POINT('',(41.9,26.45,19.1));
#6433 = VECTOR('',#6434,1.);
#6434 = DIRECTION('',(-0.,1.,0.));
#6435 = ORIENTED_EDGE('',*,*,#6436,.F.);
#6436 = EDGE_CURVE('',#6437,#6429,#6439,.T.);
#6437 = VERTEX_POINT('',#6438);
#6438 = CARTESIAN_POINT('',(46.9,56.9,19.1));
#6439 = LINE('',#6440,#6441);
#6440 = CARTESIAN_POINT('',(20.95,56.9,19.1));
#6441 = VECTOR('',#6442,1.);
#6442 = DIRECTION('',(-1.,-0.,0.));
#6443 = ORIENTED_EDGE('',*,*,#6444,.F.);
#6444 = EDGE_CURVE('',#6419,#6437,#6445,.T.);
#6445 = LINE('',#6446,#6447);
#6446 = CARTESIAN_POINT('',(46.9,26.45,19.1));
#6447 = VECTOR('',#6448,1.);
#6448 = DIRECTION('',(-0.,1.,0.));
#6449 = FACE_BOUND('',#6450,.F.);
#6450 = EDGE_LOOP('',(#6451,#6461,#6469,#6477));
#6451 = ORIENTED_EDGE('',*,*,#6452,.T.);
#6452 = EDGE_CURVE('',#6453,#6455,#6457,.T.);
#6453 = VERTEX_POINT('',#6454);
#6454 = CARTESIAN_POINT('',(37.9,60.9,19.1));
#6455 = VERTEX_POINT('',#6456);
#6456 = CARTESIAN_POINT('',(32.9,60.9,19.1));
#6457 = LINE('',#6458,#6459);
#6458 = CARTESIAN_POINT('',(16.45,60.9,19.1));
#6459 = VECTOR('',#6460,1.);
#6460 = DIRECTION('',(-1.,-0.,0.));
#6461 = ORIENTED_EDGE('',*,*,#6462,.T.);
#6462 = EDGE_CURVE('',#6455,#6463,#6465,.T.);
#6463 = VERTEX_POINT('',#6464);
#6464 = CARTESIAN_POINT('',(32.9,64.9,19.1));
#6465 = LINE('',#6466,#6467);
#6466 = CARTESIAN_POINT('',(32.9,30.45,19.1));
#6467 = VECTOR('',#6468,1.);
#6468 = DIRECTION('',(-0.,1.,0.));
#6469 = ORIENTED_EDGE('',*,*,#6470,.F.);
#6470 = EDGE_CURVE('',#6471,#6463,#6473,.T.);
#6471 = VERTEX_POINT('',#6472);
#6472 = CARTESIAN_POINT('',(37.9,64.9,19.1));
#6473 = LINE('',#6474,#6475);
#6474 = CARTESIAN_POINT('',(16.45,64.9,19.1));
#6475 = VECTOR('',#6476,1.);
#6476 = DIRECTION('',(-1.,-0.,0.));
#6477 = ORIENTED_EDGE('',*,*,#6478,.F.);
#6478 = EDGE_CURVE('',#6453,#6471,#6479,.T.);
#6479 = LINE('',#6480,#6481);
#6480 = CARTESIAN_POINT('',(37.9,30.45,19.1));
#6481 = VECTOR('',#6482,1.);
#6482 = DIRECTION('',(-0.,1.,0.));
#6483 = FACE_BOUND('',#6484,.F.);
#6484 = EDGE_LOOP('',(#6485,#6495,#6503,#6511));
#6485 = ORIENTED_EDGE('',*,*,#6486,.T.);
#6486 = EDGE_CURVE('',#6487,#6489,#6491,.T.);
#6487 = VERTEX_POINT('',#6488);
#6488 = CARTESIAN_POINT('',(46.9,60.9,19.1));
#6489 = VERTEX_POINT('',#6490);
#6490 = CARTESIAN_POINT('',(41.9,60.9,19.1));
#6491 = LINE('',#6492,#6493);
#6492 = CARTESIAN_POINT('',(20.95,60.9,19.1));
#6493 = VECTOR('',#6494,1.);
#6494 = DIRECTION('',(-1.,-0.,0.));
#6495 = ORIENTED_EDGE('',*,*,#6496,.T.);
#6496 = EDGE_CURVE('',#6489,#6497,#6499,.T.);
#6497 = VERTEX_POINT('',#6498);
#6498 = CARTESIAN_POINT('',(41.9,64.9,19.1));
#6499 = LINE('',#6500,#6501);
#6500 = CARTESIAN_POINT('',(41.9,30.45,19.1));
#6501 = VECTOR('',#6502,1.);
#6502 = DIRECTION('',(-0.,1.,0.));
#6503 = ORIENTED_EDGE('',*,*,#6504,.F.);
#6504 = EDGE_CURVE('',#6505,#6497,#6507,.T.);
#6505 = VERTEX_POINT('',#6506);
#6506 = CARTESIAN_POINT('',(46.9,64.9,19.1));
#6507 = LINE('',#6508,#6509);
#6508 = CARTESIAN_POINT('',(20.95,64.9,19.1));
#6509 = VECTOR('',#6510,1.);
#6510 = DIRECTION('',(-1.,-0.,0.));
#6511 = ORIENTED_EDGE('',*,*,#6512,.F.);
#6512 = EDGE_CURVE('',#6487,#6505,#6513,.T.);
#6513 = LINE('',#6514,#6515);
#6514 = CARTESIAN_POINT('',(46.9,30.45,19.1));
#6515 = VECTOR('',#6516,1.);
#6516 = DIRECTION('',(-0.,1.,0.));
#6517 = FACE_BOUND('',#6518,.F.);
#6518 = EDGE_LOOP('',(#6519,#6529,#6537,#6545));
#6519 = ORIENTED_EDGE('',*,*,#6520,.T.);
#6520 = EDGE_CURVE('',#6521,#6523,#6525,.T.);
#6521 = VERTEX_POINT('',#6522);
#6522 = CARTESIAN_POINT('',(55.9,44.9,19.1));
#6523 = VERTEX_POINT('',#6524);
#6524 = CARTESIAN_POINT('',(50.9,44.9,19.1));
#6525 = LINE('',#6526,#6527);
#6526 = CARTESIAN_POINT('',(25.45,44.9,19.1));
#6527 = VECTOR('',#6528,1.);
#6528 = DIRECTION('',(-1.,-0.,0.));
#6529 = ORIENTED_EDGE('',*,*,#6530,.T.);
#6530 = EDGE_CURVE('',#6523,#6531,#6533,.T.);
#6531 = VERTEX_POINT('',#6532);
#6532 = CARTESIAN_POINT('',(50.9,48.9,19.1));
#6533 = LINE('',#6534,#6535);
#6534 = CARTESIAN_POINT('',(50.9,22.45,19.1));
#6535 = VECTOR('',#6536,1.);
#6536 = DIRECTION('',(-0.,1.,0.));
#6537 = ORIENTED_EDGE('',*,*,#6538,.F.);
#6538 = EDGE_CURVE('',#6539,#6531,#6541,.T.);
#6539 = VERTEX_POINT('',#6540);
#6540 = CARTESIAN_POINT('',(55.9,48.9,19.1));
#6541 = LINE('',#6542,#6543);
#6542 = CARTESIAN_POINT('',(25.45,48.9,19.1));
#6543 = VECTOR('',#6544,1.);
#6544 = DIRECTION('',(-1.,-0.,0.));
#6545 = ORIENTED_EDGE('',*,*,#6546,.F.);
#6546 = EDGE_CURVE('',#6521,#6539,#6547,.T.);
#6547 = LINE('',#6548,#6549);
#6548 = CARTESIAN_POINT('',(55.9,22.45,19.1));
#6549 = VECTOR('',#6550,1.);
#6550 = DIRECTION('',(-0.,1.,0.));
#6551 = FACE_BOUND('',#6552,.F.);
#6552 = EDGE_LOOP('',(#6553,#6563,#6571,#6579));
#6553 = ORIENTED_EDGE('',*,*,#6554,.T.);
#6554 = EDGE_CURVE('',#6555,#6557,#6559,.T.);
#6555 = VERTEX_POINT('',#6556);
#6556 = CARTESIAN_POINT('',(64.9,44.9,19.1));
#6557 = VERTEX_POINT('',#6558);
#6558 = CARTESIAN_POINT('',(59.9,44.9,19.1));
#6559 = LINE('',#6560,#6561);
#6560 = CARTESIAN_POINT('',(29.95,44.9,19.1));
#6561 = VECTOR('',#6562,1.);
#6562 = DIRECTION('',(-1.,-0.,0.));
#6563 = ORIENTED_EDGE('',*,*,#6564,.T.);
#6564 = EDGE_CURVE('',#6557,#6565,#6567,.T.);
#6565 = VERTEX_POINT('',#6566);
#6566 = CARTESIAN_POINT('',(59.9,48.9,19.1));
#6567 = LINE('',#6568,#6569);
#6568 = CARTESIAN_POINT('',(59.9,22.45,19.1));
#6569 = VECTOR('',#6570,1.);
#6570 = DIRECTION('',(-0.,1.,0.));
#6571 = ORIENTED_EDGE('',*,*,#6572,.F.);
#6572 = EDGE_CURVE('',#6573,#6565,#6575,.T.);
#6573 = VERTEX_POINT('',#6574);
#6574 = CARTESIAN_POINT('',(64.9,48.9,19.1));
#6575 = LINE('',#6576,#6577);
#6576 = CARTESIAN_POINT('',(29.95,48.9,19.1));
#6577 = VECTOR('',#6578,1.);
#6578 = DIRECTION('',(-1.,-0.,0.));
#6579 = ORIENTED_EDGE('',*,*,#6580,.F.);
#6580 = EDGE_CURVE('',#6555,#6573,#6581,.T.);
#6581 = LINE('',#6582,#6583);
#6582 = CARTESIAN_POINT('',(64.9,22.45,19.1));
#6583 = VECTOR('',#6584,1.);
#6584 = DIRECTION('',(-0.,1.,0.));
#6585 = FACE_BOUND('',#6586,.F.);
#6586 = EDGE_LOOP('',(#6587,#6597,#6605,#6613));
#6587 = ORIENTED_EDGE('',*,*,#6588,.T.);
#6588 = EDGE_CURVE('',#6589,#6591,#6593,.T.);
#6589 = VERTEX_POINT('',#6590);
#6590 = CARTESIAN_POINT('',(73.9,44.9,19.1));
#6591 = VERTEX_POINT('',#6592);
#6592 = CARTESIAN_POINT('',(68.9,44.9,19.1));
#6593 = LINE('',#6594,#6595);
#6594 = CARTESIAN_POINT('',(34.45,44.9,19.1));
#6595 = VECTOR('',#6596,1.);
#6596 = DIRECTION('',(-1.,-0.,0.));
#6597 = ORIENTED_EDGE('',*,*,#6598,.T.);
#6598 = EDGE_CURVE('',#6591,#6599,#6601,.T.);
#6599 = VERTEX_POINT('',#6600);
#6600 = CARTESIAN_POINT('',(68.9,48.9,19.1));
#6601 = LINE('',#6602,#6603);
#6602 = CARTESIAN_POINT('',(68.9,22.45,19.1));
#6603 = VECTOR('',#6604,1.);
#6604 = DIRECTION('',(-0.,1.,0.));
#6605 = ORIENTED_EDGE('',*,*,#6606,.F.);
#6606 = EDGE_CURVE('',#6607,#6599,#6609,.T.);
#6607 = VERTEX_POINT('',#6608);
#6608 = CARTESIAN_POINT('',(73.9,48.9,19.1));
#6609 = LINE('',#6610,#6611);
#6610 = CARTESIAN_POINT('',(34.45,48.9,19.1));
#6611 = VECTOR('',#6612,1.);
#6612 = DIRECTION('',(-1.,-0.,0.));
#6613 = ORIENTED_EDGE('',*,*,#6614,.F.);
#6614 = EDGE_CURVE('',#6589,#6607,#6615,.T.);
#6615 = LINE('',#6616,#6617);
#6616 = CARTESIAN_POINT('',(73.9,22.45,19.1));
#6617 = VECTOR('',#6618,1.);
#6618 = DIRECTION('',(-0.,1.,0.));
#6619 = FACE_BOUND('',#6620,.F.);
#6620 = EDGE_LOOP('',(#6621,#6631,#6639,#6647));
#6621 = ORIENTED_EDGE('',*,*,#6622,.T.);
#6622 = EDGE_CURVE('',#6623,#6625,#6627,.T.);
#6623 = VERTEX_POINT('',#6624);
#6624 = CARTESIAN_POINT('',(82.9,44.9,19.1));
#6625 = VERTEX_POINT('',#6626);
#6626 = CARTESIAN_POINT('',(77.9,44.9,19.1));
#6627 = LINE('',#6628,#6629);
#6628 = CARTESIAN_POINT('',(38.95,44.9,19.1));
#6629 = VECTOR('',#6630,1.);
#6630 = DIRECTION('',(-1.,-0.,0.));
#6631 = ORIENTED_EDGE('',*,*,#6632,.T.);
#6632 = EDGE_CURVE('',#6625,#6633,#6635,.T.);
#6633 = VERTEX_POINT('',#6634);
#6634 = CARTESIAN_POINT('',(77.9,48.9,19.1));
#6635 = LINE('',#6636,#6637);
#6636 = CARTESIAN_POINT('',(77.9,22.45,19.1));
#6637 = VECTOR('',#6638,1.);
#6638 = DIRECTION('',(-0.,1.,0.));
#6639 = ORIENTED_EDGE('',*,*,#6640,.F.);
#6640 = EDGE_CURVE('',#6641,#6633,#6643,.T.);
#6641 = VERTEX_POINT('',#6642);
#6642 = CARTESIAN_POINT('',(82.9,48.9,19.1));
#6643 = LINE('',#6644,#6645);
#6644 = CARTESIAN_POINT('',(38.95,48.9,19.1));
#6645 = VECTOR('',#6646,1.);
#6646 = DIRECTION('',(-1.,-0.,0.));
#6647 = ORIENTED_EDGE('',*,*,#6648,.F.);
#6648 = EDGE_CURVE('',#6623,#6641,#6649,.T.);
#6649 = LINE('',#6650,#6651);
#6650 = CARTESIAN_POINT('',(82.9,22.45,19.1));
#6651 = VECTOR('',#6652,1.);
#6652 = DIRECTION('',(-0.,1.,0.));
#6653 = FACE_BOUND('',#6654,.F.);
#6654 = EDGE_LOOP('',(#6655,#6665,#6673,#6681));
#6655 = ORIENTED_EDGE('',*,*,#6656,.T.);
#6656 = EDGE_CURVE('',#6657,#6659,#6661,.T.);
#6657 = VERTEX_POINT('',#6658);
#6658 = CARTESIAN_POINT('',(55.9,52.9,19.1));
#6659 = VERTEX_POINT('',#6660);
#6660 = CARTESIAN_POINT('',(50.9,52.9,19.1));
#6661 = LINE('',#6662,#6663);
#6662 = CARTESIAN_POINT('',(25.45,52.9,19.1));
#6663 = VECTOR('',#6664,1.);
#6664 = DIRECTION('',(-1.,-0.,0.));
#6665 = ORIENTED_EDGE('',*,*,#6666,.T.);
#6666 = EDGE_CURVE('',#6659,#6667,#6669,.T.);
#6667 = VERTEX_POINT('',#6668);
#6668 = CARTESIAN_POINT('',(50.9,56.9,19.1));
#6669 = LINE('',#6670,#6671);
#6670 = CARTESIAN_POINT('',(50.9,26.45,19.1));
#6671 = VECTOR('',#6672,1.);
#6672 = DIRECTION('',(-0.,1.,0.));
#6673 = ORIENTED_EDGE('',*,*,#6674,.F.);
#6674 = EDGE_CURVE('',#6675,#6667,#6677,.T.);
#6675 = VERTEX_POINT('',#6676);
#6676 = CARTESIAN_POINT('',(55.9,56.9,19.1));
#6677 = LINE('',#6678,#6679);
#6678 = CARTESIAN_POINT('',(25.45,56.9,19.1));
#6679 = VECTOR('',#6680,1.);
#6680 = DIRECTION('',(-1.,-0.,0.));
#6681 = ORIENTED_EDGE('',*,*,#6682,.F.);
#6682 = EDGE_CURVE('',#6657,#6675,#6683,.T.);
#6683 = LINE('',#6684,#6685);
#6684 = CARTESIAN_POINT('',(55.9,26.45,19.1));
#6685 = VECTOR('',#6686,1.);
#6686 = DIRECTION('',(-0.,1.,0.));
#6687 = FACE_BOUND('',#6688,.F.);
#6688 = EDGE_LOOP('',(#6689,#6699,#6707,#6715));
#6689 = ORIENTED_EDGE('',*,*,#6690,.T.);
#6690 = EDGE_CURVE('',#6691,#6693,#6695,.T.);
#6691 = VERTEX_POINT('',#6692);
#6692 = CARTESIAN_POINT('',(64.9,52.9,19.1));
#6693 = VERTEX_POINT('',#6694);
#6694 = CARTESIAN_POINT('',(59.9,52.9,19.1));
#6695 = LINE('',#6696,#6697);
#6696 = CARTESIAN_POINT('',(29.95,52.9,19.1));
#6697 = VECTOR('',#6698,1.);
#6698 = DIRECTION('',(-1.,-0.,0.));
#6699 = ORIENTED_EDGE('',*,*,#6700,.T.);
#6700 = EDGE_CURVE('',#6693,#6701,#6703,.T.);
#6701 = VERTEX_POINT('',#6702);
#6702 = CARTESIAN_POINT('',(59.9,56.9,19.1));
#6703 = LINE('',#6704,#6705);
#6704 = CARTESIAN_POINT('',(59.9,26.45,19.1));
#6705 = VECTOR('',#6706,1.);
#6706 = DIRECTION('',(-0.,1.,0.));
#6707 = ORIENTED_EDGE('',*,*,#6708,.F.);
#6708 = EDGE_CURVE('',#6709,#6701,#6711,.T.);
#6709 = VERTEX_POINT('',#6710);
#6710 = CARTESIAN_POINT('',(64.9,56.9,19.1));
#6711 = LINE('',#6712,#6713);
#6712 = CARTESIAN_POINT('',(29.95,56.9,19.1));
#6713 = VECTOR('',#6714,1.);
#6714 = DIRECTION('',(-1.,-0.,0.));
#6715 = ORIENTED_EDGE('',*,*,#6716,.F.);
#6716 = EDGE_CURVE('',#6691,#6709,#6717,.T.);
#6717 = LINE('',#6718,#6719);
#6718 = CARTESIAN_POINT('',(64.9,26.45,19.1));
#6719 = VECTOR('',#6720,1.);
#6720 = DIRECTION('',(-0.,1.,0.));
#6721 = FACE_BOUND('',#6722,.F.);
#6722 = EDGE_LOOP('',(#6723,#6733,#6741,#6749));
#6723 = ORIENTED_EDGE('',*,*,#6724,.T.);
#6724 = EDGE_CURVE('',#6725,#6727,#6729,.T.);
#6725 = VERTEX_POINT('',#6726);
#6726 = CARTESIAN_POINT('',(55.9,60.9,19.1));
#6727 = VERTEX_POINT('',#6728);
#6728 = CARTESIAN_POINT('',(50.9,60.9,19.1));
#6729 = LINE('',#6730,#6731);
#6730 = CARTESIAN_POINT('',(25.45,60.9,19.1));
#6731 = VECTOR('',#6732,1.);
#6732 = DIRECTION('',(-1.,-0.,0.));
#6733 = ORIENTED_EDGE('',*,*,#6734,.T.);
#6734 = EDGE_CURVE('',#6727,#6735,#6737,.T.);
#6735 = VERTEX_POINT('',#6736);
#6736 = CARTESIAN_POINT('',(50.9,64.9,19.1));
#6737 = LINE('',#6738,#6739);
#6738 = CARTESIAN_POINT('',(50.9,30.45,19.1));
#6739 = VECTOR('',#6740,1.);
#6740 = DIRECTION('',(-0.,1.,0.));
#6741 = ORIENTED_EDGE('',*,*,#6742,.F.);
#6742 = EDGE_CURVE('',#6743,#6735,#6745,.T.);
#6743 = VERTEX_POINT('',#6744);
#6744 = CARTESIAN_POINT('',(55.9,64.9,19.1));
#6745 = LINE('',#6746,#6747);
#6746 = CARTESIAN_POINT('',(25.45,64.9,19.1));
#6747 = VECTOR('',#6748,1.);
#6748 = DIRECTION('',(-1.,-0.,0.));
#6749 = ORIENTED_EDGE('',*,*,#6750,.F.);
#6750 = EDGE_CURVE('',#6725,#6743,#6751,.T.);
#6751 = LINE('',#6752,#6753);
#6752 = CARTESIAN_POINT('',(55.9,30.45,19.1));
#6753 = VECTOR('',#6754,1.);
#6754 = DIRECTION('',(-0.,1.,0.));
#6755 = FACE_BOUND('',#6756,.F.);
#6756 = EDGE_LOOP('',(#6757,#6767,#6775,#6783));
#6757 = ORIENTED_EDGE('',*,*,#6758,.T.);
#6758 = EDGE_CURVE('',#6759,#6761,#6763,.T.);
#6759 = VERTEX_POINT('',#6760);
#6760 = CARTESIAN_POINT('',(64.9,60.9,19.1));
#6761 = VERTEX_POINT('',#6762);
#6762 = CARTESIAN_POINT('',(59.9,60.9,19.1));
#6763 = LINE('',#6764,#6765);
#6764 = CARTESIAN_POINT('',(29.95,60.9,19.1));
#6765 = VECTOR('',#6766,1.);
#6766 = DIRECTION('',(-1.,-0.,0.));
#6767 = ORIENTED_EDGE('',*,*,#6768,.T.);
#6768 = EDGE_CURVE('',#6761,#6769,#6771,.T.);
#6769 = VERTEX_POINT('',#6770);
#6770 = CARTESIAN_POINT('',(59.9,64.9,19.1));
#6771 = LINE('',#6772,#6773);
#6772 = CARTESIAN_POINT('',(59.9,30.45,19.1));
#6773 = VECTOR('',#6774,1.);
#6774 = DIRECTION('',(-0.,1.,0.));
#6775 = ORIENTED_EDGE('',*,*,#6776,.F.);
#6776 = EDGE_CURVE('',#6777,#6769,#6779,.T.);
#6777 = VERTEX_POINT('',#6778);
#6778 = CARTESIAN_POINT('',(64.9,64.9,19.1));
#6779 = LINE('',#6780,#6781);
#6780 = CARTESIAN_POINT('',(29.95,64.9,19.1));
#6781 = VECTOR('',#6782,1.);
#6782 = DIRECTION('',(-1.,-0.,0.));
#6783 = ORIENTED_EDGE('',*,*,#6784,.F.);
#6784 = EDGE_CURVE('',#6759,#6777,#6785,.T.);
#6785 = LINE('',#6786,#6787);
#6786 = CARTESIAN_POINT('',(64.9,30.45,19.1));
#6787 = VECTOR('',#6788,1.);
#6788 = DIRECTION('',(-0.,1.,0.));
#6789 = FACE_BOUND('',#6790,.F.);
#6790 = EDGE_LOOP('',(#6791,#6801,#6809,#6817));
#6791 = ORIENTED_EDGE('',*,*,#6792,.T.);
#6792 = EDGE_CURVE('',#6793,#6795,#6797,.T.);
#6793 = VERTEX_POINT('',#6794);
#6794 = CARTESIAN_POINT('',(73.9,52.9,19.1));
#6795 = VERTEX_POINT('',#6796);
#6796 = CARTESIAN_POINT('',(68.9,52.9,19.1));
#6797 = LINE('',#6798,#6799);
#6798 = CARTESIAN_POINT('',(34.45,52.9,19.1));
#6799 = VECTOR('',#6800,1.);
#6800 = DIRECTION('',(-1.,-0.,0.));
#6801 = ORIENTED_EDGE('',*,*,#6802,.T.);
#6802 = EDGE_CURVE('',#6795,#6803,#6805,.T.);
#6803 = VERTEX_POINT('',#6804);
#6804 = CARTESIAN_POINT('',(68.9,56.9,19.1));
#6805 = LINE('',#6806,#6807);
#6806 = CARTESIAN_POINT('',(68.9,26.45,19.1));
#6807 = VECTOR('',#6808,1.);
#6808 = DIRECTION('',(-0.,1.,0.));
#6809 = ORIENTED_EDGE('',*,*,#6810,.F.);
#6810 = EDGE_CURVE('',#6811,#6803,#6813,.T.);
#6811 = VERTEX_POINT('',#6812);
#6812 = CARTESIAN_POINT('',(73.9,56.9,19.1));
#6813 = LINE('',#6814,#6815);
#6814 = CARTESIAN_POINT('',(34.45,56.9,19.1));
#6815 = VECTOR('',#6816,1.);
#6816 = DIRECTION('',(-1.,-0.,0.));
#6817 = ORIENTED_EDGE('',*,*,#6818,.F.);
#6818 = EDGE_CURVE('',#6793,#6811,#6819,.T.);
#6819 = LINE('',#6820,#6821);
#6820 = CARTESIAN_POINT('',(73.9,26.45,19.1));
#6821 = VECTOR('',#6822,1.);
#6822 = DIRECTION('',(-0.,1.,0.));
#6823 = FACE_BOUND('',#6824,.F.);
#6824 = EDGE_LOOP('',(#6825,#6835,#6843,#6851));
#6825 = ORIENTED_EDGE('',*,*,#6826,.T.);
#6826 = EDGE_CURVE('',#6827,#6829,#6831,.T.);
#6827 = VERTEX_POINT('',#6828);
#6828 = CARTESIAN_POINT('',(82.9,52.9,19.1));
#6829 = VERTEX_POINT('',#6830);
#6830 = CARTESIAN_POINT('',(77.9,52.9,19.1));
#6831 = LINE('',#6832,#6833);
#6832 = CARTESIAN_POINT('',(38.95,52.9,19.1));
#6833 = VECTOR('',#6834,1.);
#6834 = DIRECTION('',(-1.,-0.,0.));
#6835 = ORIENTED_EDGE('',*,*,#6836,.T.);
#6836 = EDGE_CURVE('',#6829,#6837,#6839,.T.);
#6837 = VERTEX_POINT('',#6838);
#6838 = CARTESIAN_POINT('',(77.9,56.9,19.1));
#6839 = LINE('',#6840,#6841);
#6840 = CARTESIAN_POINT('',(77.9,26.45,19.1));
#6841 = VECTOR('',#6842,1.);
#6842 = DIRECTION('',(-0.,1.,0.));
#6843 = ORIENTED_EDGE('',*,*,#6844,.F.);
#6844 = EDGE_CURVE('',#6845,#6837,#6847,.T.);
#6845 = VERTEX_POINT('',#6846);
#6846 = CARTESIAN_POINT('',(82.9,56.9,19.1));
#6847 = LINE('',#6848,#6849);
#6848 = CARTESIAN_POINT('',(38.95,56.9,19.1));
#6849 = VECTOR('',#6850,1.);
#6850 = DIRECTION('',(-1.,-0.,0.));
#6851 = ORIENTED_EDGE('',*,*,#6852,.F.);
#6852 = EDGE_CURVE('',#6827,#6845,#6853,.T.);
#6853 = LINE('',#6854,#6855);
#6854 = CARTESIAN_POINT('',(82.9,26.45,19.1));
#6855 = VECTOR('',#6856,1.);
#6856 = DIRECTION('',(-0.,1.,0.));
#6857 = FACE_BOUND('',#6858,.F.);
#6858 = EDGE_LOOP('',(#6859));
#6859 = ORIENTED_EDGE('',*,*,#6860,.F.);
#6860 = EDGE_CURVE('',#6861,#6861,#6863,.T.);
#6861 = VERTEX_POINT('',#6862);
#6862 = CARTESIAN_POINT('',(78.1,58.6,19.1));
#6863 = CIRCLE('',#6864,1.7);
#6864 = AXIS2_PLACEMENT_3D('',#6865,#6866,#6867);
#6865 = CARTESIAN_POINT('',(76.4,58.6,19.1));
#6866 = DIRECTION('',(0.,0.,1.));
#6867 = DIRECTION('',(1.,0.,-0.));
#6868 = FACE_BOUND('',#6869,.F.);
#6869 = EDGE_LOOP('',(#6870,#6880,#6888,#6896));
#6870 = ORIENTED_EDGE('',*,*,#6871,.T.);
#6871 = EDGE_CURVE('',#6872,#6874,#6876,.T.);
#6872 = VERTEX_POINT('',#6873);
#6873 = CARTESIAN_POINT('',(73.9,60.9,19.1));
#6874 = VERTEX_POINT('',#6875);
#6875 = CARTESIAN_POINT('',(68.9,60.9,19.1));
#6876 = LINE('',#6877,#6878);
#6877 = CARTESIAN_POINT('',(34.45,60.9,19.1));
#6878 = VECTOR('',#6879,1.);
#6879 = DIRECTION('',(-1.,-0.,0.));
#6880 = ORIENTED_EDGE('',*,*,#6881,.T.);
#6881 = EDGE_CURVE('',#6874,#6882,#6884,.T.);
#6882 = VERTEX_POINT('',#6883);
#6883 = CARTESIAN_POINT('',(68.9,64.9,19.1));
#6884 = LINE('',#6885,#6886);
#6885 = CARTESIAN_POINT('',(68.9,30.45,19.1));
#6886 = VECTOR('',#6887,1.);
#6887 = DIRECTION('',(-0.,1.,0.));
#6888 = ORIENTED_EDGE('',*,*,#6889,.F.);
#6889 = EDGE_CURVE('',#6890,#6882,#6892,.T.);
#6890 = VERTEX_POINT('',#6891);
#6891 = CARTESIAN_POINT('',(73.9,64.9,19.1));
#6892 = LINE('',#6893,#6894);
#6893 = CARTESIAN_POINT('',(34.45,64.9,19.1));
#6894 = VECTOR('',#6895,1.);
#6895 = DIRECTION('',(-1.,-0.,0.));
#6896 = ORIENTED_EDGE('',*,*,#6897,.F.);
#6897 = EDGE_CURVE('',#6872,#6890,#6898,.T.);
#6898 = LINE('',#6899,#6900);
#6899 = CARTESIAN_POINT('',(73.9,30.45,19.1));
#6900 = VECTOR('',#6901,1.);
#6901 = DIRECTION('',(-0.,1.,0.));
#6902 = FACE_BOUND('',#6903,.F.);
#6903 = EDGE_LOOP('',(#6904,#6914,#6922,#6930));
#6904 = ORIENTED_EDGE('',*,*,#6905,.T.);
#6905 = EDGE_CURVE('',#6906,#6908,#6910,.T.);
#6906 = VERTEX_POINT('',#6907);
#6907 = CARTESIAN_POINT('',(82.9,60.9,19.1));
#6908 = VERTEX_POINT('',#6909);
#6909 = CARTESIAN_POINT('',(77.9,60.9,19.1));
#6910 = LINE('',#6911,#6912);
#6911 = CARTESIAN_POINT('',(38.95,60.9,19.1));
#6912 = VECTOR('',#6913,1.);
#6913 = DIRECTION('',(-1.,-0.,0.));
#6914 = ORIENTED_EDGE('',*,*,#6915,.T.);
#6915 = EDGE_CURVE('',#6908,#6916,#6918,.T.);
#6916 = VERTEX_POINT('',#6917);
#6917 = CARTESIAN_POINT('',(77.9,64.9,19.1));
#6918 = LINE('',#6919,#6920);
#6919 = CARTESIAN_POINT('',(77.9,30.45,19.1));
#6920 = VECTOR('',#6921,1.);
#6921 = DIRECTION('',(-0.,1.,0.));
#6922 = ORIENTED_EDGE('',*,*,#6923,.F.);
#6923 = EDGE_CURVE('',#6924,#6916,#6926,.T.);
#6924 = VERTEX_POINT('',#6925);
#6925 = CARTESIAN_POINT('',(82.9,64.9,19.1));
#6926 = LINE('',#6927,#6928);
#6927 = CARTESIAN_POINT('',(38.95,64.9,19.1));
#6928 = VECTOR('',#6929,1.);
#6929 = DIRECTION('',(-1.,-0.,0.));
#6930 = ORIENTED_EDGE('',*,*,#6931,.F.);
#6931 = EDGE_CURVE('',#6906,#6924,#6932,.T.);
#6932 = LINE('',#6933,#6934);
#6933 = CARTESIAN_POINT('',(82.9,30.45,19.1));
#6934 = VECTOR('',#6935,1.);
#6935 = DIRECTION('',(-0.,1.,0.));
#6936 = PLANE('',#6937);
#6937 = AXIS2_PLACEMENT_3D('',#6938,#6939,#6940);
#6938 = CARTESIAN_POINT('',(0.,0.,19.1));
#6939 = DIRECTION('',(0.,0.,1.));
#6940 = DIRECTION('',(1.,0.,-0.));
#6941 = ADVANCED_FACE('',(#6942),#6963,.F.);
#6942 = FACE_BOUND('',#6943,.F.);
#6943 = EDGE_LOOP('',(#6944,#6945,#6951,#6952,#6953,#6960,#6961,#6962));
#6944 = ORIENTED_EDGE('',*,*,#3389,.F.);
#6945 = ORIENTED_EDGE('',*,*,#6946,.F.);
#6946 = EDGE_CURVE('',#5254,#3390,#6947,.T.);
#6947 = LINE('',#6948,#6949);
#6948 = CARTESIAN_POINT('',(7.6,30.9,18.6));
#6949 = VECTOR('',#6950,1.);
#6950 = DIRECTION('',(0.,0.,1.));
#6951 = ORIENTED_EDGE('',*,*,#5253,.T.);
#6952 = ORIENTED_EDGE('',*,*,#2919,.F.);
#6953 = ORIENTED_EDGE('',*,*,#6954,.T.);
#6954 = EDGE_CURVE('',#2920,#2928,#6955,.T.);
#6955 = CIRCLE('',#6956,1.7);
#6956 = AXIS2_PLACEMENT_3D('',#6957,#6958,#6959);
#6957 = CARTESIAN_POINT('',(5.9,30.9,18.6));
#6958 = DIRECTION('',(0.,0.,1.));
#6959 = DIRECTION('',(1.,0.,-0.));
#6960 = ORIENTED_EDGE('',*,*,#2935,.T.);
#6961 = ORIENTED_EDGE('',*,*,#5262,.T.);
#6962 = ORIENTED_EDGE('',*,*,#6946,.T.);
#6963 = CYLINDRICAL_SURFACE('',#6964,1.7);
#6964 = AXIS2_PLACEMENT_3D('',#6965,#6966,#6967);
#6965 = CARTESIAN_POINT('',(5.9,30.9,18.6));
#6966 = DIRECTION('',(0.,0.,1.));
#6967 = DIRECTION('',(1.,0.,-0.));
#6968 = ADVANCED_FACE('',(#6969),#6973,.T.);
#6969 = FACE_BOUND('',#6970,.T.);
#6970 = EDGE_LOOP('',(#6971,#6972));
#6971 = ORIENTED_EDGE('',*,*,#2927,.F.);
#6972 = ORIENTED_EDGE('',*,*,#6954,.T.);
#6973 = PLANE('',#6974);
#6974 = AXIS2_PLACEMENT_3D('',#6975,#6976,#6977);
#6975 = CARTESIAN_POINT('',(5.9,30.9,18.6));
#6976 = DIRECTION('',(0.,0.,1.));
#6977 = DIRECTION('',(1.,0.,-0.));
#6978 = ADVANCED_FACE('',(#6979),#6983,.T.);
#6979 = FACE_BOUND('',#6980,.T.);
#6980 = EDGE_LOOP('',(#6981,#6982));
#6981 = ORIENTED_EDGE('',*,*,#5215,.T.);
#6982 = ORIENTED_EDGE('',*,*,#3047,.F.);
#6983 = PLANE('',#6984);
#6984 = AXIS2_PLACEMENT_3D('',#6985,#6986,#6987);
#6985 = CARTESIAN_POINT('',(6.3,6.3,18.6));
#6986 = DIRECTION('',(0.,0.,1.));
#6987 = DIRECTION('',(1.,0.,-0.));
#6988 = ADVANCED_FACE('',(#6989),#7005,.T.);
#6989 = FACE_BOUND('',#6990,.T.);
#6990 = EDGE_LOOP('',(#6991,#6997,#6998,#7004));
#6991 = ORIENTED_EDGE('',*,*,#6992,.F.);
#6992 = EDGE_CURVE('',#5275,#3356,#6993,.T.);
#6993 = LINE('',#6994,#6995);
#6994 = CARTESIAN_POINT('',(19.9,20.9,18.6));
#6995 = VECTOR('',#6996,1.);
#6996 = DIRECTION('',(0.,0.,1.));
#6997 = ORIENTED_EDGE('',*,*,#5274,.T.);
#6998 = ORIENTED_EDGE('',*,*,#6999,.T.);
#6999 = EDGE_CURVE('',#5277,#3358,#7000,.T.);
#7000 = LINE('',#7001,#7002);
#7001 = CARTESIAN_POINT('',(14.9,20.9,18.6));
#7002 = VECTOR('',#7003,1.);
#7003 = DIRECTION('',(0.,0.,1.));
#7004 = ORIENTED_EDGE('',*,*,#3355,.F.);
#7005 = PLANE('',#7006);
#7006 = AXIS2_PLACEMENT_3D('',#7007,#7008,#7009);
#7007 = CARTESIAN_POINT('',(14.9,20.9,18.6));
#7008 = DIRECTION('',(-0.,1.,0.));
#7009 = DIRECTION('',(0.,0.,1.));
#7010 = ADVANCED_FACE('',(#7011),#7022,.F.);
#7011 = FACE_BOUND('',#7012,.F.);
#7012 = EDGE_LOOP('',(#7013,#7014,#7015,#7021));
#7013 = ORIENTED_EDGE('',*,*,#6992,.F.);
#7014 = ORIENTED_EDGE('',*,*,#5300,.T.);
#7015 = ORIENTED_EDGE('',*,*,#7016,.T.);
#7016 = EDGE_CURVE('',#5293,#3374,#7017,.T.);
#7017 = LINE('',#7018,#7019);
#7018 = CARTESIAN_POINT('',(19.9,24.9,18.6));
#7019 = VECTOR('',#7020,1.);
#7020 = DIRECTION('',(0.,0.,1.));
#7021 = ORIENTED_EDGE('',*,*,#3381,.F.);
#7022 = PLANE('',#7023);
#7023 = AXIS2_PLACEMENT_3D('',#7024,#7025,#7026);
#7024 = CARTESIAN_POINT('',(19.9,20.9,18.6));
#7025 = DIRECTION('',(1.,0.,-0.));
#7026 = DIRECTION('',(0.,0.,1.));
#7027 = ADVANCED_FACE('',(#7028),#7039,.T.);
#7028 = FACE_BOUND('',#7029,.T.);
#7029 = EDGE_LOOP('',(#7030,#7031,#7032,#7038));
#7030 = ORIENTED_EDGE('',*,*,#6999,.F.);
#7031 = ORIENTED_EDGE('',*,*,#5284,.T.);
#7032 = ORIENTED_EDGE('',*,*,#7033,.T.);
#7033 = EDGE_CURVE('',#5285,#3366,#7034,.T.);
#7034 = LINE('',#7035,#7036);
#7035 = CARTESIAN_POINT('',(14.9,24.9,18.6));
#7036 = VECTOR('',#7037,1.);
#7037 = DIRECTION('',(0.,0.,1.));
#7038 = ORIENTED_EDGE('',*,*,#3365,.F.);
#7039 = PLANE('',#7040);
#7040 = AXIS2_PLACEMENT_3D('',#7041,#7042,#7043);
#7041 = CARTESIAN_POINT('',(14.9,20.9,18.6));
#7042 = DIRECTION('',(1.,0.,-0.));
#7043 = DIRECTION('',(0.,0.,1.));
#7044 = ADVANCED_FACE('',(#7045),#7051,.F.);
#7045 = FACE_BOUND('',#7046,.F.);
#7046 = EDGE_LOOP('',(#7047,#7048,#7049,#7050));
#7047 = ORIENTED_EDGE('',*,*,#7016,.F.);
#7048 = ORIENTED_EDGE('',*,*,#5292,.T.);
#7049 = ORIENTED_EDGE('',*,*,#7033,.T.);
#7050 = ORIENTED_EDGE('',*,*,#3373,.F.);
#7051 = PLANE('',#7052);
#7052 = AXIS2_PLACEMENT_3D('',#7053,#7054,#7055);
#7053 = CARTESIAN_POINT('',(14.9,24.9,18.6));
#7054 = DIRECTION('',(-0.,1.,0.));
#7055 = DIRECTION('',(0.,0.,1.));
#7056 = ADVANCED_FACE('',(#7057),#7073,.T.);
#7057 = FACE_BOUND('',#7058,.T.);
#7058 = EDGE_LOOP('',(#7059,#7065,#7066,#7072));
#7059 = ORIENTED_EDGE('',*,*,#7060,.F.);
#7060 = EDGE_CURVE('',#5411,#3401,#7061,.T.);
#7061 = LINE('',#7062,#7063);
#7062 = CARTESIAN_POINT('',(19.9,28.9,18.6));
#7063 = VECTOR('',#7064,1.);
#7064 = DIRECTION('',(0.,0.,1.));
#7065 = ORIENTED_EDGE('',*,*,#5410,.T.);
#7066 = ORIENTED_EDGE('',*,*,#7067,.T.);
#7067 = EDGE_CURVE('',#5413,#3403,#7068,.T.);
#7068 = LINE('',#7069,#7070);
#7069 = CARTESIAN_POINT('',(14.9,28.9,18.6));
#7070 = VECTOR('',#7071,1.);
#7071 = DIRECTION('',(0.,0.,1.));
#7072 = ORIENTED_EDGE('',*,*,#3400,.F.);
#7073 = PLANE('',#7074);
#7074 = AXIS2_PLACEMENT_3D('',#7075,#7076,#7077);
#7075 = CARTESIAN_POINT('',(14.9,28.9,18.6));
#7076 = DIRECTION('',(-0.,1.,0.));
#7077 = DIRECTION('',(0.,0.,1.));
#7078 = ADVANCED_FACE('',(#7079),#7090,.F.);
#7079 = FACE_BOUND('',#7080,.F.);
#7080 = EDGE_LOOP('',(#7081,#7082,#7083,#7089));
#7081 = ORIENTED_EDGE('',*,*,#7060,.F.);
#7082 = ORIENTED_EDGE('',*,*,#5436,.T.);
#7083 = ORIENTED_EDGE('',*,*,#7084,.T.);
#7084 = EDGE_CURVE('',#5429,#3419,#7085,.T.);
#7085 = LINE('',#7086,#7087);
#7086 = CARTESIAN_POINT('',(19.9,32.9,18.6));
#7087 = VECTOR('',#7088,1.);
#7088 = DIRECTION('',(0.,0.,1.));
#7089 = ORIENTED_EDGE('',*,*,#3426,.F.);
#7090 = PLANE('',#7091);
#7091 = AXIS2_PLACEMENT_3D('',#7092,#7093,#7094);
#7092 = CARTESIAN_POINT('',(19.9,28.9,18.6));
#7093 = DIRECTION('',(1.,0.,-0.));
#7094 = DIRECTION('',(0.,0.,1.));
#7095 = ADVANCED_FACE('',(#7096),#7107,.T.);
#7096 = FACE_BOUND('',#7097,.T.);
#7097 = EDGE_LOOP('',(#7098,#7099,#7100,#7106));
#7098 = ORIENTED_EDGE('',*,*,#7067,.F.);
#7099 = ORIENTED_EDGE('',*,*,#5420,.T.);
#7100 = ORIENTED_EDGE('',*,*,#7101,.T.);
#7101 = EDGE_CURVE('',#5421,#3411,#7102,.T.);
#7102 = LINE('',#7103,#7104);
#7103 = CARTESIAN_POINT('',(14.9,32.9,18.6));
#7104 = VECTOR('',#7105,1.);
#7105 = DIRECTION('',(0.,0.,1.));
#7106 = ORIENTED_EDGE('',*,*,#3410,.F.);
#7107 = PLANE('',#7108);
#7108 = AXIS2_PLACEMENT_3D('',#7109,#7110,#7111);
#7109 = CARTESIAN_POINT('',(14.9,28.9,18.6));
#7110 = DIRECTION('',(1.,0.,-0.));
#7111 = DIRECTION('',(0.,0.,1.));
#7112 = ADVANCED_FACE('',(#7113),#7119,.F.);
#7113 = FACE_BOUND('',#7114,.F.);
#7114 = EDGE_LOOP('',(#7115,#7116,#7117,#7118));
#7115 = ORIENTED_EDGE('',*,*,#7084,.F.);
#7116 = ORIENTED_EDGE('',*,*,#5428,.T.);
#7117 = ORIENTED_EDGE('',*,*,#7101,.T.);
#7118 = ORIENTED_EDGE('',*,*,#3418,.F.);
#7119 = PLANE('',#7120);
#7120 = AXIS2_PLACEMENT_3D('',#7121,#7122,#7123);
#7121 = CARTESIAN_POINT('',(14.9,32.9,18.6));
#7122 = DIRECTION('',(-0.,1.,0.));
#7123 = DIRECTION('',(0.,0.,1.));
#7124 = ADVANCED_FACE('',(#7125),#7141,.T.);
#7125 = FACE_BOUND('',#7126,.T.);
#7126 = EDGE_LOOP('',(#7127,#7133,#7134,#7140));
#7127 = ORIENTED_EDGE('',*,*,#7128,.F.);
#7128 = EDGE_CURVE('',#5309,#3435,#7129,.T.);
#7129 = LINE('',#7130,#7131);
#7130 = CARTESIAN_POINT('',(28.9,20.9,18.6));
#7131 = VECTOR('',#7132,1.);
#7132 = DIRECTION('',(0.,0.,1.));
#7133 = ORIENTED_EDGE('',*,*,#5308,.T.);
#7134 = ORIENTED_EDGE('',*,*,#7135,.T.);
#7135 = EDGE_CURVE('',#5311,#3437,#7136,.T.);
#7136 = LINE('',#7137,#7138);
#7137 = CARTESIAN_POINT('',(23.9,20.9,18.6));
#7138 = VECTOR('',#7139,1.);
#7139 = DIRECTION('',(0.,0.,1.));
#7140 = ORIENTED_EDGE('',*,*,#3434,.F.);
#7141 = PLANE('',#7142);
#7142 = AXIS2_PLACEMENT_3D('',#7143,#7144,#7145);
#7143 = CARTESIAN_POINT('',(23.9,20.9,18.6));
#7144 = DIRECTION('',(-0.,1.,0.));
#7145 = DIRECTION('',(0.,0.,1.));
#7146 = ADVANCED_FACE('',(#7147),#7158,.F.);
#7147 = FACE_BOUND('',#7148,.F.);
#7148 = EDGE_LOOP('',(#7149,#7150,#7151,#7157));
#7149 = ORIENTED_EDGE('',*,*,#7128,.F.);
#7150 = ORIENTED_EDGE('',*,*,#5334,.T.);
#7151 = ORIENTED_EDGE('',*,*,#7152,.T.);
#7152 = EDGE_CURVE('',#5327,#3453,#7153,.T.);
#7153 = LINE('',#7154,#7155);
#7154 = CARTESIAN_POINT('',(28.9,24.9,18.6));
#7155 = VECTOR('',#7156,1.);
#7156 = DIRECTION('',(0.,0.,1.));
#7157 = ORIENTED_EDGE('',*,*,#3460,.F.);
#7158 = PLANE('',#7159);
#7159 = AXIS2_PLACEMENT_3D('',#7160,#7161,#7162);
#7160 = CARTESIAN_POINT('',(28.9,20.9,18.6));
#7161 = DIRECTION('',(1.,0.,-0.));
#7162 = DIRECTION('',(0.,0.,1.));
#7163 = ADVANCED_FACE('',(#7164),#7175,.T.);
#7164 = FACE_BOUND('',#7165,.T.);
#7165 = EDGE_LOOP('',(#7166,#7167,#7168,#7174));
#7166 = ORIENTED_EDGE('',*,*,#7135,.F.);
#7167 = ORIENTED_EDGE('',*,*,#5318,.T.);
#7168 = ORIENTED_EDGE('',*,*,#7169,.T.);
#7169 = EDGE_CURVE('',#5319,#3445,#7170,.T.);
#7170 = LINE('',#7171,#7172);
#7171 = CARTESIAN_POINT('',(23.9,24.9,18.6));
#7172 = VECTOR('',#7173,1.);
#7173 = DIRECTION('',(0.,0.,1.));
#7174 = ORIENTED_EDGE('',*,*,#3444,.F.);
#7175 = PLANE('',#7176);
#7176 = AXIS2_PLACEMENT_3D('',#7177,#7178,#7179);
#7177 = CARTESIAN_POINT('',(23.9,20.9,18.6));
#7178 = DIRECTION('',(1.,0.,-0.));
#7179 = DIRECTION('',(0.,0.,1.));
#7180 = ADVANCED_FACE('',(#7181),#7187,.F.);
#7181 = FACE_BOUND('',#7182,.F.);
#7182 = EDGE_LOOP('',(#7183,#7184,#7185,#7186));
#7183 = ORIENTED_EDGE('',*,*,#7152,.F.);
#7184 = ORIENTED_EDGE('',*,*,#5326,.T.);
#7185 = ORIENTED_EDGE('',*,*,#7169,.T.);
#7186 = ORIENTED_EDGE('',*,*,#3452,.F.);
#7187 = PLANE('',#7188);
#7188 = AXIS2_PLACEMENT_3D('',#7189,#7190,#7191);
#7189 = CARTESIAN_POINT('',(23.9,24.9,18.6));
#7190 = DIRECTION('',(-0.,1.,0.));
#7191 = DIRECTION('',(0.,0.,1.));
#7192 = ADVANCED_FACE('',(#7193),#7209,.T.);
#7193 = FACE_BOUND('',#7194,.T.);
#7194 = EDGE_LOOP('',(#7195,#7201,#7202,#7208));
#7195 = ORIENTED_EDGE('',*,*,#7196,.F.);
#7196 = EDGE_CURVE('',#5343,#3469,#7197,.T.);
#7197 = LINE('',#7198,#7199);
#7198 = CARTESIAN_POINT('',(37.9,20.9,18.6));
#7199 = VECTOR('',#7200,1.);
#7200 = DIRECTION('',(0.,0.,1.));
#7201 = ORIENTED_EDGE('',*,*,#5342,.T.);
#7202 = ORIENTED_EDGE('',*,*,#7203,.T.);
#7203 = EDGE_CURVE('',#5345,#3471,#7204,.T.);
#7204 = LINE('',#7205,#7206);
#7205 = CARTESIAN_POINT('',(32.9,20.9,18.6));
#7206 = VECTOR('',#7207,1.);
#7207 = DIRECTION('',(0.,0.,1.));
#7208 = ORIENTED_EDGE('',*,*,#3468,.F.);
#7209 = PLANE('',#7210);
#7210 = AXIS2_PLACEMENT_3D('',#7211,#7212,#7213);
#7211 = CARTESIAN_POINT('',(32.9,20.9,18.6));
#7212 = DIRECTION('',(-0.,1.,0.));
#7213 = DIRECTION('',(0.,0.,1.));
#7214 = ADVANCED_FACE('',(#7215),#7226,.F.);
#7215 = FACE_BOUND('',#7216,.F.);
#7216 = EDGE_LOOP('',(#7217,#7218,#7219,#7225));
#7217 = ORIENTED_EDGE('',*,*,#7196,.F.);
#7218 = ORIENTED_EDGE('',*,*,#5368,.T.);
#7219 = ORIENTED_EDGE('',*,*,#7220,.T.);
#7220 = EDGE_CURVE('',#5361,#3487,#7221,.T.);
#7221 = LINE('',#7222,#7223);
#7222 = CARTESIAN_POINT('',(37.9,24.9,18.6));
#7223 = VECTOR('',#7224,1.);
#7224 = DIRECTION('',(0.,0.,1.));
#7225 = ORIENTED_EDGE('',*,*,#3494,.F.);
#7226 = PLANE('',#7227);
#7227 = AXIS2_PLACEMENT_3D('',#7228,#7229,#7230);
#7228 = CARTESIAN_POINT('',(37.9,20.9,18.6));
#7229 = DIRECTION('',(1.,0.,-0.));
#7230 = DIRECTION('',(0.,0.,1.));
#7231 = ADVANCED_FACE('',(#7232),#7243,.T.);
#7232 = FACE_BOUND('',#7233,.T.);
#7233 = EDGE_LOOP('',(#7234,#7235,#7236,#7242));
#7234 = ORIENTED_EDGE('',*,*,#7203,.F.);
#7235 = ORIENTED_EDGE('',*,*,#5352,.T.);
#7236 = ORIENTED_EDGE('',*,*,#7237,.T.);
#7237 = EDGE_CURVE('',#5353,#3479,#7238,.T.);
#7238 = LINE('',#7239,#7240);
#7239 = CARTESIAN_POINT('',(32.9,24.9,18.6));
#7240 = VECTOR('',#7241,1.);
#7241 = DIRECTION('',(0.,0.,1.));
#7242 = ORIENTED_EDGE('',*,*,#3478,.F.);
#7243 = PLANE('',#7244);
#7244 = AXIS2_PLACEMENT_3D('',#7245,#7246,#7247);
#7245 = CARTESIAN_POINT('',(32.9,20.9,18.6));
#7246 = DIRECTION('',(1.,0.,-0.));
#7247 = DIRECTION('',(0.,0.,1.));
#7248 = ADVANCED_FACE('',(#7249),#7255,.F.);
#7249 = FACE_BOUND('',#7250,.F.);
#7250 = EDGE_LOOP('',(#7251,#7252,#7253,#7254));
#7251 = ORIENTED_EDGE('',*,*,#7220,.F.);
#7252 = ORIENTED_EDGE('',*,*,#5360,.T.);
#7253 = ORIENTED_EDGE('',*,*,#7237,.T.);
#7254 = ORIENTED_EDGE('',*,*,#3486,.F.);
#7255 = PLANE('',#7256);
#7256 = AXIS2_PLACEMENT_3D('',#7257,#7258,#7259);
#7257 = CARTESIAN_POINT('',(32.9,24.9,18.6));
#7258 = DIRECTION('',(-0.,1.,0.));
#7259 = DIRECTION('',(0.,0.,1.));
#7260 = ADVANCED_FACE('',(#7261),#7277,.T.);
#7261 = FACE_BOUND('',#7262,.T.);
#7262 = EDGE_LOOP('',(#7263,#7269,#7270,#7276));
#7263 = ORIENTED_EDGE('',*,*,#7264,.F.);
#7264 = EDGE_CURVE('',#5377,#3503,#7265,.T.);
#7265 = LINE('',#7266,#7267);
#7266 = CARTESIAN_POINT('',(46.9,20.9,18.6));
#7267 = VECTOR('',#7268,1.);
#7268 = DIRECTION('',(0.,0.,1.));
#7269 = ORIENTED_EDGE('',*,*,#5376,.T.);
#7270 = ORIENTED_EDGE('',*,*,#7271,.T.);
#7271 = EDGE_CURVE('',#5379,#3505,#7272,.T.);
#7272 = LINE('',#7273,#7274);
#7273 = CARTESIAN_POINT('',(41.9,20.9,18.6));
#7274 = VECTOR('',#7275,1.);
#7275 = DIRECTION('',(0.,0.,1.));
#7276 = ORIENTED_EDGE('',*,*,#3502,.F.);
#7277 = PLANE('',#7278);
#7278 = AXIS2_PLACEMENT_3D('',#7279,#7280,#7281);
#7279 = CARTESIAN_POINT('',(41.9,20.9,18.6));
#7280 = DIRECTION('',(-0.,1.,0.));
#7281 = DIRECTION('',(0.,0.,1.));
#7282 = ADVANCED_FACE('',(#7283),#7294,.F.);
#7283 = FACE_BOUND('',#7284,.F.);
#7284 = EDGE_LOOP('',(#7285,#7286,#7287,#7293));
#7285 = ORIENTED_EDGE('',*,*,#7264,.F.);
#7286 = ORIENTED_EDGE('',*,*,#5402,.T.);
#7287 = ORIENTED_EDGE('',*,*,#7288,.T.);
#7288 = EDGE_CURVE('',#5395,#3521,#7289,.T.);
#7289 = LINE('',#7290,#7291);
#7290 = CARTESIAN_POINT('',(46.9,24.9,18.6));
#7291 = VECTOR('',#7292,1.);
#7292 = DIRECTION('',(0.,0.,1.));
#7293 = ORIENTED_EDGE('',*,*,#3528,.F.);
#7294 = PLANE('',#7295);
#7295 = AXIS2_PLACEMENT_3D('',#7296,#7297,#7298);
#7296 = CARTESIAN_POINT('',(46.9,20.9,18.6));
#7297 = DIRECTION('',(1.,0.,-0.));
#7298 = DIRECTION('',(0.,0.,1.));
#7299 = ADVANCED_FACE('',(#7300),#7311,.T.);
#7300 = FACE_BOUND('',#7301,.T.);
#7301 = EDGE_LOOP('',(#7302,#7303,#7304,#7310));
#7302 = ORIENTED_EDGE('',*,*,#7271,.F.);
#7303 = ORIENTED_EDGE('',*,*,#5386,.T.);
#7304 = ORIENTED_EDGE('',*,*,#7305,.T.);
#7305 = EDGE_CURVE('',#5387,#3513,#7306,.T.);
#7306 = LINE('',#7307,#7308);
#7307 = CARTESIAN_POINT('',(41.9,24.9,18.6));
#7308 = VECTOR('',#7309,1.);
#7309 = DIRECTION('',(0.,0.,1.));
#7310 = ORIENTED_EDGE('',*,*,#3512,.F.);
#7311 = PLANE('',#7312);
#7312 = AXIS2_PLACEMENT_3D('',#7313,#7314,#7315);
#7313 = CARTESIAN_POINT('',(41.9,20.9,18.6));
#7314 = DIRECTION('',(1.,0.,-0.));
#7315 = DIRECTION('',(0.,0.,1.));
#7316 = ADVANCED_FACE('',(#7317),#7323,.F.);
#7317 = FACE_BOUND('',#7318,.F.);
#7318 = EDGE_LOOP('',(#7319,#7320,#7321,#7322));
#7319 = ORIENTED_EDGE('',*,*,#7288,.F.);
#7320 = ORIENTED_EDGE('',*,*,#5394,.T.);
#7321 = ORIENTED_EDGE('',*,*,#7305,.T.);
#7322 = ORIENTED_EDGE('',*,*,#3520,.F.);
#7323 = PLANE('',#7324);
#7324 = AXIS2_PLACEMENT_3D('',#7325,#7326,#7327);
#7325 = CARTESIAN_POINT('',(41.9,24.9,18.6));
#7326 = DIRECTION('',(-0.,1.,0.));
#7327 = DIRECTION('',(0.,0.,1.));
#7328 = ADVANCED_FACE('',(#7329),#7345,.T.);
#7329 = FACE_BOUND('',#7330,.T.);
#7330 = EDGE_LOOP('',(#7331,#7337,#7338,#7344));
#7331 = ORIENTED_EDGE('',*,*,#7332,.F.);
#7332 = EDGE_CURVE('',#5445,#3537,#7333,.T.);
#7333 = LINE('',#7334,#7335);
#7334 = CARTESIAN_POINT('',(28.9,28.9,18.6));
#7335 = VECTOR('',#7336,1.);
#7336 = DIRECTION('',(0.,0.,1.));
#7337 = ORIENTED_EDGE('',*,*,#5444,.T.);
#7338 = ORIENTED_EDGE('',*,*,#7339,.T.);
#7339 = EDGE_CURVE('',#5447,#3539,#7340,.T.);
#7340 = LINE('',#7341,#7342);
#7341 = CARTESIAN_POINT('',(23.9,28.9,18.6));
#7342 = VECTOR('',#7343,1.);
#7343 = DIRECTION('',(0.,0.,1.));
#7344 = ORIENTED_EDGE('',*,*,#3536,.F.);
#7345 = PLANE('',#7346);
#7346 = AXIS2_PLACEMENT_3D('',#7347,#7348,#7349);
#7347 = CARTESIAN_POINT('',(23.9,28.9,18.6));
#7348 = DIRECTION('',(-0.,1.,0.));
#7349 = DIRECTION('',(0.,0.,1.));
#7350 = ADVANCED_FACE('',(#7351),#7362,.F.);
#7351 = FACE_BOUND('',#7352,.F.);
#7352 = EDGE_LOOP('',(#7353,#7354,#7355,#7361));
#7353 = ORIENTED_EDGE('',*,*,#7332,.F.);
#7354 = ORIENTED_EDGE('',*,*,#5470,.T.);
#7355 = ORIENTED_EDGE('',*,*,#7356,.T.);
#7356 = EDGE_CURVE('',#5463,#3555,#7357,.T.);
#7357 = LINE('',#7358,#7359);
#7358 = CARTESIAN_POINT('',(28.9,32.9,18.6));
#7359 = VECTOR('',#7360,1.);
#7360 = DIRECTION('',(0.,0.,1.));
#7361 = ORIENTED_EDGE('',*,*,#3562,.F.);
#7362 = PLANE('',#7363);
#7363 = AXIS2_PLACEMENT_3D('',#7364,#7365,#7366);
#7364 = CARTESIAN_POINT('',(28.9,28.9,18.6));
#7365 = DIRECTION('',(1.,0.,-0.));
#7366 = DIRECTION('',(0.,0.,1.));
#7367 = ADVANCED_FACE('',(#7368),#7379,.T.);
#7368 = FACE_BOUND('',#7369,.T.);
#7369 = EDGE_LOOP('',(#7370,#7371,#7372,#7378));
#7370 = ORIENTED_EDGE('',*,*,#7339,.F.);
#7371 = ORIENTED_EDGE('',*,*,#5454,.T.);
#7372 = ORIENTED_EDGE('',*,*,#7373,.T.);
#7373 = EDGE_CURVE('',#5455,#3547,#7374,.T.);
#7374 = LINE('',#7375,#7376);
#7375 = CARTESIAN_POINT('',(23.9,32.9,18.6));
#7376 = VECTOR('',#7377,1.);
#7377 = DIRECTION('',(0.,0.,1.));
#7378 = ORIENTED_EDGE('',*,*,#3546,.F.);
#7379 = PLANE('',#7380);
#7380 = AXIS2_PLACEMENT_3D('',#7381,#7382,#7383);
#7381 = CARTESIAN_POINT('',(23.9,28.9,18.6));
#7382 = DIRECTION('',(1.,0.,-0.));
#7383 = DIRECTION('',(0.,0.,1.));
#7384 = ADVANCED_FACE('',(#7385),#7391,.F.);
#7385 = FACE_BOUND('',#7386,.F.);
#7386 = EDGE_LOOP('',(#7387,#7388,#7389,#7390));
#7387 = ORIENTED_EDGE('',*,*,#7356,.F.);
#7388 = ORIENTED_EDGE('',*,*,#5462,.T.);
#7389 = ORIENTED_EDGE('',*,*,#7373,.T.);
#7390 = ORIENTED_EDGE('',*,*,#3554,.F.);
#7391 = PLANE('',#7392);
#7392 = AXIS2_PLACEMENT_3D('',#7393,#7394,#7395);
#7393 = CARTESIAN_POINT('',(23.9,32.9,18.6));
#7394 = DIRECTION('',(-0.,1.,0.));
#7395 = DIRECTION('',(0.,0.,1.));
#7396 = ADVANCED_FACE('',(#7397),#7413,.T.);
#7397 = FACE_BOUND('',#7398,.T.);
#7398 = EDGE_LOOP('',(#7399,#7405,#7406,#7412));
#7399 = ORIENTED_EDGE('',*,*,#7400,.F.);
#7400 = EDGE_CURVE('',#5547,#3571,#7401,.T.);
#7401 = LINE('',#7402,#7403);
#7402 = CARTESIAN_POINT('',(37.9,28.9,18.6));
#7403 = VECTOR('',#7404,1.);
#7404 = DIRECTION('',(0.,0.,1.));
#7405 = ORIENTED_EDGE('',*,*,#5546,.T.);
#7406 = ORIENTED_EDGE('',*,*,#7407,.T.);
#7407 = EDGE_CURVE('',#5549,#3573,#7408,.T.);
#7408 = LINE('',#7409,#7410);
#7409 = CARTESIAN_POINT('',(32.9,28.9,18.6));
#7410 = VECTOR('',#7411,1.);
#7411 = DIRECTION('',(0.,0.,1.));
#7412 = ORIENTED_EDGE('',*,*,#3570,.F.);
#7413 = PLANE('',#7414);
#7414 = AXIS2_PLACEMENT_3D('',#7415,#7416,#7417);
#7415 = CARTESIAN_POINT('',(32.9,28.9,18.6));
#7416 = DIRECTION('',(-0.,1.,0.));
#7417 = DIRECTION('',(0.,0.,1.));
#7418 = ADVANCED_FACE('',(#7419),#7430,.F.);
#7419 = FACE_BOUND('',#7420,.F.);
#7420 = EDGE_LOOP('',(#7421,#7422,#7423,#7429));
#7421 = ORIENTED_EDGE('',*,*,#7400,.F.);
#7422 = ORIENTED_EDGE('',*,*,#5572,.T.);
#7423 = ORIENTED_EDGE('',*,*,#7424,.T.);
#7424 = EDGE_CURVE('',#5565,#3589,#7425,.T.);
#7425 = LINE('',#7426,#7427);
#7426 = CARTESIAN_POINT('',(37.9,32.9,18.6));
#7427 = VECTOR('',#7428,1.);
#7428 = DIRECTION('',(0.,0.,1.));
#7429 = ORIENTED_EDGE('',*,*,#3596,.F.);
#7430 = PLANE('',#7431);
#7431 = AXIS2_PLACEMENT_3D('',#7432,#7433,#7434);
#7432 = CARTESIAN_POINT('',(37.9,28.9,18.6));
#7433 = DIRECTION('',(1.,0.,-0.));
#7434 = DIRECTION('',(0.,0.,1.));
#7435 = ADVANCED_FACE('',(#7436),#7447,.T.);
#7436 = FACE_BOUND('',#7437,.T.);
#7437 = EDGE_LOOP('',(#7438,#7439,#7440,#7446));
#7438 = ORIENTED_EDGE('',*,*,#7407,.F.);
#7439 = ORIENTED_EDGE('',*,*,#5556,.T.);
#7440 = ORIENTED_EDGE('',*,*,#7441,.T.);
#7441 = EDGE_CURVE('',#5557,#3581,#7442,.T.);
#7442 = LINE('',#7443,#7444);
#7443 = CARTESIAN_POINT('',(32.9,32.9,18.6));
#7444 = VECTOR('',#7445,1.);
#7445 = DIRECTION('',(0.,0.,1.));
#7446 = ORIENTED_EDGE('',*,*,#3580,.F.);
#7447 = PLANE('',#7448);
#7448 = AXIS2_PLACEMENT_3D('',#7449,#7450,#7451);
#7449 = CARTESIAN_POINT('',(32.9,28.9,18.6));
#7450 = DIRECTION('',(1.,0.,-0.));
#7451 = DIRECTION('',(0.,0.,1.));
#7452 = ADVANCED_FACE('',(#7453),#7459,.F.);
#7453 = FACE_BOUND('',#7454,.F.);
#7454 = EDGE_LOOP('',(#7455,#7456,#7457,#7458));
#7455 = ORIENTED_EDGE('',*,*,#7424,.F.);
#7456 = ORIENTED_EDGE('',*,*,#5564,.T.);
#7457 = ORIENTED_EDGE('',*,*,#7441,.T.);
#7458 = ORIENTED_EDGE('',*,*,#3588,.F.);
#7459 = PLANE('',#7460);
#7460 = AXIS2_PLACEMENT_3D('',#7461,#7462,#7463);
#7461 = CARTESIAN_POINT('',(32.9,32.9,18.6));
#7462 = DIRECTION('',(-0.,1.,0.));
#7463 = DIRECTION('',(0.,0.,1.));
#7464 = ADVANCED_FACE('',(#7465),#7481,.T.);
#7465 = FACE_BOUND('',#7466,.T.);
#7466 = EDGE_LOOP('',(#7467,#7473,#7474,#7480));
#7467 = ORIENTED_EDGE('',*,*,#7468,.F.);
#7468 = EDGE_CURVE('',#5592,#3605,#7469,.T.);
#7469 = LINE('',#7470,#7471);
#7470 = CARTESIAN_POINT('',(46.9,28.9,18.6));
#7471 = VECTOR('',#7472,1.);
#7472 = DIRECTION('',(0.,0.,1.));
#7473 = ORIENTED_EDGE('',*,*,#5591,.T.);
#7474 = ORIENTED_EDGE('',*,*,#7475,.T.);
#7475 = EDGE_CURVE('',#5594,#3607,#7476,.T.);
#7476 = LINE('',#7477,#7478);
#7477 = CARTESIAN_POINT('',(41.9,28.9,18.6));
#7478 = VECTOR('',#7479,1.);
#7479 = DIRECTION('',(0.,0.,1.));
#7480 = ORIENTED_EDGE('',*,*,#3604,.F.);
#7481 = PLANE('',#7482);
#7482 = AXIS2_PLACEMENT_3D('',#7483,#7484,#7485);
#7483 = CARTESIAN_POINT('',(41.9,28.9,18.6));
#7484 = DIRECTION('',(-0.,1.,0.));
#7485 = DIRECTION('',(0.,0.,1.));
#7486 = ADVANCED_FACE('',(#7487),#7498,.F.);
#7487 = FACE_BOUND('',#7488,.F.);
#7488 = EDGE_LOOP('',(#7489,#7490,#7491,#7497));
#7489 = ORIENTED_EDGE('',*,*,#7468,.F.);
#7490 = ORIENTED_EDGE('',*,*,#5617,.T.);
#7491 = ORIENTED_EDGE('',*,*,#7492,.T.);
#7492 = EDGE_CURVE('',#5610,#3623,#7493,.T.);
#7493 = LINE('',#7494,#7495);
#7494 = CARTESIAN_POINT('',(46.9,32.9,18.6));
#7495 = VECTOR('',#7496,1.);
#7496 = DIRECTION('',(0.,0.,1.));
#7497 = ORIENTED_EDGE('',*,*,#3630,.F.);
#7498 = PLANE('',#7499);
#7499 = AXIS2_PLACEMENT_3D('',#7500,#7501,#7502);
#7500 = CARTESIAN_POINT('',(46.9,28.9,18.6));
#7501 = DIRECTION('',(1.,0.,-0.));
#7502 = DIRECTION('',(0.,0.,1.));
#7503 = ADVANCED_FACE('',(#7504),#7515,.T.);
#7504 = FACE_BOUND('',#7505,.T.);
#7505 = EDGE_LOOP('',(#7506,#7507,#7508,#7514));
#7506 = ORIENTED_EDGE('',*,*,#7475,.F.);
#7507 = ORIENTED_EDGE('',*,*,#5601,.T.);
#7508 = ORIENTED_EDGE('',*,*,#7509,.T.);
#7509 = EDGE_CURVE('',#5602,#3615,#7510,.T.);
#7510 = LINE('',#7511,#7512);
#7511 = CARTESIAN_POINT('',(41.9,32.9,18.6));
#7512 = VECTOR('',#7513,1.);
#7513 = DIRECTION('',(0.,0.,1.));
#7514 = ORIENTED_EDGE('',*,*,#3614,.F.);
#7515 = PLANE('',#7516);
#7516 = AXIS2_PLACEMENT_3D('',#7517,#7518,#7519);
#7517 = CARTESIAN_POINT('',(41.9,28.9,18.6));
#7518 = DIRECTION('',(1.,0.,-0.));
#7519 = DIRECTION('',(0.,0.,1.));
#7520 = ADVANCED_FACE('',(#7521),#7527,.F.);
#7521 = FACE_BOUND('',#7522,.F.);
#7522 = EDGE_LOOP('',(#7523,#7524,#7525,#7526));
#7523 = ORIENTED_EDGE('',*,*,#7492,.F.);
#7524 = ORIENTED_EDGE('',*,*,#5609,.T.);
#7525 = ORIENTED_EDGE('',*,*,#7509,.T.);
#7526 = ORIENTED_EDGE('',*,*,#3622,.F.);
#7527 = PLANE('',#7528);
#7528 = AXIS2_PLACEMENT_3D('',#7529,#7530,#7531);
#7529 = CARTESIAN_POINT('',(41.9,32.9,18.6));
#7530 = DIRECTION('',(-0.,1.,0.));
#7531 = DIRECTION('',(0.,0.,1.));
#7532 = ADVANCED_FACE('',(#7533),#7544,.F.);
#7533 = FACE_BOUND('',#7534,.F.);
#7534 = EDGE_LOOP('',(#7535,#7536,#7542,#7543));
#7535 = ORIENTED_EDGE('',*,*,#3638,.F.);
#7536 = ORIENTED_EDGE('',*,*,#7537,.F.);
#7537 = EDGE_CURVE('',#5762,#3639,#7538,.T.);
#7538 = LINE('',#7539,#7540);
#7539 = CARTESIAN_POINT('',(87.6,15.4,18.6));
#7540 = VECTOR('',#7541,1.);
#7541 = DIRECTION('',(0.,0.,1.));
#7542 = ORIENTED_EDGE('',*,*,#5761,.T.);
#7543 = ORIENTED_EDGE('',*,*,#7537,.T.);
#7544 = CYLINDRICAL_SURFACE('',#7545,1.7);
#7545 = AXIS2_PLACEMENT_3D('',#7546,#7547,#7548);
#7546 = CARTESIAN_POINT('',(85.9,15.4,18.6));
#7547 = DIRECTION('',(0.,0.,1.));
#7548 = DIRECTION('',(1.,0.,-0.));
#7549 = ADVANCED_FACE('',(#7550),#7566,.T.);
#7550 = FACE_BOUND('',#7551,.T.);
#7551 = EDGE_LOOP('',(#7552,#7558,#7559,#7565));
#7552 = ORIENTED_EDGE('',*,*,#7553,.F.);
#7553 = EDGE_CURVE('',#5694,#3650,#7554,.T.);
#7554 = LINE('',#7555,#7556);
#7555 = CARTESIAN_POINT('',(55.9,20.9,18.6));
#7556 = VECTOR('',#7557,1.);
#7557 = DIRECTION('',(0.,0.,1.));
#7558 = ORIENTED_EDGE('',*,*,#5693,.T.);
#7559 = ORIENTED_EDGE('',*,*,#7560,.T.);
#7560 = EDGE_CURVE('',#5696,#3652,#7561,.T.);
#7561 = LINE('',#7562,#7563);
#7562 = CARTESIAN_POINT('',(50.9,20.9,18.6));
#7563 = VECTOR('',#7564,1.);
#7564 = DIRECTION('',(0.,0.,1.));
#7565 = ORIENTED_EDGE('',*,*,#3649,.F.);
#7566 = PLANE('',#7567);
#7567 = AXIS2_PLACEMENT_3D('',#7568,#7569,#7570);
#7568 = CARTESIAN_POINT('',(50.9,20.9,18.6));
#7569 = DIRECTION('',(-0.,1.,0.));
#7570 = DIRECTION('',(0.,0.,1.));
#7571 = ADVANCED_FACE('',(#7572),#7583,.F.);
#7572 = FACE_BOUND('',#7573,.F.);
#7573 = EDGE_LOOP('',(#7574,#7575,#7576,#7582));
#7574 = ORIENTED_EDGE('',*,*,#7553,.F.);
#7575 = ORIENTED_EDGE('',*,*,#5719,.T.);
#7576 = ORIENTED_EDGE('',*,*,#7577,.T.);
#7577 = EDGE_CURVE('',#5712,#3668,#7578,.T.);
#7578 = LINE('',#7579,#7580);
#7579 = CARTESIAN_POINT('',(55.9,24.9,18.6));
#7580 = VECTOR('',#7581,1.);
#7581 = DIRECTION('',(0.,0.,1.));
#7582 = ORIENTED_EDGE('',*,*,#3675,.F.);
#7583 = PLANE('',#7584);
#7584 = AXIS2_PLACEMENT_3D('',#7585,#7586,#7587);
#7585 = CARTESIAN_POINT('',(55.9,20.9,18.6));
#7586 = DIRECTION('',(1.,0.,-0.));
#7587 = DIRECTION('',(0.,0.,1.));
#7588 = ADVANCED_FACE('',(#7589),#7600,.T.);
#7589 = FACE_BOUND('',#7590,.T.);
#7590 = EDGE_LOOP('',(#7591,#7592,#7593,#7599));
#7591 = ORIENTED_EDGE('',*,*,#7560,.F.);
#7592 = ORIENTED_EDGE('',*,*,#5703,.T.);
#7593 = ORIENTED_EDGE('',*,*,#7594,.T.);
#7594 = EDGE_CURVE('',#5704,#3660,#7595,.T.);
#7595 = LINE('',#7596,#7597);
#7596 = CARTESIAN_POINT('',(50.9,24.9,18.6));
#7597 = VECTOR('',#7598,1.);
#7598 = DIRECTION('',(0.,0.,1.));
#7599 = ORIENTED_EDGE('',*,*,#3659,.F.);
#7600 = PLANE('',#7601);
#7601 = AXIS2_PLACEMENT_3D('',#7602,#7603,#7604);
#7602 = CARTESIAN_POINT('',(50.9,20.9,18.6));
#7603 = DIRECTION('',(1.,0.,-0.));
#7604 = DIRECTION('',(0.,0.,1.));
#7605 = ADVANCED_FACE('',(#7606),#7612,.F.);
#7606 = FACE_BOUND('',#7607,.F.);
#7607 = EDGE_LOOP('',(#7608,#7609,#7610,#7611));
#7608 = ORIENTED_EDGE('',*,*,#7577,.F.);
#7609 = ORIENTED_EDGE('',*,*,#5711,.T.);
#7610 = ORIENTED_EDGE('',*,*,#7594,.T.);
#7611 = ORIENTED_EDGE('',*,*,#3667,.F.);
#7612 = PLANE('',#7613);
#7613 = AXIS2_PLACEMENT_3D('',#7614,#7615,#7616);
#7614 = CARTESIAN_POINT('',(50.9,24.9,18.6));
#7615 = DIRECTION('',(-0.,1.,0.));
#7616 = DIRECTION('',(0.,0.,1.));
#7617 = ADVANCED_FACE('',(#7618),#7629,.F.);
#7618 = FACE_BOUND('',#7619,.F.);
#7619 = EDGE_LOOP('',(#7620,#7621,#7627,#7628));
#7620 = ORIENTED_EDGE('',*,*,#3683,.F.);
#7621 = ORIENTED_EDGE('',*,*,#7622,.F.);
#7622 = EDGE_CURVE('',#5581,#3684,#7623,.T.);
#7623 = LINE('',#7624,#7625);
#7624 = CARTESIAN_POINT('',(50.2,27.,18.6));
#7625 = VECTOR('',#7626,1.);
#7626 = DIRECTION('',(0.,0.,1.));
#7627 = ORIENTED_EDGE('',*,*,#5580,.T.);
#7628 = ORIENTED_EDGE('',*,*,#7622,.T.);
#7629 = CYLINDRICAL_SURFACE('',#7630,1.7);
#7630 = AXIS2_PLACEMENT_3D('',#7631,#7632,#7633);
#7631 = CARTESIAN_POINT('',(48.5,27.,18.6));
#7632 = DIRECTION('',(0.,0.,1.));
#7633 = DIRECTION('',(1.,0.,-0.));
#7634 = ADVANCED_FACE('',(#7635),#7651,.T.);
#7635 = FACE_BOUND('',#7636,.T.);
#7636 = EDGE_LOOP('',(#7637,#7643,#7644,#7650));
#7637 = ORIENTED_EDGE('',*,*,#7638,.F.);
#7638 = EDGE_CURVE('',#5728,#3695,#7639,.T.);
#7639 = LINE('',#7640,#7641);
#7640 = CARTESIAN_POINT('',(64.9,20.9,18.6));
#7641 = VECTOR('',#7642,1.);
#7642 = DIRECTION('',(0.,0.,1.));
#7643 = ORIENTED_EDGE('',*,*,#5727,.T.);
#7644 = ORIENTED_EDGE('',*,*,#7645,.T.);
#7645 = EDGE_CURVE('',#5730,#3697,#7646,.T.);
#7646 = LINE('',#7647,#7648);
#7647 = CARTESIAN_POINT('',(59.9,20.9,18.6));
#7648 = VECTOR('',#7649,1.);
#7649 = DIRECTION('',(0.,0.,1.));
#7650 = ORIENTED_EDGE('',*,*,#3694,.F.);
#7651 = PLANE('',#7652);
#7652 = AXIS2_PLACEMENT_3D('',#7653,#7654,#7655);
#7653 = CARTESIAN_POINT('',(59.9,20.9,18.6));
#7654 = DIRECTION('',(-0.,1.,0.));
#7655 = DIRECTION('',(0.,0.,1.));
#7656 = ADVANCED_FACE('',(#7657),#7668,.F.);
#7657 = FACE_BOUND('',#7658,.F.);
#7658 = EDGE_LOOP('',(#7659,#7660,#7661,#7667));
#7659 = ORIENTED_EDGE('',*,*,#7638,.F.);
#7660 = ORIENTED_EDGE('',*,*,#5753,.T.);
#7661 = ORIENTED_EDGE('',*,*,#7662,.T.);
#7662 = EDGE_CURVE('',#5746,#3713,#7663,.T.);
#7663 = LINE('',#7664,#7665);
#7664 = CARTESIAN_POINT('',(64.9,24.9,18.6));
#7665 = VECTOR('',#7666,1.);
#7666 = DIRECTION('',(0.,0.,1.));
#7667 = ORIENTED_EDGE('',*,*,#3720,.F.);
#7668 = PLANE('',#7669);
#7669 = AXIS2_PLACEMENT_3D('',#7670,#7671,#7672);
#7670 = CARTESIAN_POINT('',(64.9,20.9,18.6));
#7671 = DIRECTION('',(1.,0.,-0.));
#7672 = DIRECTION('',(0.,0.,1.));
#7673 = ADVANCED_FACE('',(#7674),#7685,.T.);
#7674 = FACE_BOUND('',#7675,.T.);
#7675 = EDGE_LOOP('',(#7676,#7677,#7678,#7684));
#7676 = ORIENTED_EDGE('',*,*,#7645,.F.);
#7677 = ORIENTED_EDGE('',*,*,#5737,.T.);
#7678 = ORIENTED_EDGE('',*,*,#7679,.T.);
#7679 = EDGE_CURVE('',#5738,#3705,#7680,.T.);
#7680 = LINE('',#7681,#7682);
#7681 = CARTESIAN_POINT('',(59.9,24.9,18.6));
#7682 = VECTOR('',#7683,1.);
#7683 = DIRECTION('',(0.,0.,1.));
#7684 = ORIENTED_EDGE('',*,*,#3704,.F.);
#7685 = PLANE('',#7686);
#7686 = AXIS2_PLACEMENT_3D('',#7687,#7688,#7689);
#7687 = CARTESIAN_POINT('',(59.9,20.9,18.6));
#7688 = DIRECTION('',(1.,0.,-0.));
#7689 = DIRECTION('',(0.,0.,1.));
#7690 = ADVANCED_FACE('',(#7691),#7697,.F.);
#7691 = FACE_BOUND('',#7692,.F.);
#7692 = EDGE_LOOP('',(#7693,#7694,#7695,#7696));
#7693 = ORIENTED_EDGE('',*,*,#7662,.F.);
#7694 = ORIENTED_EDGE('',*,*,#5745,.T.);
#7695 = ORIENTED_EDGE('',*,*,#7679,.T.);
#7696 = ORIENTED_EDGE('',*,*,#3712,.F.);
#7697 = PLANE('',#7698);
#7698 = AXIS2_PLACEMENT_3D('',#7699,#7700,#7701);
#7699 = CARTESIAN_POINT('',(59.9,24.9,18.6));
#7700 = DIRECTION('',(-0.,1.,0.));
#7701 = DIRECTION('',(0.,0.,1.));
#7702 = ADVANCED_FACE('',(#7703),#7719,.T.);
#7703 = FACE_BOUND('',#7704,.T.);
#7704 = EDGE_LOOP('',(#7705,#7711,#7712,#7718));
#7705 = ORIENTED_EDGE('',*,*,#7706,.F.);
#7706 = EDGE_CURVE('',#5841,#3729,#7707,.T.);
#7707 = LINE('',#7708,#7709);
#7708 = CARTESIAN_POINT('',(55.9,28.9,18.6));
#7709 = VECTOR('',#7710,1.);
#7710 = DIRECTION('',(0.,0.,1.));
#7711 = ORIENTED_EDGE('',*,*,#5840,.T.);
#7712 = ORIENTED_EDGE('',*,*,#7713,.T.);
#7713 = EDGE_CURVE('',#5843,#3731,#7714,.T.);
#7714 = LINE('',#7715,#7716);
#7715 = CARTESIAN_POINT('',(50.9,28.9,18.6));
#7716 = VECTOR('',#7717,1.);
#7717 = DIRECTION('',(0.,0.,1.));
#7718 = ORIENTED_EDGE('',*,*,#3728,.F.);
#7719 = PLANE('',#7720);
#7720 = AXIS2_PLACEMENT_3D('',#7721,#7722,#7723);
#7721 = CARTESIAN_POINT('',(50.9,28.9,18.6));
#7722 = DIRECTION('',(-0.,1.,0.));
#7723 = DIRECTION('',(0.,0.,1.));
#7724 = ADVANCED_FACE('',(#7725),#7736,.F.);
#7725 = FACE_BOUND('',#7726,.F.);
#7726 = EDGE_LOOP('',(#7727,#7728,#7729,#7735));
#7727 = ORIENTED_EDGE('',*,*,#7706,.F.);
#7728 = ORIENTED_EDGE('',*,*,#5866,.T.);
#7729 = ORIENTED_EDGE('',*,*,#7730,.T.);
#7730 = EDGE_CURVE('',#5859,#3747,#7731,.T.);
#7731 = LINE('',#7732,#7733);
#7732 = CARTESIAN_POINT('',(55.9,32.9,18.6));
#7733 = VECTOR('',#7734,1.);
#7734 = DIRECTION('',(0.,0.,1.));
#7735 = ORIENTED_EDGE('',*,*,#3754,.F.);
#7736 = PLANE('',#7737);
#7737 = AXIS2_PLACEMENT_3D('',#7738,#7739,#7740);
#7738 = CARTESIAN_POINT('',(55.9,28.9,18.6));
#7739 = DIRECTION('',(1.,0.,-0.));
#7740 = DIRECTION('',(0.,0.,1.));
#7741 = ADVANCED_FACE('',(#7742),#7753,.T.);
#7742 = FACE_BOUND('',#7743,.T.);
#7743 = EDGE_LOOP('',(#7744,#7745,#7746,#7752));
#7744 = ORIENTED_EDGE('',*,*,#7713,.F.);
#7745 = ORIENTED_EDGE('',*,*,#5850,.T.);
#7746 = ORIENTED_EDGE('',*,*,#7747,.T.);
#7747 = EDGE_CURVE('',#5851,#3739,#7748,.T.);
#7748 = LINE('',#7749,#7750);
#7749 = CARTESIAN_POINT('',(50.9,32.9,18.6));
#7750 = VECTOR('',#7751,1.);
#7751 = DIRECTION('',(0.,0.,1.));
#7752 = ORIENTED_EDGE('',*,*,#3738,.F.);
#7753 = PLANE('',#7754);
#7754 = AXIS2_PLACEMENT_3D('',#7755,#7756,#7757);
#7755 = CARTESIAN_POINT('',(50.9,28.9,18.6));
#7756 = DIRECTION('',(1.,0.,-0.));
#7757 = DIRECTION('',(0.,0.,1.));
#7758 = ADVANCED_FACE('',(#7759),#7765,.F.);
#7759 = FACE_BOUND('',#7760,.F.);
#7760 = EDGE_LOOP('',(#7761,#7762,#7763,#7764));
#7761 = ORIENTED_EDGE('',*,*,#7730,.F.);
#7762 = ORIENTED_EDGE('',*,*,#5858,.T.);
#7763 = ORIENTED_EDGE('',*,*,#7747,.T.);
#7764 = ORIENTED_EDGE('',*,*,#3746,.F.);
#7765 = PLANE('',#7766);
#7766 = AXIS2_PLACEMENT_3D('',#7767,#7768,#7769);
#7767 = CARTESIAN_POINT('',(50.9,32.9,18.6));
#7768 = DIRECTION('',(-0.,1.,0.));
#7769 = DIRECTION('',(0.,0.,1.));
#7770 = ADVANCED_FACE('',(#7771),#7787,.T.);
#7771 = FACE_BOUND('',#7772,.T.);
#7772 = EDGE_LOOP('',(#7773,#7779,#7780,#7786));
#7773 = ORIENTED_EDGE('',*,*,#7774,.F.);
#7774 = EDGE_CURVE('',#5875,#3763,#7775,.T.);
#7775 = LINE('',#7776,#7777);
#7776 = CARTESIAN_POINT('',(64.9,28.9,18.6));
#7777 = VECTOR('',#7778,1.);
#7778 = DIRECTION('',(0.,0.,1.));
#7779 = ORIENTED_EDGE('',*,*,#5874,.T.);
#7780 = ORIENTED_EDGE('',*,*,#7781,.T.);
#7781 = EDGE_CURVE('',#5877,#3765,#7782,.T.);
#7782 = LINE('',#7783,#7784);
#7783 = CARTESIAN_POINT('',(59.9,28.9,18.6));
#7784 = VECTOR('',#7785,1.);
#7785 = DIRECTION('',(0.,0.,1.));
#7786 = ORIENTED_EDGE('',*,*,#3762,.F.);
#7787 = PLANE('',#7788);
#7788 = AXIS2_PLACEMENT_3D('',#7789,#7790,#7791);
#7789 = CARTESIAN_POINT('',(59.9,28.9,18.6));
#7790 = DIRECTION('',(-0.,1.,0.));
#7791 = DIRECTION('',(0.,0.,1.));
#7792 = ADVANCED_FACE('',(#7793),#7804,.F.);
#7793 = FACE_BOUND('',#7794,.F.);
#7794 = EDGE_LOOP('',(#7795,#7796,#7797,#7803));
#7795 = ORIENTED_EDGE('',*,*,#7774,.F.);
#7796 = ORIENTED_EDGE('',*,*,#5900,.T.);
#7797 = ORIENTED_EDGE('',*,*,#7798,.T.);
#7798 = EDGE_CURVE('',#5893,#3781,#7799,.T.);
#7799 = LINE('',#7800,#7801);
#7800 = CARTESIAN_POINT('',(64.9,32.9,18.6));
#7801 = VECTOR('',#7802,1.);
#7802 = DIRECTION('',(0.,0.,1.));
#7803 = ORIENTED_EDGE('',*,*,#3788,.F.);
#7804 = PLANE('',#7805);
#7805 = AXIS2_PLACEMENT_3D('',#7806,#7807,#7808);
#7806 = CARTESIAN_POINT('',(64.9,28.9,18.6));
#7807 = DIRECTION('',(1.,0.,-0.));
#7808 = DIRECTION('',(0.,0.,1.));
#7809 = ADVANCED_FACE('',(#7810),#7821,.T.);
#7810 = FACE_BOUND('',#7811,.T.);
#7811 = EDGE_LOOP('',(#7812,#7813,#7814,#7820));
#7812 = ORIENTED_EDGE('',*,*,#7781,.F.);
#7813 = ORIENTED_EDGE('',*,*,#5884,.T.);
#7814 = ORIENTED_EDGE('',*,*,#7815,.T.);
#7815 = EDGE_CURVE('',#5885,#3773,#7816,.T.);
#7816 = LINE('',#7817,#7818);
#7817 = CARTESIAN_POINT('',(59.9,32.9,18.6));
#7818 = VECTOR('',#7819,1.);
#7819 = DIRECTION('',(0.,0.,1.));
#7820 = ORIENTED_EDGE('',*,*,#3772,.F.);
#7821 = PLANE('',#7822);
#7822 = AXIS2_PLACEMENT_3D('',#7823,#7824,#7825);
#7823 = CARTESIAN_POINT('',(59.9,28.9,18.6));
#7824 = DIRECTION('',(1.,0.,-0.));
#7825 = DIRECTION('',(0.,0.,1.));
#7826 = ADVANCED_FACE('',(#7827),#7833,.F.);
#7827 = FACE_BOUND('',#7828,.F.);
#7828 = EDGE_LOOP('',(#7829,#7830,#7831,#7832));
#7829 = ORIENTED_EDGE('',*,*,#7798,.F.);
#7830 = ORIENTED_EDGE('',*,*,#5892,.T.);
#7831 = ORIENTED_EDGE('',*,*,#7815,.T.);
#7832 = ORIENTED_EDGE('',*,*,#3780,.F.);
#7833 = PLANE('',#7834);
#7834 = AXIS2_PLACEMENT_3D('',#7835,#7836,#7837);
#7835 = CARTESIAN_POINT('',(59.9,32.9,18.6));
#7836 = DIRECTION('',(-0.,1.,0.));
#7837 = DIRECTION('',(0.,0.,1.));
#7838 = ADVANCED_FACE('',(#7839),#7855,.T.);
#7839 = FACE_BOUND('',#7840,.T.);
#7840 = EDGE_LOOP('',(#7841,#7847,#7848,#7854));
#7841 = ORIENTED_EDGE('',*,*,#7842,.F.);
#7842 = EDGE_CURVE('',#5773,#3797,#7843,.T.);
#7843 = LINE('',#7844,#7845);
#7844 = CARTESIAN_POINT('',(73.9,20.9,18.6));
#7845 = VECTOR('',#7846,1.);
#7846 = DIRECTION('',(0.,0.,1.));
#7847 = ORIENTED_EDGE('',*,*,#5772,.T.);
#7848 = ORIENTED_EDGE('',*,*,#7849,.T.);
#7849 = EDGE_CURVE('',#5775,#3799,#7850,.T.);
#7850 = LINE('',#7851,#7852);
#7851 = CARTESIAN_POINT('',(68.9,20.9,18.6));
#7852 = VECTOR('',#7853,1.);
#7853 = DIRECTION('',(0.,0.,1.));
#7854 = ORIENTED_EDGE('',*,*,#3796,.F.);
#7855 = PLANE('',#7856);
#7856 = AXIS2_PLACEMENT_3D('',#7857,#7858,#7859);
#7857 = CARTESIAN_POINT('',(68.9,20.9,18.6));
#7858 = DIRECTION('',(-0.,1.,0.));
#7859 = DIRECTION('',(0.,0.,1.));
#7860 = ADVANCED_FACE('',(#7861),#7872,.F.);
#7861 = FACE_BOUND('',#7862,.F.);
#7862 = EDGE_LOOP('',(#7863,#7864,#7865,#7871));
#7863 = ORIENTED_EDGE('',*,*,#7842,.F.);
#7864 = ORIENTED_EDGE('',*,*,#5798,.T.);
#7865 = ORIENTED_EDGE('',*,*,#7866,.T.);
#7866 = EDGE_CURVE('',#5791,#3815,#7867,.T.);
#7867 = LINE('',#7868,#7869);
#7868 = CARTESIAN_POINT('',(73.9,24.9,18.6));
#7869 = VECTOR('',#7870,1.);
#7870 = DIRECTION('',(0.,0.,1.));
#7871 = ORIENTED_EDGE('',*,*,#3822,.F.);
#7872 = PLANE('',#7873);
#7873 = AXIS2_PLACEMENT_3D('',#7874,#7875,#7876);
#7874 = CARTESIAN_POINT('',(73.9,20.9,18.6));
#7875 = DIRECTION('',(1.,0.,-0.));
#7876 = DIRECTION('',(0.,0.,1.));
#7877 = ADVANCED_FACE('',(#7878),#7889,.T.);
#7878 = FACE_BOUND('',#7879,.T.);
#7879 = EDGE_LOOP('',(#7880,#7881,#7882,#7888));
#7880 = ORIENTED_EDGE('',*,*,#7849,.F.);
#7881 = ORIENTED_EDGE('',*,*,#5782,.T.);
#7882 = ORIENTED_EDGE('',*,*,#7883,.T.);
#7883 = EDGE_CURVE('',#5783,#3807,#7884,.T.);
#7884 = LINE('',#7885,#7886);
#7885 = CARTESIAN_POINT('',(68.9,24.9,18.6));
#7886 = VECTOR('',#7887,1.);
#7887 = DIRECTION('',(0.,0.,1.));
#7888 = ORIENTED_EDGE('',*,*,#3806,.F.);
#7889 = PLANE('',#7890);
#7890 = AXIS2_PLACEMENT_3D('',#7891,#7892,#7893);
#7891 = CARTESIAN_POINT('',(68.9,20.9,18.6));
#7892 = DIRECTION('',(1.,0.,-0.));
#7893 = DIRECTION('',(0.,0.,1.));
#7894 = ADVANCED_FACE('',(#7895),#7901,.F.);
#7895 = FACE_BOUND('',#7896,.F.);
#7896 = EDGE_LOOP('',(#7897,#7898,#7899,#7900));
#7897 = ORIENTED_EDGE('',*,*,#7866,.F.);
#7898 = ORIENTED_EDGE('',*,*,#5790,.T.);
#7899 = ORIENTED_EDGE('',*,*,#7883,.T.);
#7900 = ORIENTED_EDGE('',*,*,#3814,.F.);
#7901 = PLANE('',#7902);
#7902 = AXIS2_PLACEMENT_3D('',#7903,#7904,#7905);
#7903 = CARTESIAN_POINT('',(68.9,24.9,18.6));
#7904 = DIRECTION('',(-0.,1.,0.));
#7905 = DIRECTION('',(0.,0.,1.));
#7906 = ADVANCED_FACE('',(#7907),#7923,.T.);
#7907 = FACE_BOUND('',#7908,.T.);
#7908 = EDGE_LOOP('',(#7909,#7915,#7916,#7922));
#7909 = ORIENTED_EDGE('',*,*,#7910,.F.);
#7910 = EDGE_CURVE('',#5807,#3831,#7911,.T.);
#7911 = LINE('',#7912,#7913);
#7912 = CARTESIAN_POINT('',(82.9,20.9,18.6));
#7913 = VECTOR('',#7914,1.);
#7914 = DIRECTION('',(0.,0.,1.));
#7915 = ORIENTED_EDGE('',*,*,#5806,.T.);
#7916 = ORIENTED_EDGE('',*,*,#7917,.T.);
#7917 = EDGE_CURVE('',#5809,#3833,#7918,.T.);
#7918 = LINE('',#7919,#7920);
#7919 = CARTESIAN_POINT('',(77.9,20.9,18.6));
#7920 = VECTOR('',#7921,1.);
#7921 = DIRECTION('',(0.,0.,1.));
#7922 = ORIENTED_EDGE('',*,*,#3830,.F.);
#7923 = PLANE('',#7924);
#7924 = AXIS2_PLACEMENT_3D('',#7925,#7926,#7927);
#7925 = CARTESIAN_POINT('',(77.9,20.9,18.6));
#7926 = DIRECTION('',(-0.,1.,0.));
#7927 = DIRECTION('',(0.,0.,1.));
#7928 = ADVANCED_FACE('',(#7929),#7940,.F.);
#7929 = FACE_BOUND('',#7930,.F.);
#7930 = EDGE_LOOP('',(#7931,#7932,#7933,#7939));
#7931 = ORIENTED_EDGE('',*,*,#7910,.F.);
#7932 = ORIENTED_EDGE('',*,*,#5832,.T.);
#7933 = ORIENTED_EDGE('',*,*,#7934,.T.);
#7934 = EDGE_CURVE('',#5825,#3849,#7935,.T.);
#7935 = LINE('',#7936,#7937);
#7936 = CARTESIAN_POINT('',(82.9,24.9,18.6));
#7937 = VECTOR('',#7938,1.);
#7938 = DIRECTION('',(0.,0.,1.));
#7939 = ORIENTED_EDGE('',*,*,#3856,.F.);
#7940 = PLANE('',#7941);
#7941 = AXIS2_PLACEMENT_3D('',#7942,#7943,#7944);
#7942 = CARTESIAN_POINT('',(82.9,20.9,18.6));
#7943 = DIRECTION('',(1.,0.,-0.));
#7944 = DIRECTION('',(0.,0.,1.));
#7945 = ADVANCED_FACE('',(#7946),#7957,.T.);
#7946 = FACE_BOUND('',#7947,.T.);
#7947 = EDGE_LOOP('',(#7948,#7949,#7950,#7956));
#7948 = ORIENTED_EDGE('',*,*,#7917,.F.);
#7949 = ORIENTED_EDGE('',*,*,#5816,.T.);
#7950 = ORIENTED_EDGE('',*,*,#7951,.T.);
#7951 = EDGE_CURVE('',#5817,#3841,#7952,.T.);
#7952 = LINE('',#7953,#7954);
#7953 = CARTESIAN_POINT('',(77.9,24.9,18.6));
#7954 = VECTOR('',#7955,1.);
#7955 = DIRECTION('',(0.,0.,1.));
#7956 = ORIENTED_EDGE('',*,*,#3840,.F.);
#7957 = PLANE('',#7958);
#7958 = AXIS2_PLACEMENT_3D('',#7959,#7960,#7961);
#7959 = CARTESIAN_POINT('',(77.9,20.9,18.6));
#7960 = DIRECTION('',(1.,0.,-0.));
#7961 = DIRECTION('',(0.,0.,1.));
#7962 = ADVANCED_FACE('',(#7963),#7969,.F.);
#7963 = FACE_BOUND('',#7964,.F.);
#7964 = EDGE_LOOP('',(#7965,#7966,#7967,#7968));
#7965 = ORIENTED_EDGE('',*,*,#7934,.F.);
#7966 = ORIENTED_EDGE('',*,*,#5824,.T.);
#7967 = ORIENTED_EDGE('',*,*,#7951,.T.);
#7968 = ORIENTED_EDGE('',*,*,#3848,.F.);
#7969 = PLANE('',#7970);
#7970 = AXIS2_PLACEMENT_3D('',#7971,#7972,#7973);
#7971 = CARTESIAN_POINT('',(77.9,24.9,18.6));
#7972 = DIRECTION('',(-0.,1.,0.));
#7973 = DIRECTION('',(0.,0.,1.));
#7974 = ADVANCED_FACE('',(#7975),#7991,.T.);
#7975 = FACE_BOUND('',#7976,.T.);
#7976 = EDGE_LOOP('',(#7977,#7983,#7984,#7990));
#7977 = ORIENTED_EDGE('',*,*,#7978,.F.);
#7978 = EDGE_CURVE('',#5977,#3865,#7979,.T.);
#7979 = LINE('',#7980,#7981);
#7980 = CARTESIAN_POINT('',(73.9,28.9,18.6));
#7981 = VECTOR('',#7982,1.);
#7982 = DIRECTION('',(0.,0.,1.));
#7983 = ORIENTED_EDGE('',*,*,#5976,.T.);
#7984 = ORIENTED_EDGE('',*,*,#7985,.T.);
#7985 = EDGE_CURVE('',#5979,#3867,#7986,.T.);
#7986 = LINE('',#7987,#7988);
#7987 = CARTESIAN_POINT('',(68.9,28.9,18.6));
#7988 = VECTOR('',#7989,1.);
#7989 = DIRECTION('',(0.,0.,1.));
#7990 = ORIENTED_EDGE('',*,*,#3864,.F.);
#7991 = PLANE('',#7992);
#7992 = AXIS2_PLACEMENT_3D('',#7993,#7994,#7995);
#7993 = CARTESIAN_POINT('',(68.9,28.9,18.6));
#7994 = DIRECTION('',(-0.,1.,0.));
#7995 = DIRECTION('',(0.,0.,1.));
#7996 = ADVANCED_FACE('',(#7997),#8008,.F.);
#7997 = FACE_BOUND('',#7998,.F.);
#7998 = EDGE_LOOP('',(#7999,#8000,#8001,#8007));
#7999 = ORIENTED_EDGE('',*,*,#7978,.F.);
#8000 = ORIENTED_EDGE('',*,*,#6002,.T.);
#8001 = ORIENTED_EDGE('',*,*,#8002,.T.);
#8002 = EDGE_CURVE('',#5995,#3883,#8003,.T.);
#8003 = LINE('',#8004,#8005);
#8004 = CARTESIAN_POINT('',(73.9,32.9,18.6));
#8005 = VECTOR('',#8006,1.);
#8006 = DIRECTION('',(0.,0.,1.));
#8007 = ORIENTED_EDGE('',*,*,#3890,.F.);
#8008 = PLANE('',#8009);
#8009 = AXIS2_PLACEMENT_3D('',#8010,#8011,#8012);
#8010 = CARTESIAN_POINT('',(73.9,28.9,18.6));
#8011 = DIRECTION('',(1.,0.,-0.));
#8012 = DIRECTION('',(0.,0.,1.));
#8013 = ADVANCED_FACE('',(#8014),#8025,.T.);
#8014 = FACE_BOUND('',#8015,.T.);
#8015 = EDGE_LOOP('',(#8016,#8017,#8018,#8024));
#8016 = ORIENTED_EDGE('',*,*,#7985,.F.);
#8017 = ORIENTED_EDGE('',*,*,#5986,.T.);
#8018 = ORIENTED_EDGE('',*,*,#8019,.T.);
#8019 = EDGE_CURVE('',#5987,#3875,#8020,.T.);
#8020 = LINE('',#8021,#8022);
#8021 = CARTESIAN_POINT('',(68.9,32.9,18.6));
#8022 = VECTOR('',#8023,1.);
#8023 = DIRECTION('',(0.,0.,1.));
#8024 = ORIENTED_EDGE('',*,*,#3874,.F.);
#8025 = PLANE('',#8026);
#8026 = AXIS2_PLACEMENT_3D('',#8027,#8028,#8029);
#8027 = CARTESIAN_POINT('',(68.9,28.9,18.6));
#8028 = DIRECTION('',(1.,0.,-0.));
#8029 = DIRECTION('',(0.,0.,1.));
#8030 = ADVANCED_FACE('',(#8031),#8037,.F.);
#8031 = FACE_BOUND('',#8032,.F.);
#8032 = EDGE_LOOP('',(#8033,#8034,#8035,#8036));
#8033 = ORIENTED_EDGE('',*,*,#8002,.F.);
#8034 = ORIENTED_EDGE('',*,*,#5994,.T.);
#8035 = ORIENTED_EDGE('',*,*,#8019,.T.);
#8036 = ORIENTED_EDGE('',*,*,#3882,.F.);
#8037 = PLANE('',#8038);
#8038 = AXIS2_PLACEMENT_3D('',#8039,#8040,#8041);
#8039 = CARTESIAN_POINT('',(68.9,32.9,18.6));
#8040 = DIRECTION('',(-0.,1.,0.));
#8041 = DIRECTION('',(0.,0.,1.));
#8042 = ADVANCED_FACE('',(#8043),#8059,.T.);
#8043 = FACE_BOUND('',#8044,.T.);
#8044 = EDGE_LOOP('',(#8045,#8051,#8052,#8058));
#8045 = ORIENTED_EDGE('',*,*,#8046,.F.);
#8046 = EDGE_CURVE('',#6011,#3899,#8047,.T.);
#8047 = LINE('',#8048,#8049);
#8048 = CARTESIAN_POINT('',(82.9,28.9,18.6));
#8049 = VECTOR('',#8050,1.);
#8050 = DIRECTION('',(0.,0.,1.));
#8051 = ORIENTED_EDGE('',*,*,#6010,.T.);
#8052 = ORIENTED_EDGE('',*,*,#8053,.T.);
#8053 = EDGE_CURVE('',#6013,#3901,#8054,.T.);
#8054 = LINE('',#8055,#8056);
#8055 = CARTESIAN_POINT('',(77.9,28.9,18.6));
#8056 = VECTOR('',#8057,1.);
#8057 = DIRECTION('',(0.,0.,1.));
#8058 = ORIENTED_EDGE('',*,*,#3898,.F.);
#8059 = PLANE('',#8060);
#8060 = AXIS2_PLACEMENT_3D('',#8061,#8062,#8063);
#8061 = CARTESIAN_POINT('',(77.9,28.9,18.6));
#8062 = DIRECTION('',(-0.,1.,0.));
#8063 = DIRECTION('',(0.,0.,1.));
#8064 = ADVANCED_FACE('',(#8065),#8076,.F.);
#8065 = FACE_BOUND('',#8066,.F.);
#8066 = EDGE_LOOP('',(#8067,#8068,#8069,#8075));
#8067 = ORIENTED_EDGE('',*,*,#8046,.F.);
#8068 = ORIENTED_EDGE('',*,*,#6036,.T.);
#8069 = ORIENTED_EDGE('',*,*,#8070,.T.);
#8070 = EDGE_CURVE('',#6029,#3917,#8071,.T.);
#8071 = LINE('',#8072,#8073);
#8072 = CARTESIAN_POINT('',(82.9,32.9,18.6));
#8073 = VECTOR('',#8074,1.);
#8074 = DIRECTION('',(0.,0.,1.));
#8075 = ORIENTED_EDGE('',*,*,#3924,.F.);
#8076 = PLANE('',#8077);
#8077 = AXIS2_PLACEMENT_3D('',#8078,#8079,#8080);
#8078 = CARTESIAN_POINT('',(82.9,28.9,18.6));
#8079 = DIRECTION('',(1.,0.,-0.));
#8080 = DIRECTION('',(0.,0.,1.));
#8081 = ADVANCED_FACE('',(#8082),#8093,.T.);
#8082 = FACE_BOUND('',#8083,.T.);
#8083 = EDGE_LOOP('',(#8084,#8085,#8086,#8092));
#8084 = ORIENTED_EDGE('',*,*,#8053,.F.);
#8085 = ORIENTED_EDGE('',*,*,#6020,.T.);
#8086 = ORIENTED_EDGE('',*,*,#8087,.T.);
#8087 = EDGE_CURVE('',#6021,#3909,#8088,.T.);
#8088 = LINE('',#8089,#8090);
#8089 = CARTESIAN_POINT('',(77.9,32.9,18.6));
#8090 = VECTOR('',#8091,1.);
#8091 = DIRECTION('',(0.,0.,1.));
#8092 = ORIENTED_EDGE('',*,*,#3908,.F.);
#8093 = PLANE('',#8094);
#8094 = AXIS2_PLACEMENT_3D('',#8095,#8096,#8097);
#8095 = CARTESIAN_POINT('',(77.9,28.9,18.6));
#8096 = DIRECTION('',(1.,0.,-0.));
#8097 = DIRECTION('',(0.,0.,1.));
#8098 = ADVANCED_FACE('',(#8099),#8105,.F.);
#8099 = FACE_BOUND('',#8100,.F.);
#8100 = EDGE_LOOP('',(#8101,#8102,#8103,#8104));
#8101 = ORIENTED_EDGE('',*,*,#8070,.F.);
#8102 = ORIENTED_EDGE('',*,*,#6028,.T.);
#8103 = ORIENTED_EDGE('',*,*,#8087,.T.);
#8104 = ORIENTED_EDGE('',*,*,#3916,.F.);
#8105 = PLANE('',#8106);
#8106 = AXIS2_PLACEMENT_3D('',#8107,#8108,#8109);
#8107 = CARTESIAN_POINT('',(77.9,32.9,18.6));
#8108 = DIRECTION('',(-0.,1.,0.));
#8109 = DIRECTION('',(0.,0.,1.));
#8110 = ADVANCED_FACE('',(#8111),#8127,.T.);
#8111 = FACE_BOUND('',#8112,.T.);
#8112 = EDGE_LOOP('',(#8113,#8119,#8120,#8126));
#8113 = ORIENTED_EDGE('',*,*,#8114,.F.);
#8114 = EDGE_CURVE('',#5479,#3933,#8115,.T.);
#8115 = LINE('',#8116,#8117);
#8116 = CARTESIAN_POINT('',(19.9,36.9,18.6));
#8117 = VECTOR('',#8118,1.);
#8118 = DIRECTION('',(0.,0.,1.));
#8119 = ORIENTED_EDGE('',*,*,#5478,.T.);
#8120 = ORIENTED_EDGE('',*,*,#8121,.T.);
#8121 = EDGE_CURVE('',#5481,#3935,#8122,.T.);
#8122 = LINE('',#8123,#8124);
#8123 = CARTESIAN_POINT('',(14.9,36.9,18.6));
#8124 = VECTOR('',#8125,1.);
#8125 = DIRECTION('',(0.,0.,1.));
#8126 = ORIENTED_EDGE('',*,*,#3932,.F.);
#8127 = PLANE('',#8128);
#8128 = AXIS2_PLACEMENT_3D('',#8129,#8130,#8131);
#8129 = CARTESIAN_POINT('',(14.9,36.9,18.6));
#8130 = DIRECTION('',(-0.,1.,0.));
#8131 = DIRECTION('',(0.,0.,1.));
#8132 = ADVANCED_FACE('',(#8133),#8144,.F.);
#8133 = FACE_BOUND('',#8134,.F.);
#8134 = EDGE_LOOP('',(#8135,#8136,#8137,#8143));
#8135 = ORIENTED_EDGE('',*,*,#8114,.F.);
#8136 = ORIENTED_EDGE('',*,*,#5504,.T.);
#8137 = ORIENTED_EDGE('',*,*,#8138,.T.);
#8138 = EDGE_CURVE('',#5497,#3951,#8139,.T.);
#8139 = LINE('',#8140,#8141);
#8140 = CARTESIAN_POINT('',(19.9,40.9,18.6));
#8141 = VECTOR('',#8142,1.);
#8142 = DIRECTION('',(0.,0.,1.));
#8143 = ORIENTED_EDGE('',*,*,#3958,.F.);
#8144 = PLANE('',#8145);
#8145 = AXIS2_PLACEMENT_3D('',#8146,#8147,#8148);
#8146 = CARTESIAN_POINT('',(19.9,36.9,18.6));
#8147 = DIRECTION('',(1.,0.,-0.));
#8148 = DIRECTION('',(0.,0.,1.));
#8149 = ADVANCED_FACE('',(#8150),#8161,.T.);
#8150 = FACE_BOUND('',#8151,.T.);
#8151 = EDGE_LOOP('',(#8152,#8153,#8154,#8160));
#8152 = ORIENTED_EDGE('',*,*,#8121,.F.);
#8153 = ORIENTED_EDGE('',*,*,#5488,.T.);
#8154 = ORIENTED_EDGE('',*,*,#8155,.T.);
#8155 = EDGE_CURVE('',#5489,#3943,#8156,.T.);
#8156 = LINE('',#8157,#8158);
#8157 = CARTESIAN_POINT('',(14.9,40.9,18.6));
#8158 = VECTOR('',#8159,1.);
#8159 = DIRECTION('',(0.,0.,1.));
#8160 = ORIENTED_EDGE('',*,*,#3942,.F.);
#8161 = PLANE('',#8162);
#8162 = AXIS2_PLACEMENT_3D('',#8163,#8164,#8165);
#8163 = CARTESIAN_POINT('',(14.9,36.9,18.6));
#8164 = DIRECTION('',(1.,0.,-0.));
#8165 = DIRECTION('',(0.,0.,1.));
#8166 = ADVANCED_FACE('',(#8167),#8173,.F.);
#8167 = FACE_BOUND('',#8168,.F.);
#8168 = EDGE_LOOP('',(#8169,#8170,#8171,#8172));
#8169 = ORIENTED_EDGE('',*,*,#8138,.F.);
#8170 = ORIENTED_EDGE('',*,*,#5496,.T.);
#8171 = ORIENTED_EDGE('',*,*,#8155,.T.);
#8172 = ORIENTED_EDGE('',*,*,#3950,.F.);
#8173 = PLANE('',#8174);
#8174 = AXIS2_PLACEMENT_3D('',#8175,#8176,#8177);
#8175 = CARTESIAN_POINT('',(14.9,40.9,18.6));
#8176 = DIRECTION('',(-0.,1.,0.));
#8177 = DIRECTION('',(0.,0.,1.));
#8178 = ADVANCED_FACE('',(#8179),#8195,.T.);
#8179 = FACE_BOUND('',#8180,.T.);
#8180 = EDGE_LOOP('',(#8181,#8187,#8188,#8194));
#8181 = ORIENTED_EDGE('',*,*,#8182,.F.);
#8182 = EDGE_CURVE('',#6113,#3967,#8183,.T.);
#8183 = LINE('',#8184,#8185);
#8184 = CARTESIAN_POINT('',(19.9,44.9,18.6));
#8185 = VECTOR('',#8186,1.);
#8186 = DIRECTION('',(0.,0.,1.));
#8187 = ORIENTED_EDGE('',*,*,#6112,.T.);
#8188 = ORIENTED_EDGE('',*,*,#8189,.T.);
#8189 = EDGE_CURVE('',#6115,#3969,#8190,.T.);
#8190 = LINE('',#8191,#8192);
#8191 = CARTESIAN_POINT('',(14.9,44.9,18.6));
#8192 = VECTOR('',#8193,1.);
#8193 = DIRECTION('',(0.,0.,1.));
#8194 = ORIENTED_EDGE('',*,*,#3966,.F.);
#8195 = PLANE('',#8196);
#8196 = AXIS2_PLACEMENT_3D('',#8197,#8198,#8199);
#8197 = CARTESIAN_POINT('',(14.9,44.9,18.6));
#8198 = DIRECTION('',(-0.,1.,0.));
#8199 = DIRECTION('',(0.,0.,1.));
#8200 = ADVANCED_FACE('',(#8201),#8212,.F.);
#8201 = FACE_BOUND('',#8202,.F.);
#8202 = EDGE_LOOP('',(#8203,#8204,#8205,#8211));
#8203 = ORIENTED_EDGE('',*,*,#8182,.F.);
#8204 = ORIENTED_EDGE('',*,*,#6138,.T.);
#8205 = ORIENTED_EDGE('',*,*,#8206,.T.);
#8206 = EDGE_CURVE('',#6131,#3985,#8207,.T.);
#8207 = LINE('',#8208,#8209);
#8208 = CARTESIAN_POINT('',(19.9,48.9,18.6));
#8209 = VECTOR('',#8210,1.);
#8210 = DIRECTION('',(0.,0.,1.));
#8211 = ORIENTED_EDGE('',*,*,#3992,.F.);
#8212 = PLANE('',#8213);
#8213 = AXIS2_PLACEMENT_3D('',#8214,#8215,#8216);
#8214 = CARTESIAN_POINT('',(19.9,44.9,18.6));
#8215 = DIRECTION('',(1.,0.,-0.));
#8216 = DIRECTION('',(0.,0.,1.));
#8217 = ADVANCED_FACE('',(#8218),#8229,.T.);
#8218 = FACE_BOUND('',#8219,.T.);
#8219 = EDGE_LOOP('',(#8220,#8221,#8222,#8228));
#8220 = ORIENTED_EDGE('',*,*,#8189,.F.);
#8221 = ORIENTED_EDGE('',*,*,#6122,.T.);
#8222 = ORIENTED_EDGE('',*,*,#8223,.T.);
#8223 = EDGE_CURVE('',#6123,#3977,#8224,.T.);
#8224 = LINE('',#8225,#8226);
#8225 = CARTESIAN_POINT('',(14.9,48.9,18.6));
#8226 = VECTOR('',#8227,1.);
#8227 = DIRECTION('',(0.,0.,1.));
#8228 = ORIENTED_EDGE('',*,*,#3976,.F.);
#8229 = PLANE('',#8230);
#8230 = AXIS2_PLACEMENT_3D('',#8231,#8232,#8233);
#8231 = CARTESIAN_POINT('',(14.9,44.9,18.6));
#8232 = DIRECTION('',(1.,0.,-0.));
#8233 = DIRECTION('',(0.,0.,1.));
#8234 = ADVANCED_FACE('',(#8235),#8241,.F.);
#8235 = FACE_BOUND('',#8236,.F.);
#8236 = EDGE_LOOP('',(#8237,#8238,#8239,#8240));
#8237 = ORIENTED_EDGE('',*,*,#8206,.F.);
#8238 = ORIENTED_EDGE('',*,*,#6130,.T.);
#8239 = ORIENTED_EDGE('',*,*,#8223,.T.);
#8240 = ORIENTED_EDGE('',*,*,#3984,.F.);
#8241 = PLANE('',#8242);
#8242 = AXIS2_PLACEMENT_3D('',#8243,#8244,#8245);
#8243 = CARTESIAN_POINT('',(14.9,48.9,18.6));
#8244 = DIRECTION('',(-0.,1.,0.));
#8245 = DIRECTION('',(0.,0.,1.));
#8246 = ADVANCED_FACE('',(#8247),#8263,.T.);
#8247 = FACE_BOUND('',#8248,.T.);
#8248 = EDGE_LOOP('',(#8249,#8255,#8256,#8262));
#8249 = ORIENTED_EDGE('',*,*,#8250,.F.);
#8250 = EDGE_CURVE('',#5513,#4001,#8251,.T.);
#8251 = LINE('',#8252,#8253);
#8252 = CARTESIAN_POINT('',(28.9,36.9,18.6));
#8253 = VECTOR('',#8254,1.);
#8254 = DIRECTION('',(0.,0.,1.));
#8255 = ORIENTED_EDGE('',*,*,#5512,.T.);
#8256 = ORIENTED_EDGE('',*,*,#8257,.T.);
#8257 = EDGE_CURVE('',#5515,#4003,#8258,.T.);
#8258 = LINE('',#8259,#8260);
#8259 = CARTESIAN_POINT('',(23.9,36.9,18.6));
#8260 = VECTOR('',#8261,1.);
#8261 = DIRECTION('',(0.,0.,1.));
#8262 = ORIENTED_EDGE('',*,*,#4000,.F.);
#8263 = PLANE('',#8264);
#8264 = AXIS2_PLACEMENT_3D('',#8265,#8266,#8267);
#8265 = CARTESIAN_POINT('',(23.9,36.9,18.6));
#8266 = DIRECTION('',(-0.,1.,0.));
#8267 = DIRECTION('',(0.,0.,1.));
#8268 = ADVANCED_FACE('',(#8269),#8280,.F.);
#8269 = FACE_BOUND('',#8270,.F.);
#8270 = EDGE_LOOP('',(#8271,#8272,#8273,#8279));
#8271 = ORIENTED_EDGE('',*,*,#8250,.F.);
#8272 = ORIENTED_EDGE('',*,*,#5538,.T.);
#8273 = ORIENTED_EDGE('',*,*,#8274,.T.);
#8274 = EDGE_CURVE('',#5531,#4019,#8275,.T.);
#8275 = LINE('',#8276,#8277);
#8276 = CARTESIAN_POINT('',(28.9,40.9,18.6));
#8277 = VECTOR('',#8278,1.);
#8278 = DIRECTION('',(0.,0.,1.));
#8279 = ORIENTED_EDGE('',*,*,#4026,.F.);
#8280 = PLANE('',#8281);
#8281 = AXIS2_PLACEMENT_3D('',#8282,#8283,#8284);
#8282 = CARTESIAN_POINT('',(28.9,36.9,18.6));
#8283 = DIRECTION('',(1.,0.,-0.));
#8284 = DIRECTION('',(0.,0.,1.));
#8285 = ADVANCED_FACE('',(#8286),#8297,.T.);
#8286 = FACE_BOUND('',#8287,.T.);
#8287 = EDGE_LOOP('',(#8288,#8289,#8290,#8296));
#8288 = ORIENTED_EDGE('',*,*,#8257,.F.);
#8289 = ORIENTED_EDGE('',*,*,#5522,.T.);
#8290 = ORIENTED_EDGE('',*,*,#8291,.T.);
#8291 = EDGE_CURVE('',#5523,#4011,#8292,.T.);
#8292 = LINE('',#8293,#8294);
#8293 = CARTESIAN_POINT('',(23.9,40.9,18.6));
#8294 = VECTOR('',#8295,1.);
#8295 = DIRECTION('',(0.,0.,1.));
#8296 = ORIENTED_EDGE('',*,*,#4010,.F.);
#8297 = PLANE('',#8298);
#8298 = AXIS2_PLACEMENT_3D('',#8299,#8300,#8301);
#8299 = CARTESIAN_POINT('',(23.9,36.9,18.6));
#8300 = DIRECTION('',(1.,0.,-0.));
#8301 = DIRECTION('',(0.,0.,1.));
#8302 = ADVANCED_FACE('',(#8303),#8309,.F.);
#8303 = FACE_BOUND('',#8304,.F.);
#8304 = EDGE_LOOP('',(#8305,#8306,#8307,#8308));
#8305 = ORIENTED_EDGE('',*,*,#8274,.F.);
#8306 = ORIENTED_EDGE('',*,*,#5530,.T.);
#8307 = ORIENTED_EDGE('',*,*,#8291,.T.);
#8308 = ORIENTED_EDGE('',*,*,#4018,.F.);
#8309 = PLANE('',#8310);
#8310 = AXIS2_PLACEMENT_3D('',#8311,#8312,#8313);
#8311 = CARTESIAN_POINT('',(23.9,40.9,18.6));
#8312 = DIRECTION('',(-0.,1.,0.));
#8313 = DIRECTION('',(0.,0.,1.));
#8314 = ADVANCED_FACE('',(#8315),#8331,.T.);
#8315 = FACE_BOUND('',#8316,.T.);
#8316 = EDGE_LOOP('',(#8317,#8323,#8324,#8330));
#8317 = ORIENTED_EDGE('',*,*,#8318,.F.);
#8318 = EDGE_CURVE('',#5626,#4035,#8319,.T.);
#8319 = LINE('',#8320,#8321);
#8320 = CARTESIAN_POINT('',(37.9,36.9,18.6));
#8321 = VECTOR('',#8322,1.);
#8322 = DIRECTION('',(0.,0.,1.));
#8323 = ORIENTED_EDGE('',*,*,#5625,.T.);
#8324 = ORIENTED_EDGE('',*,*,#8325,.T.);
#8325 = EDGE_CURVE('',#5628,#4037,#8326,.T.);
#8326 = LINE('',#8327,#8328);
#8327 = CARTESIAN_POINT('',(32.9,36.9,18.6));
#8328 = VECTOR('',#8329,1.);
#8329 = DIRECTION('',(0.,0.,1.));
#8330 = ORIENTED_EDGE('',*,*,#4034,.F.);
#8331 = PLANE('',#8332);
#8332 = AXIS2_PLACEMENT_3D('',#8333,#8334,#8335);
#8333 = CARTESIAN_POINT('',(32.9,36.9,18.6));
#8334 = DIRECTION('',(-0.,1.,0.));
#8335 = DIRECTION('',(0.,0.,1.));
#8336 = ADVANCED_FACE('',(#8337),#8348,.F.);
#8337 = FACE_BOUND('',#8338,.F.);
#8338 = EDGE_LOOP('',(#8339,#8340,#8341,#8347));
#8339 = ORIENTED_EDGE('',*,*,#8318,.F.);
#8340 = ORIENTED_EDGE('',*,*,#5651,.T.);
#8341 = ORIENTED_EDGE('',*,*,#8342,.T.);
#8342 = EDGE_CURVE('',#5644,#4053,#8343,.T.);
#8343 = LINE('',#8344,#8345);
#8344 = CARTESIAN_POINT('',(37.9,40.9,18.6));
#8345 = VECTOR('',#8346,1.);
#8346 = DIRECTION('',(0.,0.,1.));
#8347 = ORIENTED_EDGE('',*,*,#4060,.F.);
#8348 = PLANE('',#8349);
#8349 = AXIS2_PLACEMENT_3D('',#8350,#8351,#8352);
#8350 = CARTESIAN_POINT('',(37.9,36.9,18.6));
#8351 = DIRECTION('',(1.,0.,-0.));
#8352 = DIRECTION('',(0.,0.,1.));
#8353 = ADVANCED_FACE('',(#8354),#8365,.T.);
#8354 = FACE_BOUND('',#8355,.T.);
#8355 = EDGE_LOOP('',(#8356,#8357,#8358,#8364));
#8356 = ORIENTED_EDGE('',*,*,#8325,.F.);
#8357 = ORIENTED_EDGE('',*,*,#5635,.T.);
#8358 = ORIENTED_EDGE('',*,*,#8359,.T.);
#8359 = EDGE_CURVE('',#5636,#4045,#8360,.T.);
#8360 = LINE('',#8361,#8362);
#8361 = CARTESIAN_POINT('',(32.9,40.9,18.6));
#8362 = VECTOR('',#8363,1.);
#8363 = DIRECTION('',(0.,0.,1.));
#8364 = ORIENTED_EDGE('',*,*,#4044,.F.);
#8365 = PLANE('',#8366);
#8366 = AXIS2_PLACEMENT_3D('',#8367,#8368,#8369);
#8367 = CARTESIAN_POINT('',(32.9,36.9,18.6));
#8368 = DIRECTION('',(1.,0.,-0.));
#8369 = DIRECTION('',(0.,0.,1.));
#8370 = ADVANCED_FACE('',(#8371),#8377,.F.);
#8371 = FACE_BOUND('',#8372,.F.);
#8372 = EDGE_LOOP('',(#8373,#8374,#8375,#8376));
#8373 = ORIENTED_EDGE('',*,*,#8342,.F.);
#8374 = ORIENTED_EDGE('',*,*,#5643,.T.);
#8375 = ORIENTED_EDGE('',*,*,#8359,.T.);
#8376 = ORIENTED_EDGE('',*,*,#4052,.F.);
#8377 = PLANE('',#8378);
#8378 = AXIS2_PLACEMENT_3D('',#8379,#8380,#8381);
#8379 = CARTESIAN_POINT('',(32.9,40.9,18.6));
#8380 = DIRECTION('',(-0.,1.,0.));
#8381 = DIRECTION('',(0.,0.,1.));
#8382 = ADVANCED_FACE('',(#8383),#8399,.T.);
#8383 = FACE_BOUND('',#8384,.T.);
#8384 = EDGE_LOOP('',(#8385,#8391,#8392,#8398));
#8385 = ORIENTED_EDGE('',*,*,#8386,.F.);
#8386 = EDGE_CURVE('',#5660,#4069,#8387,.T.);
#8387 = LINE('',#8388,#8389);
#8388 = CARTESIAN_POINT('',(46.9,36.9,18.6));
#8389 = VECTOR('',#8390,1.);
#8390 = DIRECTION('',(0.,0.,1.));
#8391 = ORIENTED_EDGE('',*,*,#5659,.T.);
#8392 = ORIENTED_EDGE('',*,*,#8393,.T.);
#8393 = EDGE_CURVE('',#5662,#4071,#8394,.T.);
#8394 = LINE('',#8395,#8396);
#8395 = CARTESIAN_POINT('',(41.9,36.9,18.6));
#8396 = VECTOR('',#8397,1.);
#8397 = DIRECTION('',(0.,0.,1.));
#8398 = ORIENTED_EDGE('',*,*,#4068,.F.);
#8399 = PLANE('',#8400);
#8400 = AXIS2_PLACEMENT_3D('',#8401,#8402,#8403);
#8401 = CARTESIAN_POINT('',(41.9,36.9,18.6));
#8402 = DIRECTION('',(-0.,1.,0.));
#8403 = DIRECTION('',(0.,0.,1.));
#8404 = ADVANCED_FACE('',(#8405),#8416,.F.);
#8405 = FACE_BOUND('',#8406,.F.);
#8406 = EDGE_LOOP('',(#8407,#8408,#8409,#8415));
#8407 = ORIENTED_EDGE('',*,*,#8386,.F.);
#8408 = ORIENTED_EDGE('',*,*,#5685,.T.);
#8409 = ORIENTED_EDGE('',*,*,#8410,.T.);
#8410 = EDGE_CURVE('',#5678,#4087,#8411,.T.);
#8411 = LINE('',#8412,#8413);
#8412 = CARTESIAN_POINT('',(46.9,40.9,18.6));
#8413 = VECTOR('',#8414,1.);
#8414 = DIRECTION('',(0.,0.,1.));
#8415 = ORIENTED_EDGE('',*,*,#4094,.F.);
#8416 = PLANE('',#8417);
#8417 = AXIS2_PLACEMENT_3D('',#8418,#8419,#8420);
#8418 = CARTESIAN_POINT('',(46.9,36.9,18.6));
#8419 = DIRECTION('',(1.,0.,-0.));
#8420 = DIRECTION('',(0.,0.,1.));
#8421 = ADVANCED_FACE('',(#8422),#8433,.T.);
#8422 = FACE_BOUND('',#8423,.T.);
#8423 = EDGE_LOOP('',(#8424,#8425,#8426,#8432));
#8424 = ORIENTED_EDGE('',*,*,#8393,.F.);
#8425 = ORIENTED_EDGE('',*,*,#5669,.T.);
#8426 = ORIENTED_EDGE('',*,*,#8427,.T.);
#8427 = EDGE_CURVE('',#5670,#4079,#8428,.T.);
#8428 = LINE('',#8429,#8430);
#8429 = CARTESIAN_POINT('',(41.9,40.9,18.6));
#8430 = VECTOR('',#8431,1.);
#8431 = DIRECTION('',(0.,0.,1.));
#8432 = ORIENTED_EDGE('',*,*,#4078,.F.);
#8433 = PLANE('',#8434);
#8434 = AXIS2_PLACEMENT_3D('',#8435,#8436,#8437);
#8435 = CARTESIAN_POINT('',(41.9,36.9,18.6));
#8436 = DIRECTION('',(1.,0.,-0.));
#8437 = DIRECTION('',(0.,0.,1.));
#8438 = ADVANCED_FACE('',(#8439),#8445,.F.);
#8439 = FACE_BOUND('',#8440,.F.);
#8440 = EDGE_LOOP('',(#8441,#8442,#8443,#8444));
#8441 = ORIENTED_EDGE('',*,*,#8410,.F.);
#8442 = ORIENTED_EDGE('',*,*,#5677,.T.);
#8443 = ORIENTED_EDGE('',*,*,#8427,.T.);
#8444 = ORIENTED_EDGE('',*,*,#4086,.F.);
#8445 = PLANE('',#8446);
#8446 = AXIS2_PLACEMENT_3D('',#8447,#8448,#8449);
#8447 = CARTESIAN_POINT('',(41.9,40.9,18.6));
#8448 = DIRECTION('',(-0.,1.,0.));
#8449 = DIRECTION('',(0.,0.,1.));
#8450 = ADVANCED_FACE('',(#8451),#8467,.T.);
#8451 = FACE_BOUND('',#8452,.T.);
#8452 = EDGE_LOOP('',(#8453,#8459,#8460,#8466));
#8453 = ORIENTED_EDGE('',*,*,#8454,.F.);
#8454 = EDGE_CURVE('',#6147,#4103,#8455,.T.);
#8455 = LINE('',#8456,#8457);
#8456 = CARTESIAN_POINT('',(28.9,44.9,18.6));
#8457 = VECTOR('',#8458,1.);
#8458 = DIRECTION('',(0.,0.,1.));
#8459 = ORIENTED_EDGE('',*,*,#6146,.T.);
#8460 = ORIENTED_EDGE('',*,*,#8461,.T.);
#8461 = EDGE_CURVE('',#6149,#4105,#8462,.T.);
#8462 = LINE('',#8463,#8464);
#8463 = CARTESIAN_POINT('',(23.9,44.9,18.6));
#8464 = VECTOR('',#8465,1.);
#8465 = DIRECTION('',(0.,0.,1.));
#8466 = ORIENTED_EDGE('',*,*,#4102,.F.);
#8467 = PLANE('',#8468);
#8468 = AXIS2_PLACEMENT_3D('',#8469,#8470,#8471);
#8469 = CARTESIAN_POINT('',(23.9,44.9,18.6));
#8470 = DIRECTION('',(-0.,1.,0.));
#8471 = DIRECTION('',(0.,0.,1.));
#8472 = ADVANCED_FACE('',(#8473),#8484,.F.);
#8473 = FACE_BOUND('',#8474,.F.);
#8474 = EDGE_LOOP('',(#8475,#8476,#8477,#8483));
#8475 = ORIENTED_EDGE('',*,*,#8454,.F.);
#8476 = ORIENTED_EDGE('',*,*,#6172,.T.);
#8477 = ORIENTED_EDGE('',*,*,#8478,.T.);
#8478 = EDGE_CURVE('',#6165,#4121,#8479,.T.);
#8479 = LINE('',#8480,#8481);
#8480 = CARTESIAN_POINT('',(28.9,48.9,18.6));
#8481 = VECTOR('',#8482,1.);
#8482 = DIRECTION('',(0.,0.,1.));
#8483 = ORIENTED_EDGE('',*,*,#4128,.F.);
#8484 = PLANE('',#8485);
#8485 = AXIS2_PLACEMENT_3D('',#8486,#8487,#8488);
#8486 = CARTESIAN_POINT('',(28.9,44.9,18.6));
#8487 = DIRECTION('',(1.,0.,-0.));
#8488 = DIRECTION('',(0.,0.,1.));
#8489 = ADVANCED_FACE('',(#8490),#8501,.T.);
#8490 = FACE_BOUND('',#8491,.T.);
#8491 = EDGE_LOOP('',(#8492,#8493,#8494,#8500));
#8492 = ORIENTED_EDGE('',*,*,#8461,.F.);
#8493 = ORIENTED_EDGE('',*,*,#6156,.T.);
#8494 = ORIENTED_EDGE('',*,*,#8495,.T.);
#8495 = EDGE_CURVE('',#6157,#4113,#8496,.T.);
#8496 = LINE('',#8497,#8498);
#8497 = CARTESIAN_POINT('',(23.9,48.9,18.6));
#8498 = VECTOR('',#8499,1.);
#8499 = DIRECTION('',(0.,0.,1.));
#8500 = ORIENTED_EDGE('',*,*,#4112,.F.);
#8501 = PLANE('',#8502);
#8502 = AXIS2_PLACEMENT_3D('',#8503,#8504,#8505);
#8503 = CARTESIAN_POINT('',(23.9,44.9,18.6));
#8504 = DIRECTION('',(1.,0.,-0.));
#8505 = DIRECTION('',(0.,0.,1.));
#8506 = ADVANCED_FACE('',(#8507),#8513,.F.);
#8507 = FACE_BOUND('',#8508,.F.);
#8508 = EDGE_LOOP('',(#8509,#8510,#8511,#8512));
#8509 = ORIENTED_EDGE('',*,*,#8478,.F.);
#8510 = ORIENTED_EDGE('',*,*,#6164,.T.);
#8511 = ORIENTED_EDGE('',*,*,#8495,.T.);
#8512 = ORIENTED_EDGE('',*,*,#4120,.F.);
#8513 = PLANE('',#8514);
#8514 = AXIS2_PLACEMENT_3D('',#8515,#8516,#8517);
#8515 = CARTESIAN_POINT('',(23.9,48.9,18.6));
#8516 = DIRECTION('',(-0.,1.,0.));
#8517 = DIRECTION('',(0.,0.,1.));
#8518 = ADVANCED_FACE('',(#8519),#8535,.T.);
#8519 = FACE_BOUND('',#8520,.T.);
#8520 = EDGE_LOOP('',(#8521,#8527,#8528,#8534));
#8521 = ORIENTED_EDGE('',*,*,#8522,.F.);
#8522 = EDGE_CURVE('',#6181,#4137,#8523,.T.);
#8523 = LINE('',#8524,#8525);
#8524 = CARTESIAN_POINT('',(37.9,44.9,18.6));
#8525 = VECTOR('',#8526,1.);
#8526 = DIRECTION('',(0.,0.,1.));
#8527 = ORIENTED_EDGE('',*,*,#6180,.T.);
#8528 = ORIENTED_EDGE('',*,*,#8529,.T.);
#8529 = EDGE_CURVE('',#6183,#4139,#8530,.T.);
#8530 = LINE('',#8531,#8532);
#8531 = CARTESIAN_POINT('',(32.9,44.9,18.6));
#8532 = VECTOR('',#8533,1.);
#8533 = DIRECTION('',(0.,0.,1.));
#8534 = ORIENTED_EDGE('',*,*,#4136,.F.);
#8535 = PLANE('',#8536);
#8536 = AXIS2_PLACEMENT_3D('',#8537,#8538,#8539);
#8537 = CARTESIAN_POINT('',(32.9,44.9,18.6));
#8538 = DIRECTION('',(-0.,1.,0.));
#8539 = DIRECTION('',(0.,0.,1.));
#8540 = ADVANCED_FACE('',(#8541),#8552,.F.);
#8541 = FACE_BOUND('',#8542,.F.);
#8542 = EDGE_LOOP('',(#8543,#8544,#8545,#8551));
#8543 = ORIENTED_EDGE('',*,*,#8522,.F.);
#8544 = ORIENTED_EDGE('',*,*,#6206,.T.);
#8545 = ORIENTED_EDGE('',*,*,#8546,.T.);
#8546 = EDGE_CURVE('',#6199,#4155,#8547,.T.);
#8547 = LINE('',#8548,#8549);
#8548 = CARTESIAN_POINT('',(37.9,48.9,18.6));
#8549 = VECTOR('',#8550,1.);
#8550 = DIRECTION('',(0.,0.,1.));
#8551 = ORIENTED_EDGE('',*,*,#4162,.F.);
#8552 = PLANE('',#8553);
#8553 = AXIS2_PLACEMENT_3D('',#8554,#8555,#8556);
#8554 = CARTESIAN_POINT('',(37.9,44.9,18.6));
#8555 = DIRECTION('',(1.,0.,-0.));
#8556 = DIRECTION('',(0.,0.,1.));
#8557 = ADVANCED_FACE('',(#8558),#8569,.T.);
#8558 = FACE_BOUND('',#8559,.T.);
#8559 = EDGE_LOOP('',(#8560,#8561,#8562,#8568));
#8560 = ORIENTED_EDGE('',*,*,#8529,.F.);
#8561 = ORIENTED_EDGE('',*,*,#6190,.T.);
#8562 = ORIENTED_EDGE('',*,*,#8563,.T.);
#8563 = EDGE_CURVE('',#6191,#4147,#8564,.T.);
#8564 = LINE('',#8565,#8566);
#8565 = CARTESIAN_POINT('',(32.9,48.9,18.6));
#8566 = VECTOR('',#8567,1.);
#8567 = DIRECTION('',(0.,0.,1.));
#8568 = ORIENTED_EDGE('',*,*,#4146,.F.);
#8569 = PLANE('',#8570);
#8570 = AXIS2_PLACEMENT_3D('',#8571,#8572,#8573);
#8571 = CARTESIAN_POINT('',(32.9,44.9,18.6));
#8572 = DIRECTION('',(1.,0.,-0.));
#8573 = DIRECTION('',(0.,0.,1.));
#8574 = ADVANCED_FACE('',(#8575),#8581,.F.);
#8575 = FACE_BOUND('',#8576,.F.);
#8576 = EDGE_LOOP('',(#8577,#8578,#8579,#8580));
#8577 = ORIENTED_EDGE('',*,*,#8546,.F.);
#8578 = ORIENTED_EDGE('',*,*,#6198,.T.);
#8579 = ORIENTED_EDGE('',*,*,#8563,.T.);
#8580 = ORIENTED_EDGE('',*,*,#4154,.F.);
#8581 = PLANE('',#8582);
#8582 = AXIS2_PLACEMENT_3D('',#8583,#8584,#8585);
#8583 = CARTESIAN_POINT('',(32.9,48.9,18.6));
#8584 = DIRECTION('',(-0.,1.,0.));
#8585 = DIRECTION('',(0.,0.,1.));
#8586 = ADVANCED_FACE('',(#8587),#8603,.T.);
#8587 = FACE_BOUND('',#8588,.T.);
#8588 = EDGE_LOOP('',(#8589,#8595,#8596,#8602));
#8589 = ORIENTED_EDGE('',*,*,#8590,.F.);
#8590 = EDGE_CURVE('',#6215,#4171,#8591,.T.);
#8591 = LINE('',#8592,#8593);
#8592 = CARTESIAN_POINT('',(46.9,44.9,18.6));
#8593 = VECTOR('',#8594,1.);
#8594 = DIRECTION('',(0.,0.,1.));
#8595 = ORIENTED_EDGE('',*,*,#6214,.T.);
#8596 = ORIENTED_EDGE('',*,*,#8597,.T.);
#8597 = EDGE_CURVE('',#6217,#4173,#8598,.T.);
#8598 = LINE('',#8599,#8600);
#8599 = CARTESIAN_POINT('',(41.9,44.9,18.6));
#8600 = VECTOR('',#8601,1.);
#8601 = DIRECTION('',(0.,0.,1.));
#8602 = ORIENTED_EDGE('',*,*,#4170,.F.);
#8603 = PLANE('',#8604);
#8604 = AXIS2_PLACEMENT_3D('',#8605,#8606,#8607);
#8605 = CARTESIAN_POINT('',(41.9,44.9,18.6));
#8606 = DIRECTION('',(-0.,1.,0.));
#8607 = DIRECTION('',(0.,0.,1.));
#8608 = ADVANCED_FACE('',(#8609),#8620,.F.);
#8609 = FACE_BOUND('',#8610,.F.);
#8610 = EDGE_LOOP('',(#8611,#8612,#8613,#8619));
#8611 = ORIENTED_EDGE('',*,*,#8590,.F.);
#8612 = ORIENTED_EDGE('',*,*,#6240,.T.);
#8613 = ORIENTED_EDGE('',*,*,#8614,.T.);
#8614 = EDGE_CURVE('',#6233,#4189,#8615,.T.);
#8615 = LINE('',#8616,#8617);
#8616 = CARTESIAN_POINT('',(46.9,48.9,18.6));
#8617 = VECTOR('',#8618,1.);
#8618 = DIRECTION('',(0.,0.,1.));
#8619 = ORIENTED_EDGE('',*,*,#4196,.F.);
#8620 = PLANE('',#8621);
#8621 = AXIS2_PLACEMENT_3D('',#8622,#8623,#8624);
#8622 = CARTESIAN_POINT('',(46.9,44.9,18.6));
#8623 = DIRECTION('',(1.,0.,-0.));
#8624 = DIRECTION('',(0.,0.,1.));
#8625 = ADVANCED_FACE('',(#8626),#8637,.T.);
#8626 = FACE_BOUND('',#8627,.T.);
#8627 = EDGE_LOOP('',(#8628,#8629,#8630,#8636));
#8628 = ORIENTED_EDGE('',*,*,#8597,.F.);
#8629 = ORIENTED_EDGE('',*,*,#6224,.T.);
#8630 = ORIENTED_EDGE('',*,*,#8631,.T.);
#8631 = EDGE_CURVE('',#6225,#4181,#8632,.T.);
#8632 = LINE('',#8633,#8634);
#8633 = CARTESIAN_POINT('',(41.9,48.9,18.6));
#8634 = VECTOR('',#8635,1.);
#8635 = DIRECTION('',(0.,0.,1.));
#8636 = ORIENTED_EDGE('',*,*,#4180,.F.);
#8637 = PLANE('',#8638);
#8638 = AXIS2_PLACEMENT_3D('',#8639,#8640,#8641);
#8639 = CARTESIAN_POINT('',(41.9,44.9,18.6));
#8640 = DIRECTION('',(1.,0.,-0.));
#8641 = DIRECTION('',(0.,0.,1.));
#8642 = ADVANCED_FACE('',(#8643),#8649,.F.);
#8643 = FACE_BOUND('',#8644,.F.);
#8644 = EDGE_LOOP('',(#8645,#8646,#8647,#8648));
#8645 = ORIENTED_EDGE('',*,*,#8614,.F.);
#8646 = ORIENTED_EDGE('',*,*,#6232,.T.);
#8647 = ORIENTED_EDGE('',*,*,#8631,.T.);
#8648 = ORIENTED_EDGE('',*,*,#4188,.F.);
#8649 = PLANE('',#8650);
#8650 = AXIS2_PLACEMENT_3D('',#8651,#8652,#8653);
#8651 = CARTESIAN_POINT('',(41.9,48.9,18.6));
#8652 = DIRECTION('',(-0.,1.,0.));
#8653 = DIRECTION('',(0.,0.,1.));
#8654 = ADVANCED_FACE('',(#8655),#8671,.T.);
#8655 = FACE_BOUND('',#8656,.T.);
#8656 = EDGE_LOOP('',(#8657,#8663,#8664,#8670));
#8657 = ORIENTED_EDGE('',*,*,#8658,.F.);
#8658 = EDGE_CURVE('',#6249,#4205,#8659,.T.);
#8659 = LINE('',#8660,#8661);
#8660 = CARTESIAN_POINT('',(19.9,52.9,18.6));
#8661 = VECTOR('',#8662,1.);
#8662 = DIRECTION('',(0.,0.,1.));
#8663 = ORIENTED_EDGE('',*,*,#6248,.T.);
#8664 = ORIENTED_EDGE('',*,*,#8665,.T.);
#8665 = EDGE_CURVE('',#6251,#4207,#8666,.T.);
#8666 = LINE('',#8667,#8668);
#8667 = CARTESIAN_POINT('',(14.9,52.9,18.6));
#8668 = VECTOR('',#8669,1.);
#8669 = DIRECTION('',(0.,0.,1.));
#8670 = ORIENTED_EDGE('',*,*,#4204,.F.);
#8671 = PLANE('',#8672);
#8672 = AXIS2_PLACEMENT_3D('',#8673,#8674,#8675);
#8673 = CARTESIAN_POINT('',(14.9,52.9,18.6));
#8674 = DIRECTION('',(-0.,1.,0.));
#8675 = DIRECTION('',(0.,0.,1.));
#8676 = ADVANCED_FACE('',(#8677),#8688,.F.);
#8677 = FACE_BOUND('',#8678,.F.);
#8678 = EDGE_LOOP('',(#8679,#8680,#8681,#8687));
#8679 = ORIENTED_EDGE('',*,*,#8658,.F.);
#8680 = ORIENTED_EDGE('',*,*,#6274,.T.);
#8681 = ORIENTED_EDGE('',*,*,#8682,.T.);
#8682 = EDGE_CURVE('',#6267,#4223,#8683,.T.);
#8683 = LINE('',#8684,#8685);
#8684 = CARTESIAN_POINT('',(19.9,56.9,18.6));
#8685 = VECTOR('',#8686,1.);
#8686 = DIRECTION('',(0.,0.,1.));
#8687 = ORIENTED_EDGE('',*,*,#4230,.F.);
#8688 = PLANE('',#8689);
#8689 = AXIS2_PLACEMENT_3D('',#8690,#8691,#8692);
#8690 = CARTESIAN_POINT('',(19.9,52.9,18.6));
#8691 = DIRECTION('',(1.,0.,-0.));
#8692 = DIRECTION('',(0.,0.,1.));
#8693 = ADVANCED_FACE('',(#8694),#8705,.T.);
#8694 = FACE_BOUND('',#8695,.T.);
#8695 = EDGE_LOOP('',(#8696,#8697,#8698,#8704));
#8696 = ORIENTED_EDGE('',*,*,#8665,.F.);
#8697 = ORIENTED_EDGE('',*,*,#6258,.T.);
#8698 = ORIENTED_EDGE('',*,*,#8699,.T.);
#8699 = EDGE_CURVE('',#6259,#4215,#8700,.T.);
#8700 = LINE('',#8701,#8702);
#8701 = CARTESIAN_POINT('',(14.9,56.9,18.6));
#8702 = VECTOR('',#8703,1.);
#8703 = DIRECTION('',(0.,0.,1.));
#8704 = ORIENTED_EDGE('',*,*,#4214,.F.);
#8705 = PLANE('',#8706);
#8706 = AXIS2_PLACEMENT_3D('',#8707,#8708,#8709);
#8707 = CARTESIAN_POINT('',(14.9,52.9,18.6));
#8708 = DIRECTION('',(1.,0.,-0.));
#8709 = DIRECTION('',(0.,0.,1.));
#8710 = ADVANCED_FACE('',(#8711),#8717,.F.);
#8711 = FACE_BOUND('',#8712,.F.);
#8712 = EDGE_LOOP('',(#8713,#8714,#8715,#8716));
#8713 = ORIENTED_EDGE('',*,*,#8682,.F.);
#8714 = ORIENTED_EDGE('',*,*,#6266,.T.);
#8715 = ORIENTED_EDGE('',*,*,#8699,.T.);
#8716 = ORIENTED_EDGE('',*,*,#4222,.F.);
#8717 = PLANE('',#8718);
#8718 = AXIS2_PLACEMENT_3D('',#8719,#8720,#8721);
#8719 = CARTESIAN_POINT('',(14.9,56.9,18.6));
#8720 = DIRECTION('',(-0.,1.,0.));
#8721 = DIRECTION('',(0.,0.,1.));
#8722 = ADVANCED_FACE('',(#8723),#8739,.T.);
#8723 = FACE_BOUND('',#8724,.T.);
#8724 = EDGE_LOOP('',(#8725,#8731,#8732,#8738));
#8725 = ORIENTED_EDGE('',*,*,#8726,.F.);
#8726 = EDGE_CURVE('',#6317,#4239,#8727,.T.);
#8727 = LINE('',#8728,#8729);
#8728 = CARTESIAN_POINT('',(19.9,60.9,18.6));
#8729 = VECTOR('',#8730,1.);
#8730 = DIRECTION('',(0.,0.,1.));
#8731 = ORIENTED_EDGE('',*,*,#6316,.T.);
#8732 = ORIENTED_EDGE('',*,*,#8733,.T.);
#8733 = EDGE_CURVE('',#6319,#4241,#8734,.T.);
#8734 = LINE('',#8735,#8736);
#8735 = CARTESIAN_POINT('',(14.9,60.9,18.6));
#8736 = VECTOR('',#8737,1.);
#8737 = DIRECTION('',(0.,0.,1.));
#8738 = ORIENTED_EDGE('',*,*,#4238,.F.);
#8739 = PLANE('',#8740);
#8740 = AXIS2_PLACEMENT_3D('',#8741,#8742,#8743);
#8741 = CARTESIAN_POINT('',(14.9,60.9,18.6));
#8742 = DIRECTION('',(-0.,1.,0.));
#8743 = DIRECTION('',(0.,0.,1.));
#8744 = ADVANCED_FACE('',(#8745),#8756,.F.);
#8745 = FACE_BOUND('',#8746,.F.);
#8746 = EDGE_LOOP('',(#8747,#8748,#8749,#8755));
#8747 = ORIENTED_EDGE('',*,*,#8726,.F.);
#8748 = ORIENTED_EDGE('',*,*,#6342,.T.);
#8749 = ORIENTED_EDGE('',*,*,#8750,.T.);
#8750 = EDGE_CURVE('',#6335,#4257,#8751,.T.);
#8751 = LINE('',#8752,#8753);
#8752 = CARTESIAN_POINT('',(19.9,64.9,18.6));
#8753 = VECTOR('',#8754,1.);
#8754 = DIRECTION('',(0.,0.,1.));
#8755 = ORIENTED_EDGE('',*,*,#4264,.F.);
#8756 = PLANE('',#8757);
#8757 = AXIS2_PLACEMENT_3D('',#8758,#8759,#8760);
#8758 = CARTESIAN_POINT('',(19.9,60.9,18.6));
#8759 = DIRECTION('',(1.,0.,-0.));
#8760 = DIRECTION('',(0.,0.,1.));
#8761 = ADVANCED_FACE('',(#8762),#8773,.T.);
#8762 = FACE_BOUND('',#8763,.T.);
#8763 = EDGE_LOOP('',(#8764,#8765,#8766,#8772));
#8764 = ORIENTED_EDGE('',*,*,#8733,.F.);
#8765 = ORIENTED_EDGE('',*,*,#6326,.T.);
#8766 = ORIENTED_EDGE('',*,*,#8767,.T.);
#8767 = EDGE_CURVE('',#6327,#4249,#8768,.T.);
#8768 = LINE('',#8769,#8770);
#8769 = CARTESIAN_POINT('',(14.9,64.9,18.6));
#8770 = VECTOR('',#8771,1.);
#8771 = DIRECTION('',(0.,0.,1.));
#8772 = ORIENTED_EDGE('',*,*,#4248,.F.);
#8773 = PLANE('',#8774);
#8774 = AXIS2_PLACEMENT_3D('',#8775,#8776,#8777);
#8775 = CARTESIAN_POINT('',(14.9,60.9,18.6));
#8776 = DIRECTION('',(1.,0.,-0.));
#8777 = DIRECTION('',(0.,0.,1.));
#8778 = ADVANCED_FACE('',(#8779),#8785,.F.);
#8779 = FACE_BOUND('',#8780,.F.);
#8780 = EDGE_LOOP('',(#8781,#8782,#8783,#8784));
#8781 = ORIENTED_EDGE('',*,*,#8750,.F.);
#8782 = ORIENTED_EDGE('',*,*,#6334,.T.);
#8783 = ORIENTED_EDGE('',*,*,#8767,.T.);
#8784 = ORIENTED_EDGE('',*,*,#4256,.F.);
#8785 = PLANE('',#8786);
#8786 = AXIS2_PLACEMENT_3D('',#8787,#8788,#8789);
#8787 = CARTESIAN_POINT('',(14.9,64.9,18.6));
#8788 = DIRECTION('',(-0.,1.,0.));
#8789 = DIRECTION('',(0.,0.,1.));
#8790 = ADVANCED_FACE('',(#8791),#8807,.T.);
#8791 = FACE_BOUND('',#8792,.T.);
#8792 = EDGE_LOOP('',(#8793,#8799,#8800,#8806));
#8793 = ORIENTED_EDGE('',*,*,#8794,.F.);
#8794 = EDGE_CURVE('',#6283,#4273,#8795,.T.);
#8795 = LINE('',#8796,#8797);
#8796 = CARTESIAN_POINT('',(28.9,52.9,18.6));
#8797 = VECTOR('',#8798,1.);
#8798 = DIRECTION('',(0.,0.,1.));
#8799 = ORIENTED_EDGE('',*,*,#6282,.T.);
#8800 = ORIENTED_EDGE('',*,*,#8801,.T.);
#8801 = EDGE_CURVE('',#6285,#4275,#8802,.T.);
#8802 = LINE('',#8803,#8804);
#8803 = CARTESIAN_POINT('',(23.9,52.9,18.6));
#8804 = VECTOR('',#8805,1.);
#8805 = DIRECTION('',(0.,0.,1.));
#8806 = ORIENTED_EDGE('',*,*,#4272,.F.);
#8807 = PLANE('',#8808);
#8808 = AXIS2_PLACEMENT_3D('',#8809,#8810,#8811);
#8809 = CARTESIAN_POINT('',(23.9,52.9,18.6));
#8810 = DIRECTION('',(-0.,1.,0.));
#8811 = DIRECTION('',(0.,0.,1.));
#8812 = ADVANCED_FACE('',(#8813),#8824,.F.);
#8813 = FACE_BOUND('',#8814,.F.);
#8814 = EDGE_LOOP('',(#8815,#8816,#8817,#8823));
#8815 = ORIENTED_EDGE('',*,*,#8794,.F.);
#8816 = ORIENTED_EDGE('',*,*,#6308,.T.);
#8817 = ORIENTED_EDGE('',*,*,#8818,.T.);
#8818 = EDGE_CURVE('',#6301,#4291,#8819,.T.);
#8819 = LINE('',#8820,#8821);
#8820 = CARTESIAN_POINT('',(28.9,56.9,18.6));
#8821 = VECTOR('',#8822,1.);
#8822 = DIRECTION('',(0.,0.,1.));
#8823 = ORIENTED_EDGE('',*,*,#4298,.F.);
#8824 = PLANE('',#8825);
#8825 = AXIS2_PLACEMENT_3D('',#8826,#8827,#8828);
#8826 = CARTESIAN_POINT('',(28.9,52.9,18.6));
#8827 = DIRECTION('',(1.,0.,-0.));
#8828 = DIRECTION('',(0.,0.,1.));
#8829 = ADVANCED_FACE('',(#8830),#8841,.T.);
#8830 = FACE_BOUND('',#8831,.T.);
#8831 = EDGE_LOOP('',(#8832,#8833,#8834,#8840));
#8832 = ORIENTED_EDGE('',*,*,#8801,.F.);
#8833 = ORIENTED_EDGE('',*,*,#6292,.T.);
#8834 = ORIENTED_EDGE('',*,*,#8835,.T.);
#8835 = EDGE_CURVE('',#6293,#4283,#8836,.T.);
#8836 = LINE('',#8837,#8838);
#8837 = CARTESIAN_POINT('',(23.9,56.9,18.6));
#8838 = VECTOR('',#8839,1.);
#8839 = DIRECTION('',(0.,0.,1.));
#8840 = ORIENTED_EDGE('',*,*,#4282,.F.);
#8841 = PLANE('',#8842);
#8842 = AXIS2_PLACEMENT_3D('',#8843,#8844,#8845);
#8843 = CARTESIAN_POINT('',(23.9,52.9,18.6));
#8844 = DIRECTION('',(1.,0.,-0.));
#8845 = DIRECTION('',(0.,0.,1.));
#8846 = ADVANCED_FACE('',(#8847),#8853,.F.);
#8847 = FACE_BOUND('',#8848,.F.);
#8848 = EDGE_LOOP('',(#8849,#8850,#8851,#8852));
#8849 = ORIENTED_EDGE('',*,*,#8818,.F.);
#8850 = ORIENTED_EDGE('',*,*,#6300,.T.);
#8851 = ORIENTED_EDGE('',*,*,#8835,.T.);
#8852 = ORIENTED_EDGE('',*,*,#4290,.F.);
#8853 = PLANE('',#8854);
#8854 = AXIS2_PLACEMENT_3D('',#8855,#8856,#8857);
#8855 = CARTESIAN_POINT('',(23.9,56.9,18.6));
#8856 = DIRECTION('',(-0.,1.,0.));
#8857 = DIRECTION('',(0.,0.,1.));
#8858 = ADVANCED_FACE('',(#8859),#8875,.T.);
#8859 = FACE_BOUND('',#8860,.T.);
#8860 = EDGE_LOOP('',(#8861,#8867,#8868,#8874));
#8861 = ORIENTED_EDGE('',*,*,#8862,.F.);
#8862 = EDGE_CURVE('',#6385,#4307,#8863,.T.);
#8863 = LINE('',#8864,#8865);
#8864 = CARTESIAN_POINT('',(37.9,52.9,18.6));
#8865 = VECTOR('',#8866,1.);
#8866 = DIRECTION('',(0.,0.,1.));
#8867 = ORIENTED_EDGE('',*,*,#6384,.T.);
#8868 = ORIENTED_EDGE('',*,*,#8869,.T.);
#8869 = EDGE_CURVE('',#6387,#4309,#8870,.T.);
#8870 = LINE('',#8871,#8872);
#8871 = CARTESIAN_POINT('',(32.9,52.9,18.6));
#8872 = VECTOR('',#8873,1.);
#8873 = DIRECTION('',(0.,0.,1.));
#8874 = ORIENTED_EDGE('',*,*,#4306,.F.);
#8875 = PLANE('',#8876);
#8876 = AXIS2_PLACEMENT_3D('',#8877,#8878,#8879);
#8877 = CARTESIAN_POINT('',(32.9,52.9,18.6));
#8878 = DIRECTION('',(-0.,1.,0.));
#8879 = DIRECTION('',(0.,0.,1.));
#8880 = ADVANCED_FACE('',(#8881),#8892,.F.);
#8881 = FACE_BOUND('',#8882,.F.);
#8882 = EDGE_LOOP('',(#8883,#8884,#8885,#8891));
#8883 = ORIENTED_EDGE('',*,*,#8862,.F.);
#8884 = ORIENTED_EDGE('',*,*,#6410,.T.);
#8885 = ORIENTED_EDGE('',*,*,#8886,.T.);
#8886 = EDGE_CURVE('',#6403,#4325,#8887,.T.);
#8887 = LINE('',#8888,#8889);
#8888 = CARTESIAN_POINT('',(37.9,56.9,18.6));
#8889 = VECTOR('',#8890,1.);
#8890 = DIRECTION('',(0.,0.,1.));
#8891 = ORIENTED_EDGE('',*,*,#4332,.F.);
#8892 = PLANE('',#8893);
#8893 = AXIS2_PLACEMENT_3D('',#8894,#8895,#8896);
#8894 = CARTESIAN_POINT('',(37.9,52.9,18.6));
#8895 = DIRECTION('',(1.,0.,-0.));
#8896 = DIRECTION('',(0.,0.,1.));
#8897 = ADVANCED_FACE('',(#8898),#8909,.T.);
#8898 = FACE_BOUND('',#8899,.T.);
#8899 = EDGE_LOOP('',(#8900,#8901,#8902,#8908));
#8900 = ORIENTED_EDGE('',*,*,#8869,.F.);
#8901 = ORIENTED_EDGE('',*,*,#6394,.T.);
#8902 = ORIENTED_EDGE('',*,*,#8903,.T.);
#8903 = EDGE_CURVE('',#6395,#4317,#8904,.T.);
#8904 = LINE('',#8905,#8906);
#8905 = CARTESIAN_POINT('',(32.9,56.9,18.6));
#8906 = VECTOR('',#8907,1.);
#8907 = DIRECTION('',(0.,0.,1.));
#8908 = ORIENTED_EDGE('',*,*,#4316,.F.);
#8909 = PLANE('',#8910);
#8910 = AXIS2_PLACEMENT_3D('',#8911,#8912,#8913);
#8911 = CARTESIAN_POINT('',(32.9,52.9,18.6));
#8912 = DIRECTION('',(1.,0.,-0.));
#8913 = DIRECTION('',(0.,0.,1.));
#8914 = ADVANCED_FACE('',(#8915),#8921,.F.);
#8915 = FACE_BOUND('',#8916,.F.);
#8916 = EDGE_LOOP('',(#8917,#8918,#8919,#8920));
#8917 = ORIENTED_EDGE('',*,*,#8886,.F.);
#8918 = ORIENTED_EDGE('',*,*,#6402,.T.);
#8919 = ORIENTED_EDGE('',*,*,#8903,.T.);
#8920 = ORIENTED_EDGE('',*,*,#4324,.F.);
#8921 = PLANE('',#8922);
#8922 = AXIS2_PLACEMENT_3D('',#8923,#8924,#8925);
#8923 = CARTESIAN_POINT('',(32.9,56.9,18.6));
#8924 = DIRECTION('',(-0.,1.,0.));
#8925 = DIRECTION('',(0.,0.,1.));
#8926 = ADVANCED_FACE('',(#8927),#8943,.T.);
#8927 = FACE_BOUND('',#8928,.T.);
#8928 = EDGE_LOOP('',(#8929,#8935,#8936,#8942));
#8929 = ORIENTED_EDGE('',*,*,#8930,.F.);
#8930 = EDGE_CURVE('',#6419,#4341,#8931,.T.);
#8931 = LINE('',#8932,#8933);
#8932 = CARTESIAN_POINT('',(46.9,52.9,18.6));
#8933 = VECTOR('',#8934,1.);
#8934 = DIRECTION('',(0.,0.,1.));
#8935 = ORIENTED_EDGE('',*,*,#6418,.T.);
#8936 = ORIENTED_EDGE('',*,*,#8937,.T.);
#8937 = EDGE_CURVE('',#6421,#4343,#8938,.T.);
#8938 = LINE('',#8939,#8940);
#8939 = CARTESIAN_POINT('',(41.9,52.9,18.6));
#8940 = VECTOR('',#8941,1.);
#8941 = DIRECTION('',(0.,0.,1.));
#8942 = ORIENTED_EDGE('',*,*,#4340,.F.);
#8943 = PLANE('',#8944);
#8944 = AXIS2_PLACEMENT_3D('',#8945,#8946,#8947);
#8945 = CARTESIAN_POINT('',(41.9,52.9,18.6));
#8946 = DIRECTION('',(-0.,1.,0.));
#8947 = DIRECTION('',(0.,0.,1.));
#8948 = ADVANCED_FACE('',(#8949),#8960,.F.);
#8949 = FACE_BOUND('',#8950,.F.);
#8950 = EDGE_LOOP('',(#8951,#8952,#8953,#8959));
#8951 = ORIENTED_EDGE('',*,*,#8930,.F.);
#8952 = ORIENTED_EDGE('',*,*,#6444,.T.);
#8953 = ORIENTED_EDGE('',*,*,#8954,.T.);
#8954 = EDGE_CURVE('',#6437,#4359,#8955,.T.);
#8955 = LINE('',#8956,#8957);
#8956 = CARTESIAN_POINT('',(46.9,56.9,18.6));
#8957 = VECTOR('',#8958,1.);
#8958 = DIRECTION('',(0.,0.,1.));
#8959 = ORIENTED_EDGE('',*,*,#4366,.F.);
#8960 = PLANE('',#8961);
#8961 = AXIS2_PLACEMENT_3D('',#8962,#8963,#8964);
#8962 = CARTESIAN_POINT('',(46.9,52.9,18.6));
#8963 = DIRECTION('',(1.,0.,-0.));
#8964 = DIRECTION('',(0.,0.,1.));
#8965 = ADVANCED_FACE('',(#8966),#8977,.T.);
#8966 = FACE_BOUND('',#8967,.T.);
#8967 = EDGE_LOOP('',(#8968,#8969,#8970,#8976));
#8968 = ORIENTED_EDGE('',*,*,#8937,.F.);
#8969 = ORIENTED_EDGE('',*,*,#6428,.T.);
#8970 = ORIENTED_EDGE('',*,*,#8971,.T.);
#8971 = EDGE_CURVE('',#6429,#4351,#8972,.T.);
#8972 = LINE('',#8973,#8974);
#8973 = CARTESIAN_POINT('',(41.9,56.9,18.6));
#8974 = VECTOR('',#8975,1.);
#8975 = DIRECTION('',(0.,0.,1.));
#8976 = ORIENTED_EDGE('',*,*,#4350,.F.);
#8977 = PLANE('',#8978);
#8978 = AXIS2_PLACEMENT_3D('',#8979,#8980,#8981);
#8979 = CARTESIAN_POINT('',(41.9,52.9,18.6));
#8980 = DIRECTION('',(1.,0.,-0.));
#8981 = DIRECTION('',(0.,0.,1.));
#8982 = ADVANCED_FACE('',(#8983),#8989,.F.);
#8983 = FACE_BOUND('',#8984,.F.);
#8984 = EDGE_LOOP('',(#8985,#8986,#8987,#8988));
#8985 = ORIENTED_EDGE('',*,*,#8954,.F.);
#8986 = ORIENTED_EDGE('',*,*,#6436,.T.);
#8987 = ORIENTED_EDGE('',*,*,#8971,.T.);
#8988 = ORIENTED_EDGE('',*,*,#4358,.F.);
#8989 = PLANE('',#8990);
#8990 = AXIS2_PLACEMENT_3D('',#8991,#8992,#8993);
#8991 = CARTESIAN_POINT('',(41.9,56.9,18.6));
#8992 = DIRECTION('',(-0.,1.,0.));
#8993 = DIRECTION('',(0.,0.,1.));
#8994 = ADVANCED_FACE('',(#8995),#9011,.T.);
#8995 = FACE_BOUND('',#8996,.T.);
#8996 = EDGE_LOOP('',(#8997,#9003,#9004,#9010));
#8997 = ORIENTED_EDGE('',*,*,#8998,.F.);
#8998 = EDGE_CURVE('',#6351,#4375,#8999,.T.);
#8999 = LINE('',#9000,#9001);
#9000 = CARTESIAN_POINT('',(28.9,60.9,18.6));
#9001 = VECTOR('',#9002,1.);
#9002 = DIRECTION('',(0.,0.,1.));
#9003 = ORIENTED_EDGE('',*,*,#6350,.T.);
#9004 = ORIENTED_EDGE('',*,*,#9005,.T.);
#9005 = EDGE_CURVE('',#6353,#4377,#9006,.T.);
#9006 = LINE('',#9007,#9008);
#9007 = CARTESIAN_POINT('',(23.9,60.9,18.6));
#9008 = VECTOR('',#9009,1.);
#9009 = DIRECTION('',(0.,0.,1.));
#9010 = ORIENTED_EDGE('',*,*,#4374,.F.);
#9011 = PLANE('',#9012);
#9012 = AXIS2_PLACEMENT_3D('',#9013,#9014,#9015);
#9013 = CARTESIAN_POINT('',(23.9,60.9,18.6));
#9014 = DIRECTION('',(-0.,1.,0.));
#9015 = DIRECTION('',(0.,0.,1.));
#9016 = ADVANCED_FACE('',(#9017),#9028,.F.);
#9017 = FACE_BOUND('',#9018,.F.);
#9018 = EDGE_LOOP('',(#9019,#9020,#9021,#9027));
#9019 = ORIENTED_EDGE('',*,*,#8998,.F.);
#9020 = ORIENTED_EDGE('',*,*,#6376,.T.);
#9021 = ORIENTED_EDGE('',*,*,#9022,.T.);
#9022 = EDGE_CURVE('',#6369,#4393,#9023,.T.);
#9023 = LINE('',#9024,#9025);
#9024 = CARTESIAN_POINT('',(28.9,64.9,18.6));
#9025 = VECTOR('',#9026,1.);
#9026 = DIRECTION('',(0.,0.,1.));
#9027 = ORIENTED_EDGE('',*,*,#4400,.F.);
#9028 = PLANE('',#9029);
#9029 = AXIS2_PLACEMENT_3D('',#9030,#9031,#9032);
#9030 = CARTESIAN_POINT('',(28.9,60.9,18.6));
#9031 = DIRECTION('',(1.,0.,-0.));
#9032 = DIRECTION('',(0.,0.,1.));
#9033 = ADVANCED_FACE('',(#9034),#9045,.T.);
#9034 = FACE_BOUND('',#9035,.T.);
#9035 = EDGE_LOOP('',(#9036,#9037,#9038,#9044));
#9036 = ORIENTED_EDGE('',*,*,#9005,.F.);
#9037 = ORIENTED_EDGE('',*,*,#6360,.T.);
#9038 = ORIENTED_EDGE('',*,*,#9039,.T.);
#9039 = EDGE_CURVE('',#6361,#4385,#9040,.T.);
#9040 = LINE('',#9041,#9042);
#9041 = CARTESIAN_POINT('',(23.9,64.9,18.6));
#9042 = VECTOR('',#9043,1.);
#9043 = DIRECTION('',(0.,0.,1.));
#9044 = ORIENTED_EDGE('',*,*,#4384,.F.);
#9045 = PLANE('',#9046);
#9046 = AXIS2_PLACEMENT_3D('',#9047,#9048,#9049);
#9047 = CARTESIAN_POINT('',(23.9,60.9,18.6));
#9048 = DIRECTION('',(1.,0.,-0.));
#9049 = DIRECTION('',(0.,0.,1.));
#9050 = ADVANCED_FACE('',(#9051),#9057,.F.);
#9051 = FACE_BOUND('',#9052,.F.);
#9052 = EDGE_LOOP('',(#9053,#9054,#9055,#9056));
#9053 = ORIENTED_EDGE('',*,*,#9022,.F.);
#9054 = ORIENTED_EDGE('',*,*,#6368,.T.);
#9055 = ORIENTED_EDGE('',*,*,#9039,.T.);
#9056 = ORIENTED_EDGE('',*,*,#4392,.F.);
#9057 = PLANE('',#9058);
#9058 = AXIS2_PLACEMENT_3D('',#9059,#9060,#9061);
#9059 = CARTESIAN_POINT('',(23.9,64.9,18.6));
#9060 = DIRECTION('',(-0.,1.,0.));
#9061 = DIRECTION('',(0.,0.,1.));
#9062 = ADVANCED_FACE('',(#9063),#9079,.T.);
#9063 = FACE_BOUND('',#9064,.T.);
#9064 = EDGE_LOOP('',(#9065,#9071,#9072,#9078));
#9065 = ORIENTED_EDGE('',*,*,#9066,.F.);
#9066 = EDGE_CURVE('',#6453,#4409,#9067,.T.);
#9067 = LINE('',#9068,#9069);
#9068 = CARTESIAN_POINT('',(37.9,60.9,18.6));
#9069 = VECTOR('',#9070,1.);
#9070 = DIRECTION('',(0.,0.,1.));
#9071 = ORIENTED_EDGE('',*,*,#6452,.T.);
#9072 = ORIENTED_EDGE('',*,*,#9073,.T.);
#9073 = EDGE_CURVE('',#6455,#4411,#9074,.T.);
#9074 = LINE('',#9075,#9076);
#9075 = CARTESIAN_POINT('',(32.9,60.9,18.6));
#9076 = VECTOR('',#9077,1.);
#9077 = DIRECTION('',(0.,0.,1.));
#9078 = ORIENTED_EDGE('',*,*,#4408,.F.);
#9079 = PLANE('',#9080);
#9080 = AXIS2_PLACEMENT_3D('',#9081,#9082,#9083);
#9081 = CARTESIAN_POINT('',(32.9,60.9,18.6));
#9082 = DIRECTION('',(-0.,1.,0.));
#9083 = DIRECTION('',(0.,0.,1.));
#9084 = ADVANCED_FACE('',(#9085),#9096,.F.);
#9085 = FACE_BOUND('',#9086,.F.);
#9086 = EDGE_LOOP('',(#9087,#9088,#9089,#9095));
#9087 = ORIENTED_EDGE('',*,*,#9066,.F.);
#9088 = ORIENTED_EDGE('',*,*,#6478,.T.);
#9089 = ORIENTED_EDGE('',*,*,#9090,.T.);
#9090 = EDGE_CURVE('',#6471,#4427,#9091,.T.);
#9091 = LINE('',#9092,#9093);
#9092 = CARTESIAN_POINT('',(37.9,64.9,18.6));
#9093 = VECTOR('',#9094,1.);
#9094 = DIRECTION('',(0.,0.,1.));
#9095 = ORIENTED_EDGE('',*,*,#4434,.F.);
#9096 = PLANE('',#9097);
#9097 = AXIS2_PLACEMENT_3D('',#9098,#9099,#9100);
#9098 = CARTESIAN_POINT('',(37.9,60.9,18.6));
#9099 = DIRECTION('',(1.,0.,-0.));
#9100 = DIRECTION('',(0.,0.,1.));
#9101 = ADVANCED_FACE('',(#9102),#9113,.T.);
#9102 = FACE_BOUND('',#9103,.T.);
#9103 = EDGE_LOOP('',(#9104,#9105,#9106,#9112));
#9104 = ORIENTED_EDGE('',*,*,#9073,.F.);
#9105 = ORIENTED_EDGE('',*,*,#6462,.T.);
#9106 = ORIENTED_EDGE('',*,*,#9107,.T.);
#9107 = EDGE_CURVE('',#6463,#4419,#9108,.T.);
#9108 = LINE('',#9109,#9110);
#9109 = CARTESIAN_POINT('',(32.9,64.9,18.6));
#9110 = VECTOR('',#9111,1.);
#9111 = DIRECTION('',(0.,0.,1.));
#9112 = ORIENTED_EDGE('',*,*,#4418,.F.);
#9113 = PLANE('',#9114);
#9114 = AXIS2_PLACEMENT_3D('',#9115,#9116,#9117);
#9115 = CARTESIAN_POINT('',(32.9,60.9,18.6));
#9116 = DIRECTION('',(1.,0.,-0.));
#9117 = DIRECTION('',(0.,0.,1.));
#9118 = ADVANCED_FACE('',(#9119),#9125,.F.);
#9119 = FACE_BOUND('',#9120,.F.);
#9120 = EDGE_LOOP('',(#9121,#9122,#9123,#9124));
#9121 = ORIENTED_EDGE('',*,*,#9090,.F.);
#9122 = ORIENTED_EDGE('',*,*,#6470,.T.);
#9123 = ORIENTED_EDGE('',*,*,#9107,.T.);
#9124 = ORIENTED_EDGE('',*,*,#4426,.F.);
#9125 = PLANE('',#9126);
#9126 = AXIS2_PLACEMENT_3D('',#9127,#9128,#9129);
#9127 = CARTESIAN_POINT('',(32.9,64.9,18.6));
#9128 = DIRECTION('',(-0.,1.,0.));
#9129 = DIRECTION('',(0.,0.,1.));
#9130 = ADVANCED_FACE('',(#9131),#9147,.T.);
#9131 = FACE_BOUND('',#9132,.T.);
#9132 = EDGE_LOOP('',(#9133,#9139,#9140,#9146));
#9133 = ORIENTED_EDGE('',*,*,#9134,.F.);
#9134 = EDGE_CURVE('',#6487,#4443,#9135,.T.);
#9135 = LINE('',#9136,#9137);
#9136 = CARTESIAN_POINT('',(46.9,60.9,18.6));
#9137 = VECTOR('',#9138,1.);
#9138 = DIRECTION('',(0.,0.,1.));
#9139 = ORIENTED_EDGE('',*,*,#6486,.T.);
#9140 = ORIENTED_EDGE('',*,*,#9141,.T.);
#9141 = EDGE_CURVE('',#6489,#4445,#9142,.T.);
#9142 = LINE('',#9143,#9144);
#9143 = CARTESIAN_POINT('',(41.9,60.9,18.6));
#9144 = VECTOR('',#9145,1.);
#9145 = DIRECTION('',(0.,0.,1.));
#9146 = ORIENTED_EDGE('',*,*,#4442,.F.);
#9147 = PLANE('',#9148);
#9148 = AXIS2_PLACEMENT_3D('',#9149,#9150,#9151);
#9149 = CARTESIAN_POINT('',(41.9,60.9,18.6));
#9150 = DIRECTION('',(-0.,1.,0.));
#9151 = DIRECTION('',(0.,0.,1.));
#9152 = ADVANCED_FACE('',(#9153),#9164,.F.);
#9153 = FACE_BOUND('',#9154,.F.);
#9154 = EDGE_LOOP('',(#9155,#9156,#9157,#9163));
#9155 = ORIENTED_EDGE('',*,*,#9134,.F.);
#9156 = ORIENTED_EDGE('',*,*,#6512,.T.);
#9157 = ORIENTED_EDGE('',*,*,#9158,.T.);
#9158 = EDGE_CURVE('',#6505,#4461,#9159,.T.);
#9159 = LINE('',#9160,#9161);
#9160 = CARTESIAN_POINT('',(46.9,64.9,18.6));
#9161 = VECTOR('',#9162,1.);
#9162 = DIRECTION('',(0.,0.,1.));
#9163 = ORIENTED_EDGE('',*,*,#4468,.F.);
#9164 = PLANE('',#9165);
#9165 = AXIS2_PLACEMENT_3D('',#9166,#9167,#9168);
#9166 = CARTESIAN_POINT('',(46.9,60.9,18.6));
#9167 = DIRECTION('',(1.,0.,-0.));
#9168 = DIRECTION('',(0.,0.,1.));
#9169 = ADVANCED_FACE('',(#9170),#9181,.T.);
#9170 = FACE_BOUND('',#9171,.T.);
#9171 = EDGE_LOOP('',(#9172,#9173,#9174,#9180));
#9172 = ORIENTED_EDGE('',*,*,#9141,.F.);
#9173 = ORIENTED_EDGE('',*,*,#6496,.T.);
#9174 = ORIENTED_EDGE('',*,*,#9175,.T.);
#9175 = EDGE_CURVE('',#6497,#4453,#9176,.T.);
#9176 = LINE('',#9177,#9178);
#9177 = CARTESIAN_POINT('',(41.9,64.9,18.6));
#9178 = VECTOR('',#9179,1.);
#9179 = DIRECTION('',(0.,0.,1.));
#9180 = ORIENTED_EDGE('',*,*,#4452,.F.);
#9181 = PLANE('',#9182);
#9182 = AXIS2_PLACEMENT_3D('',#9183,#9184,#9185);
#9183 = CARTESIAN_POINT('',(41.9,60.9,18.6));
#9184 = DIRECTION('',(1.,0.,-0.));
#9185 = DIRECTION('',(0.,0.,1.));
#9186 = ADVANCED_FACE('',(#9187),#9193,.F.);
#9187 = FACE_BOUND('',#9188,.F.);
#9188 = EDGE_LOOP('',(#9189,#9190,#9191,#9192));
#9189 = ORIENTED_EDGE('',*,*,#9158,.F.);
#9190 = ORIENTED_EDGE('',*,*,#6504,.T.);
#9191 = ORIENTED_EDGE('',*,*,#9175,.T.);
#9192 = ORIENTED_EDGE('',*,*,#4460,.F.);
#9193 = PLANE('',#9194);
#9194 = AXIS2_PLACEMENT_3D('',#9195,#9196,#9197);
#9195 = CARTESIAN_POINT('',(41.9,64.9,18.6));
#9196 = DIRECTION('',(-0.,1.,0.));
#9197 = DIRECTION('',(0.,0.,1.));
#9198 = ADVANCED_FACE('',(#9199),#9215,.T.);
#9199 = FACE_BOUND('',#9200,.T.);
#9200 = EDGE_LOOP('',(#9201,#9207,#9208,#9214));
#9201 = ORIENTED_EDGE('',*,*,#9202,.F.);
#9202 = EDGE_CURVE('',#5909,#4477,#9203,.T.);
#9203 = LINE('',#9204,#9205);
#9204 = CARTESIAN_POINT('',(55.9,36.9,18.6));
#9205 = VECTOR('',#9206,1.);
#9206 = DIRECTION('',(0.,0.,1.));
#9207 = ORIENTED_EDGE('',*,*,#5908,.T.);
#9208 = ORIENTED_EDGE('',*,*,#9209,.T.);
#9209 = EDGE_CURVE('',#5911,#4479,#9210,.T.);
#9210 = LINE('',#9211,#9212);
#9211 = CARTESIAN_POINT('',(50.9,36.9,18.6));
#9212 = VECTOR('',#9213,1.);
#9213 = DIRECTION('',(0.,0.,1.));
#9214 = ORIENTED_EDGE('',*,*,#4476,.F.);
#9215 = PLANE('',#9216);
#9216 = AXIS2_PLACEMENT_3D('',#9217,#9218,#9219);
#9217 = CARTESIAN_POINT('',(50.9,36.9,18.6));
#9218 = DIRECTION('',(-0.,1.,0.));
#9219 = DIRECTION('',(0.,0.,1.));
#9220 = ADVANCED_FACE('',(#9221),#9232,.F.);
#9221 = FACE_BOUND('',#9222,.F.);
#9222 = EDGE_LOOP('',(#9223,#9224,#9225,#9231));
#9223 = ORIENTED_EDGE('',*,*,#9202,.F.);
#9224 = ORIENTED_EDGE('',*,*,#5934,.T.);
#9225 = ORIENTED_EDGE('',*,*,#9226,.T.);
#9226 = EDGE_CURVE('',#5927,#4495,#9227,.T.);
#9227 = LINE('',#9228,#9229);
#9228 = CARTESIAN_POINT('',(55.9,40.9,18.6));
#9229 = VECTOR('',#9230,1.);
#9230 = DIRECTION('',(0.,0.,1.));
#9231 = ORIENTED_EDGE('',*,*,#4502,.F.);
#9232 = PLANE('',#9233);
#9233 = AXIS2_PLACEMENT_3D('',#9234,#9235,#9236);
#9234 = CARTESIAN_POINT('',(55.9,36.9,18.6));
#9235 = DIRECTION('',(1.,0.,-0.));
#9236 = DIRECTION('',(0.,0.,1.));
#9237 = ADVANCED_FACE('',(#9238),#9249,.T.);
#9238 = FACE_BOUND('',#9239,.T.);
#9239 = EDGE_LOOP('',(#9240,#9241,#9242,#9248));
#9240 = ORIENTED_EDGE('',*,*,#9209,.F.);
#9241 = ORIENTED_EDGE('',*,*,#5918,.T.);
#9242 = ORIENTED_EDGE('',*,*,#9243,.T.);
#9243 = EDGE_CURVE('',#5919,#4487,#9244,.T.);
#9244 = LINE('',#9245,#9246);
#9245 = CARTESIAN_POINT('',(50.9,40.9,18.6));
#9246 = VECTOR('',#9247,1.);
#9247 = DIRECTION('',(0.,0.,1.));
#9248 = ORIENTED_EDGE('',*,*,#4486,.F.);
#9249 = PLANE('',#9250);
#9250 = AXIS2_PLACEMENT_3D('',#9251,#9252,#9253);
#9251 = CARTESIAN_POINT('',(50.9,36.9,18.6));
#9252 = DIRECTION('',(1.,0.,-0.));
#9253 = DIRECTION('',(0.,0.,1.));
#9254 = ADVANCED_FACE('',(#9255),#9261,.F.);
#9255 = FACE_BOUND('',#9256,.F.);
#9256 = EDGE_LOOP('',(#9257,#9258,#9259,#9260));
#9257 = ORIENTED_EDGE('',*,*,#9226,.F.);
#9258 = ORIENTED_EDGE('',*,*,#5926,.T.);
#9259 = ORIENTED_EDGE('',*,*,#9243,.T.);
#9260 = ORIENTED_EDGE('',*,*,#4494,.F.);
#9261 = PLANE('',#9262);
#9262 = AXIS2_PLACEMENT_3D('',#9263,#9264,#9265);
#9263 = CARTESIAN_POINT('',(50.9,40.9,18.6));
#9264 = DIRECTION('',(-0.,1.,0.));
#9265 = DIRECTION('',(0.,0.,1.));
#9266 = ADVANCED_FACE('',(#9267),#9283,.T.);
#9267 = FACE_BOUND('',#9268,.T.);
#9268 = EDGE_LOOP('',(#9269,#9275,#9276,#9282));
#9269 = ORIENTED_EDGE('',*,*,#9270,.F.);
#9270 = EDGE_CURVE('',#5943,#4511,#9271,.T.);
#9271 = LINE('',#9272,#9273);
#9272 = CARTESIAN_POINT('',(64.9,36.9,18.6));
#9273 = VECTOR('',#9274,1.);
#9274 = DIRECTION('',(0.,0.,1.));
#9275 = ORIENTED_EDGE('',*,*,#5942,.T.);
#9276 = ORIENTED_EDGE('',*,*,#9277,.T.);
#9277 = EDGE_CURVE('',#5945,#4513,#9278,.T.);
#9278 = LINE('',#9279,#9280);
#9279 = CARTESIAN_POINT('',(59.9,36.9,18.6));
#9280 = VECTOR('',#9281,1.);
#9281 = DIRECTION('',(0.,0.,1.));
#9282 = ORIENTED_EDGE('',*,*,#4510,.F.);
#9283 = PLANE('',#9284);
#9284 = AXIS2_PLACEMENT_3D('',#9285,#9286,#9287);
#9285 = CARTESIAN_POINT('',(59.9,36.9,18.6));
#9286 = DIRECTION('',(-0.,1.,0.));
#9287 = DIRECTION('',(0.,0.,1.));
#9288 = ADVANCED_FACE('',(#9289),#9300,.F.);
#9289 = FACE_BOUND('',#9290,.F.);
#9290 = EDGE_LOOP('',(#9291,#9292,#9293,#9299));
#9291 = ORIENTED_EDGE('',*,*,#9270,.F.);
#9292 = ORIENTED_EDGE('',*,*,#5968,.T.);
#9293 = ORIENTED_EDGE('',*,*,#9294,.T.);
#9294 = EDGE_CURVE('',#5961,#4529,#9295,.T.);
#9295 = LINE('',#9296,#9297);
#9296 = CARTESIAN_POINT('',(64.9,40.9,18.6));
#9297 = VECTOR('',#9298,1.);
#9298 = DIRECTION('',(0.,0.,1.));
#9299 = ORIENTED_EDGE('',*,*,#4536,.F.);
#9300 = PLANE('',#9301);
#9301 = AXIS2_PLACEMENT_3D('',#9302,#9303,#9304);
#9302 = CARTESIAN_POINT('',(64.9,36.9,18.6));
#9303 = DIRECTION('',(1.,0.,-0.));
#9304 = DIRECTION('',(0.,0.,1.));
#9305 = ADVANCED_FACE('',(#9306),#9317,.T.);
#9306 = FACE_BOUND('',#9307,.T.);
#9307 = EDGE_LOOP('',(#9308,#9309,#9310,#9316));
#9308 = ORIENTED_EDGE('',*,*,#9277,.F.);
#9309 = ORIENTED_EDGE('',*,*,#5952,.T.);
#9310 = ORIENTED_EDGE('',*,*,#9311,.T.);
#9311 = EDGE_CURVE('',#5953,#4521,#9312,.T.);
#9312 = LINE('',#9313,#9314);
#9313 = CARTESIAN_POINT('',(59.9,40.9,18.6));
#9314 = VECTOR('',#9315,1.);
#9315 = DIRECTION('',(0.,0.,1.));
#9316 = ORIENTED_EDGE('',*,*,#4520,.F.);
#9317 = PLANE('',#9318);
#9318 = AXIS2_PLACEMENT_3D('',#9319,#9320,#9321);
#9319 = CARTESIAN_POINT('',(59.9,36.9,18.6));
#9320 = DIRECTION('',(1.,0.,-0.));
#9321 = DIRECTION('',(0.,0.,1.));
#9322 = ADVANCED_FACE('',(#9323),#9329,.F.);
#9323 = FACE_BOUND('',#9324,.F.);
#9324 = EDGE_LOOP('',(#9325,#9326,#9327,#9328));
#9325 = ORIENTED_EDGE('',*,*,#9294,.F.);
#9326 = ORIENTED_EDGE('',*,*,#5960,.T.);
#9327 = ORIENTED_EDGE('',*,*,#9311,.T.);
#9328 = ORIENTED_EDGE('',*,*,#4528,.F.);
#9329 = PLANE('',#9330);
#9330 = AXIS2_PLACEMENT_3D('',#9331,#9332,#9333);
#9331 = CARTESIAN_POINT('',(59.9,40.9,18.6));
#9332 = DIRECTION('',(-0.,1.,0.));
#9333 = DIRECTION('',(0.,0.,1.));
#9334 = ADVANCED_FACE('',(#9335),#9351,.T.);
#9335 = FACE_BOUND('',#9336,.T.);
#9336 = EDGE_LOOP('',(#9337,#9343,#9344,#9350));
#9337 = ORIENTED_EDGE('',*,*,#9338,.F.);
#9338 = EDGE_CURVE('',#6521,#4545,#9339,.T.);
#9339 = LINE('',#9340,#9341);
#9340 = CARTESIAN_POINT('',(55.9,44.9,18.6));
#9341 = VECTOR('',#9342,1.);
#9342 = DIRECTION('',(0.,0.,1.));
#9343 = ORIENTED_EDGE('',*,*,#6520,.T.);
#9344 = ORIENTED_EDGE('',*,*,#9345,.T.);
#9345 = EDGE_CURVE('',#6523,#4547,#9346,.T.);
#9346 = LINE('',#9347,#9348);
#9347 = CARTESIAN_POINT('',(50.9,44.9,18.6));
#9348 = VECTOR('',#9349,1.);
#9349 = DIRECTION('',(0.,0.,1.));
#9350 = ORIENTED_EDGE('',*,*,#4544,.F.);
#9351 = PLANE('',#9352);
#9352 = AXIS2_PLACEMENT_3D('',#9353,#9354,#9355);
#9353 = CARTESIAN_POINT('',(50.9,44.9,18.6));
#9354 = DIRECTION('',(-0.,1.,0.));
#9355 = DIRECTION('',(0.,0.,1.));
#9356 = ADVANCED_FACE('',(#9357),#9368,.F.);
#9357 = FACE_BOUND('',#9358,.F.);
#9358 = EDGE_LOOP('',(#9359,#9360,#9361,#9367));
#9359 = ORIENTED_EDGE('',*,*,#9338,.F.);
#9360 = ORIENTED_EDGE('',*,*,#6546,.T.);
#9361 = ORIENTED_EDGE('',*,*,#9362,.T.);
#9362 = EDGE_CURVE('',#6539,#4563,#9363,.T.);
#9363 = LINE('',#9364,#9365);
#9364 = CARTESIAN_POINT('',(55.9,48.9,18.6));
#9365 = VECTOR('',#9366,1.);
#9366 = DIRECTION('',(0.,0.,1.));
#9367 = ORIENTED_EDGE('',*,*,#4570,.F.);
#9368 = PLANE('',#9369);
#9369 = AXIS2_PLACEMENT_3D('',#9370,#9371,#9372);
#9370 = CARTESIAN_POINT('',(55.9,44.9,18.6));
#9371 = DIRECTION('',(1.,0.,-0.));
#9372 = DIRECTION('',(0.,0.,1.));
#9373 = ADVANCED_FACE('',(#9374),#9385,.T.);
#9374 = FACE_BOUND('',#9375,.T.);
#9375 = EDGE_LOOP('',(#9376,#9377,#9378,#9384));
#9376 = ORIENTED_EDGE('',*,*,#9345,.F.);
#9377 = ORIENTED_EDGE('',*,*,#6530,.T.);
#9378 = ORIENTED_EDGE('',*,*,#9379,.T.);
#9379 = EDGE_CURVE('',#6531,#4555,#9380,.T.);
#9380 = LINE('',#9381,#9382);
#9381 = CARTESIAN_POINT('',(50.9,48.9,18.6));
#9382 = VECTOR('',#9383,1.);
#9383 = DIRECTION('',(0.,0.,1.));
#9384 = ORIENTED_EDGE('',*,*,#4554,.F.);
#9385 = PLANE('',#9386);
#9386 = AXIS2_PLACEMENT_3D('',#9387,#9388,#9389);
#9387 = CARTESIAN_POINT('',(50.9,44.9,18.6));
#9388 = DIRECTION('',(1.,0.,-0.));
#9389 = DIRECTION('',(0.,0.,1.));
#9390 = ADVANCED_FACE('',(#9391),#9397,.F.);
#9391 = FACE_BOUND('',#9392,.F.);
#9392 = EDGE_LOOP('',(#9393,#9394,#9395,#9396));
#9393 = ORIENTED_EDGE('',*,*,#9362,.F.);
#9394 = ORIENTED_EDGE('',*,*,#6538,.T.);
#9395 = ORIENTED_EDGE('',*,*,#9379,.T.);
#9396 = ORIENTED_EDGE('',*,*,#4562,.F.);
#9397 = PLANE('',#9398);
#9398 = AXIS2_PLACEMENT_3D('',#9399,#9400,#9401);
#9399 = CARTESIAN_POINT('',(50.9,48.9,18.6));
#9400 = DIRECTION('',(-0.,1.,0.));
#9401 = DIRECTION('',(0.,0.,1.));
#9402 = ADVANCED_FACE('',(#9403),#9419,.T.);
#9403 = FACE_BOUND('',#9404,.T.);
#9404 = EDGE_LOOP('',(#9405,#9411,#9412,#9418));
#9405 = ORIENTED_EDGE('',*,*,#9406,.F.);
#9406 = EDGE_CURVE('',#6555,#4579,#9407,.T.);
#9407 = LINE('',#9408,#9409);
#9408 = CARTESIAN_POINT('',(64.9,44.9,18.6));
#9409 = VECTOR('',#9410,1.);
#9410 = DIRECTION('',(0.,0.,1.));
#9411 = ORIENTED_EDGE('',*,*,#6554,.T.);
#9412 = ORIENTED_EDGE('',*,*,#9413,.T.);
#9413 = EDGE_CURVE('',#6557,#4581,#9414,.T.);
#9414 = LINE('',#9415,#9416);
#9415 = CARTESIAN_POINT('',(59.9,44.9,18.6));
#9416 = VECTOR('',#9417,1.);
#9417 = DIRECTION('',(0.,0.,1.));
#9418 = ORIENTED_EDGE('',*,*,#4578,.F.);
#9419 = PLANE('',#9420);
#9420 = AXIS2_PLACEMENT_3D('',#9421,#9422,#9423);
#9421 = CARTESIAN_POINT('',(59.9,44.9,18.6));
#9422 = DIRECTION('',(-0.,1.,0.));
#9423 = DIRECTION('',(0.,0.,1.));
#9424 = ADVANCED_FACE('',(#9425),#9436,.F.);
#9425 = FACE_BOUND('',#9426,.F.);
#9426 = EDGE_LOOP('',(#9427,#9428,#9429,#9435));
#9427 = ORIENTED_EDGE('',*,*,#9406,.F.);
#9428 = ORIENTED_EDGE('',*,*,#6580,.T.);
#9429 = ORIENTED_EDGE('',*,*,#9430,.T.);
#9430 = EDGE_CURVE('',#6573,#4597,#9431,.T.);
#9431 = LINE('',#9432,#9433);
#9432 = CARTESIAN_POINT('',(64.9,48.9,18.6));
#9433 = VECTOR('',#9434,1.);
#9434 = DIRECTION('',(0.,0.,1.));
#9435 = ORIENTED_EDGE('',*,*,#4604,.F.);
#9436 = PLANE('',#9437);
#9437 = AXIS2_PLACEMENT_3D('',#9438,#9439,#9440);
#9438 = CARTESIAN_POINT('',(64.9,44.9,18.6));
#9439 = DIRECTION('',(1.,0.,-0.));
#9440 = DIRECTION('',(0.,0.,1.));
#9441 = ADVANCED_FACE('',(#9442),#9453,.T.);
#9442 = FACE_BOUND('',#9443,.T.);
#9443 = EDGE_LOOP('',(#9444,#9445,#9446,#9452));
#9444 = ORIENTED_EDGE('',*,*,#9413,.F.);
#9445 = ORIENTED_EDGE('',*,*,#6564,.T.);
#9446 = ORIENTED_EDGE('',*,*,#9447,.T.);
#9447 = EDGE_CURVE('',#6565,#4589,#9448,.T.);
#9448 = LINE('',#9449,#9450);
#9449 = CARTESIAN_POINT('',(59.9,48.9,18.6));
#9450 = VECTOR('',#9451,1.);
#9451 = DIRECTION('',(0.,0.,1.));
#9452 = ORIENTED_EDGE('',*,*,#4588,.F.);
#9453 = PLANE('',#9454);
#9454 = AXIS2_PLACEMENT_3D('',#9455,#9456,#9457);
#9455 = CARTESIAN_POINT('',(59.9,44.9,18.6));
#9456 = DIRECTION('',(1.,0.,-0.));
#9457 = DIRECTION('',(0.,0.,1.));
#9458 = ADVANCED_FACE('',(#9459),#9465,.F.);
#9459 = FACE_BOUND('',#9460,.F.);
#9460 = EDGE_LOOP('',(#9461,#9462,#9463,#9464));
#9461 = ORIENTED_EDGE('',*,*,#9430,.F.);
#9462 = ORIENTED_EDGE('',*,*,#6572,.T.);
#9463 = ORIENTED_EDGE('',*,*,#9447,.T.);
#9464 = ORIENTED_EDGE('',*,*,#4596,.F.);
#9465 = PLANE('',#9466);
#9466 = AXIS2_PLACEMENT_3D('',#9467,#9468,#9469);
#9467 = CARTESIAN_POINT('',(59.9,48.9,18.6));
#9468 = DIRECTION('',(-0.,1.,0.));
#9469 = DIRECTION('',(0.,0.,1.));
#9470 = ADVANCED_FACE('',(#9471),#9487,.T.);
#9471 = FACE_BOUND('',#9472,.T.);
#9472 = EDGE_LOOP('',(#9473,#9479,#9480,#9486));
#9473 = ORIENTED_EDGE('',*,*,#9474,.F.);
#9474 = EDGE_CURVE('',#6045,#4613,#9475,.T.);
#9475 = LINE('',#9476,#9477);
#9476 = CARTESIAN_POINT('',(73.9,36.9,18.6));
#9477 = VECTOR('',#9478,1.);
#9478 = DIRECTION('',(0.,0.,1.));
#9479 = ORIENTED_EDGE('',*,*,#6044,.T.);
#9480 = ORIENTED_EDGE('',*,*,#9481,.T.);
#9481 = EDGE_CURVE('',#6047,#4615,#9482,.T.);
#9482 = LINE('',#9483,#9484);
#9483 = CARTESIAN_POINT('',(68.9,36.9,18.6));
#9484 = VECTOR('',#9485,1.);
#9485 = DIRECTION('',(0.,0.,1.));
#9486 = ORIENTED_EDGE('',*,*,#4612,.F.);
#9487 = PLANE('',#9488);
#9488 = AXIS2_PLACEMENT_3D('',#9489,#9490,#9491);
#9489 = CARTESIAN_POINT('',(68.9,36.9,18.6));
#9490 = DIRECTION('',(-0.,1.,0.));
#9491 = DIRECTION('',(0.,0.,1.));
#9492 = ADVANCED_FACE('',(#9493),#9504,.F.);
#9493 = FACE_BOUND('',#9494,.F.);
#9494 = EDGE_LOOP('',(#9495,#9496,#9497,#9503));
#9495 = ORIENTED_EDGE('',*,*,#9474,.F.);
#9496 = ORIENTED_EDGE('',*,*,#6070,.T.);
#9497 = ORIENTED_EDGE('',*,*,#9498,.T.);
#9498 = EDGE_CURVE('',#6063,#4631,#9499,.T.);
#9499 = LINE('',#9500,#9501);
#9500 = CARTESIAN_POINT('',(73.9,40.9,18.6));
#9501 = VECTOR('',#9502,1.);
#9502 = DIRECTION('',(0.,0.,1.));
#9503 = ORIENTED_EDGE('',*,*,#4638,.F.);
#9504 = PLANE('',#9505);
#9505 = AXIS2_PLACEMENT_3D('',#9506,#9507,#9508);
#9506 = CARTESIAN_POINT('',(73.9,36.9,18.6));
#9507 = DIRECTION('',(1.,0.,-0.));
#9508 = DIRECTION('',(0.,0.,1.));
#9509 = ADVANCED_FACE('',(#9510),#9521,.T.);
#9510 = FACE_BOUND('',#9511,.T.);
#9511 = EDGE_LOOP('',(#9512,#9513,#9514,#9520));
#9512 = ORIENTED_EDGE('',*,*,#9481,.F.);
#9513 = ORIENTED_EDGE('',*,*,#6054,.T.);
#9514 = ORIENTED_EDGE('',*,*,#9515,.T.);
#9515 = EDGE_CURVE('',#6055,#4623,#9516,.T.);
#9516 = LINE('',#9517,#9518);
#9517 = CARTESIAN_POINT('',(68.9,40.9,18.6));
#9518 = VECTOR('',#9519,1.);
#9519 = DIRECTION('',(0.,0.,1.));
#9520 = ORIENTED_EDGE('',*,*,#4622,.F.);
#9521 = PLANE('',#9522);
#9522 = AXIS2_PLACEMENT_3D('',#9523,#9524,#9525);
#9523 = CARTESIAN_POINT('',(68.9,36.9,18.6));
#9524 = DIRECTION('',(1.,0.,-0.));
#9525 = DIRECTION('',(0.,0.,1.));
#9526 = ADVANCED_FACE('',(#9527),#9533,.F.);
#9527 = FACE_BOUND('',#9528,.F.);
#9528 = EDGE_LOOP('',(#9529,#9530,#9531,#9532));
#9529 = ORIENTED_EDGE('',*,*,#9498,.F.);
#9530 = ORIENTED_EDGE('',*,*,#6062,.T.);
#9531 = ORIENTED_EDGE('',*,*,#9515,.T.);
#9532 = ORIENTED_EDGE('',*,*,#4630,.F.);
#9533 = PLANE('',#9534);
#9534 = AXIS2_PLACEMENT_3D('',#9535,#9536,#9537);
#9535 = CARTESIAN_POINT('',(68.9,40.9,18.6));
#9536 = DIRECTION('',(-0.,1.,0.));
#9537 = DIRECTION('',(0.,0.,1.));
#9538 = ADVANCED_FACE('',(#9539),#9555,.T.);
#9539 = FACE_BOUND('',#9540,.T.);
#9540 = EDGE_LOOP('',(#9541,#9547,#9548,#9554));
#9541 = ORIENTED_EDGE('',*,*,#9542,.F.);
#9542 = EDGE_CURVE('',#6079,#4647,#9543,.T.);
#9543 = LINE('',#9544,#9545);
#9544 = CARTESIAN_POINT('',(82.9,36.9,18.6));
#9545 = VECTOR('',#9546,1.);
#9546 = DIRECTION('',(0.,0.,1.));
#9547 = ORIENTED_EDGE('',*,*,#6078,.T.);
#9548 = ORIENTED_EDGE('',*,*,#9549,.T.);
#9549 = EDGE_CURVE('',#6081,#4649,#9550,.T.);
#9550 = LINE('',#9551,#9552);
#9551 = CARTESIAN_POINT('',(77.9,36.9,18.6));
#9552 = VECTOR('',#9553,1.);
#9553 = DIRECTION('',(0.,0.,1.));
#9554 = ORIENTED_EDGE('',*,*,#4646,.F.);
#9555 = PLANE('',#9556);
#9556 = AXIS2_PLACEMENT_3D('',#9557,#9558,#9559);
#9557 = CARTESIAN_POINT('',(77.9,36.9,18.6));
#9558 = DIRECTION('',(-0.,1.,0.));
#9559 = DIRECTION('',(0.,0.,1.));
#9560 = ADVANCED_FACE('',(#9561),#9572,.F.);
#9561 = FACE_BOUND('',#9562,.F.);
#9562 = EDGE_LOOP('',(#9563,#9564,#9565,#9571));
#9563 = ORIENTED_EDGE('',*,*,#9542,.F.);
#9564 = ORIENTED_EDGE('',*,*,#6104,.T.);
#9565 = ORIENTED_EDGE('',*,*,#9566,.T.);
#9566 = EDGE_CURVE('',#6097,#4665,#9567,.T.);
#9567 = LINE('',#9568,#9569);
#9568 = CARTESIAN_POINT('',(82.9,40.9,18.6));
#9569 = VECTOR('',#9570,1.);
#9570 = DIRECTION('',(0.,0.,1.));
#9571 = ORIENTED_EDGE('',*,*,#4672,.F.);
#9572 = PLANE('',#9573);
#9573 = AXIS2_PLACEMENT_3D('',#9574,#9575,#9576);
#9574 = CARTESIAN_POINT('',(82.9,36.9,18.6));
#9575 = DIRECTION('',(1.,0.,-0.));
#9576 = DIRECTION('',(0.,0.,1.));
#9577 = ADVANCED_FACE('',(#9578),#9589,.T.);
#9578 = FACE_BOUND('',#9579,.T.);
#9579 = EDGE_LOOP('',(#9580,#9581,#9582,#9588));
#9580 = ORIENTED_EDGE('',*,*,#9549,.F.);
#9581 = ORIENTED_EDGE('',*,*,#6088,.T.);
#9582 = ORIENTED_EDGE('',*,*,#9583,.T.);
#9583 = EDGE_CURVE('',#6089,#4657,#9584,.T.);
#9584 = LINE('',#9585,#9586);
#9585 = CARTESIAN_POINT('',(77.9,40.9,18.6));
#9586 = VECTOR('',#9587,1.);
#9587 = DIRECTION('',(0.,0.,1.));
#9588 = ORIENTED_EDGE('',*,*,#4656,.F.);
#9589 = PLANE('',#9590);
#9590 = AXIS2_PLACEMENT_3D('',#9591,#9592,#9593);
#9591 = CARTESIAN_POINT('',(77.9,36.9,18.6));
#9592 = DIRECTION('',(1.,0.,-0.));
#9593 = DIRECTION('',(0.,0.,1.));
#9594 = ADVANCED_FACE('',(#9595),#9601,.F.);
#9595 = FACE_BOUND('',#9596,.F.);
#9596 = EDGE_LOOP('',(#9597,#9598,#9599,#9600));
#9597 = ORIENTED_EDGE('',*,*,#9566,.F.);
#9598 = ORIENTED_EDGE('',*,*,#6096,.T.);
#9599 = ORIENTED_EDGE('',*,*,#9583,.T.);
#9600 = ORIENTED_EDGE('',*,*,#4664,.F.);
#9601 = PLANE('',#9602);
#9602 = AXIS2_PLACEMENT_3D('',#9603,#9604,#9605);
#9603 = CARTESIAN_POINT('',(77.9,40.9,18.6));
#9604 = DIRECTION('',(-0.,1.,0.));
#9605 = DIRECTION('',(0.,0.,1.));
#9606 = ADVANCED_FACE('',(#9607),#9623,.T.);
#9607 = FACE_BOUND('',#9608,.T.);
#9608 = EDGE_LOOP('',(#9609,#9615,#9616,#9622));
#9609 = ORIENTED_EDGE('',*,*,#9610,.F.);
#9610 = EDGE_CURVE('',#6589,#4681,#9611,.T.);
#9611 = LINE('',#9612,#9613);
#9612 = CARTESIAN_POINT('',(73.9,44.9,18.6));
#9613 = VECTOR('',#9614,1.);
#9614 = DIRECTION('',(0.,0.,1.));
#9615 = ORIENTED_EDGE('',*,*,#6588,.T.);
#9616 = ORIENTED_EDGE('',*,*,#9617,.T.);
#9617 = EDGE_CURVE('',#6591,#4683,#9618,.T.);
#9618 = LINE('',#9619,#9620);
#9619 = CARTESIAN_POINT('',(68.9,44.9,18.6));
#9620 = VECTOR('',#9621,1.);
#9621 = DIRECTION('',(0.,0.,1.));
#9622 = ORIENTED_EDGE('',*,*,#4680,.F.);
#9623 = PLANE('',#9624);
#9624 = AXIS2_PLACEMENT_3D('',#9625,#9626,#9627);
#9625 = CARTESIAN_POINT('',(68.9,44.9,18.6));
#9626 = DIRECTION('',(-0.,1.,0.));
#9627 = DIRECTION('',(0.,0.,1.));
#9628 = ADVANCED_FACE('',(#9629),#9640,.F.);
#9629 = FACE_BOUND('',#9630,.F.);
#9630 = EDGE_LOOP('',(#9631,#9632,#9633,#9639));
#9631 = ORIENTED_EDGE('',*,*,#9610,.F.);
#9632 = ORIENTED_EDGE('',*,*,#6614,.T.);
#9633 = ORIENTED_EDGE('',*,*,#9634,.T.);
#9634 = EDGE_CURVE('',#6607,#4699,#9635,.T.);
#9635 = LINE('',#9636,#9637);
#9636 = CARTESIAN_POINT('',(73.9,48.9,18.6));
#9637 = VECTOR('',#9638,1.);
#9638 = DIRECTION('',(0.,0.,1.));
#9639 = ORIENTED_EDGE('',*,*,#4706,.F.);
#9640 = PLANE('',#9641);
#9641 = AXIS2_PLACEMENT_3D('',#9642,#9643,#9644);
#9642 = CARTESIAN_POINT('',(73.9,44.9,18.6));
#9643 = DIRECTION('',(1.,0.,-0.));
#9644 = DIRECTION('',(0.,0.,1.));
#9645 = ADVANCED_FACE('',(#9646),#9657,.T.);
#9646 = FACE_BOUND('',#9647,.T.);
#9647 = EDGE_LOOP('',(#9648,#9649,#9650,#9656));
#9648 = ORIENTED_EDGE('',*,*,#9617,.F.);
#9649 = ORIENTED_EDGE('',*,*,#6598,.T.);
#9650 = ORIENTED_EDGE('',*,*,#9651,.T.);
#9651 = EDGE_CURVE('',#6599,#4691,#9652,.T.);
#9652 = LINE('',#9653,#9654);
#9653 = CARTESIAN_POINT('',(68.9,48.9,18.6));
#9654 = VECTOR('',#9655,1.);
#9655 = DIRECTION('',(0.,0.,1.));
#9656 = ORIENTED_EDGE('',*,*,#4690,.F.);
#9657 = PLANE('',#9658);
#9658 = AXIS2_PLACEMENT_3D('',#9659,#9660,#9661);
#9659 = CARTESIAN_POINT('',(68.9,44.9,18.6));
#9660 = DIRECTION('',(1.,0.,-0.));
#9661 = DIRECTION('',(0.,0.,1.));
#9662 = ADVANCED_FACE('',(#9663),#9669,.F.);
#9663 = FACE_BOUND('',#9664,.F.);
#9664 = EDGE_LOOP('',(#9665,#9666,#9667,#9668));
#9665 = ORIENTED_EDGE('',*,*,#9634,.F.);
#9666 = ORIENTED_EDGE('',*,*,#6606,.T.);
#9667 = ORIENTED_EDGE('',*,*,#9651,.T.);
#9668 = ORIENTED_EDGE('',*,*,#4698,.F.);
#9669 = PLANE('',#9670);
#9670 = AXIS2_PLACEMENT_3D('',#9671,#9672,#9673);
#9671 = CARTESIAN_POINT('',(68.9,48.9,18.6));
#9672 = DIRECTION('',(-0.,1.,0.));
#9673 = DIRECTION('',(0.,0.,1.));
#9674 = ADVANCED_FACE('',(#9675),#9691,.T.);
#9675 = FACE_BOUND('',#9676,.T.);
#9676 = EDGE_LOOP('',(#9677,#9683,#9684,#9690));
#9677 = ORIENTED_EDGE('',*,*,#9678,.F.);
#9678 = EDGE_CURVE('',#6623,#4715,#9679,.T.);
#9679 = LINE('',#9680,#9681);
#9680 = CARTESIAN_POINT('',(82.9,44.9,18.6));
#9681 = VECTOR('',#9682,1.);
#9682 = DIRECTION('',(0.,0.,1.));
#9683 = ORIENTED_EDGE('',*,*,#6622,.T.);
#9684 = ORIENTED_EDGE('',*,*,#9685,.T.);
#9685 = EDGE_CURVE('',#6625,#4717,#9686,.T.);
#9686 = LINE('',#9687,#9688);
#9687 = CARTESIAN_POINT('',(77.9,44.9,18.6));
#9688 = VECTOR('',#9689,1.);
#9689 = DIRECTION('',(0.,0.,1.));
#9690 = ORIENTED_EDGE('',*,*,#4714,.F.);
#9691 = PLANE('',#9692);
#9692 = AXIS2_PLACEMENT_3D('',#9693,#9694,#9695);
#9693 = CARTESIAN_POINT('',(77.9,44.9,18.6));
#9694 = DIRECTION('',(-0.,1.,0.));
#9695 = DIRECTION('',(0.,0.,1.));
#9696 = ADVANCED_FACE('',(#9697),#9708,.F.);
#9697 = FACE_BOUND('',#9698,.F.);
#9698 = EDGE_LOOP('',(#9699,#9700,#9701,#9707));
#9699 = ORIENTED_EDGE('',*,*,#9678,.F.);
#9700 = ORIENTED_EDGE('',*,*,#6648,.T.);
#9701 = ORIENTED_EDGE('',*,*,#9702,.T.);
#9702 = EDGE_CURVE('',#6641,#4733,#9703,.T.);
#9703 = LINE('',#9704,#9705);
#9704 = CARTESIAN_POINT('',(82.9,48.9,18.6));
#9705 = VECTOR('',#9706,1.);
#9706 = DIRECTION('',(0.,0.,1.));
#9707 = ORIENTED_EDGE('',*,*,#4740,.F.);
#9708 = PLANE('',#9709);
#9709 = AXIS2_PLACEMENT_3D('',#9710,#9711,#9712);
#9710 = CARTESIAN_POINT('',(82.9,44.9,18.6));
#9711 = DIRECTION('',(1.,0.,-0.));
#9712 = DIRECTION('',(0.,0.,1.));
#9713 = ADVANCED_FACE('',(#9714),#9725,.T.);
#9714 = FACE_BOUND('',#9715,.T.);
#9715 = EDGE_LOOP('',(#9716,#9717,#9718,#9724));
#9716 = ORIENTED_EDGE('',*,*,#9685,.F.);
#9717 = ORIENTED_EDGE('',*,*,#6632,.T.);
#9718 = ORIENTED_EDGE('',*,*,#9719,.T.);
#9719 = EDGE_CURVE('',#6633,#4725,#9720,.T.);
#9720 = LINE('',#9721,#9722);
#9721 = CARTESIAN_POINT('',(77.9,48.9,18.6));
#9722 = VECTOR('',#9723,1.);
#9723 = DIRECTION('',(0.,0.,1.));
#9724 = ORIENTED_EDGE('',*,*,#4724,.F.);
#9725 = PLANE('',#9726);
#9726 = AXIS2_PLACEMENT_3D('',#9727,#9728,#9729);
#9727 = CARTESIAN_POINT('',(77.9,44.9,18.6));
#9728 = DIRECTION('',(1.,0.,-0.));
#9729 = DIRECTION('',(0.,0.,1.));
#9730 = ADVANCED_FACE('',(#9731),#9737,.F.);
#9731 = FACE_BOUND('',#9732,.F.);
#9732 = EDGE_LOOP('',(#9733,#9734,#9735,#9736));
#9733 = ORIENTED_EDGE('',*,*,#9702,.F.);
#9734 = ORIENTED_EDGE('',*,*,#6640,.T.);
#9735 = ORIENTED_EDGE('',*,*,#9719,.T.);
#9736 = ORIENTED_EDGE('',*,*,#4732,.F.);
#9737 = PLANE('',#9738);
#9738 = AXIS2_PLACEMENT_3D('',#9739,#9740,#9741);
#9739 = CARTESIAN_POINT('',(77.9,48.9,18.6));
#9740 = DIRECTION('',(-0.,1.,0.));
#9741 = DIRECTION('',(0.,0.,1.));
#9742 = ADVANCED_FACE('',(#9743),#9759,.T.);
#9743 = FACE_BOUND('',#9744,.T.);
#9744 = EDGE_LOOP('',(#9745,#9751,#9752,#9758));
#9745 = ORIENTED_EDGE('',*,*,#9746,.F.);
#9746 = EDGE_CURVE('',#6657,#4749,#9747,.T.);
#9747 = LINE('',#9748,#9749);
#9748 = CARTESIAN_POINT('',(55.9,52.9,18.6));
#9749 = VECTOR('',#9750,1.);
#9750 = DIRECTION('',(0.,0.,1.));
#9751 = ORIENTED_EDGE('',*,*,#6656,.T.);
#9752 = ORIENTED_EDGE('',*,*,#9753,.T.);
#9753 = EDGE_CURVE('',#6659,#4751,#9754,.T.);
#9754 = LINE('',#9755,#9756);
#9755 = CARTESIAN_POINT('',(50.9,52.9,18.6));
#9756 = VECTOR('',#9757,1.);
#9757 = DIRECTION('',(0.,0.,1.));
#9758 = ORIENTED_EDGE('',*,*,#4748,.F.);
#9759 = PLANE('',#9760);
#9760 = AXIS2_PLACEMENT_3D('',#9761,#9762,#9763);
#9761 = CARTESIAN_POINT('',(50.9,52.9,18.6));
#9762 = DIRECTION('',(-0.,1.,0.));
#9763 = DIRECTION('',(0.,0.,1.));
#9764 = ADVANCED_FACE('',(#9765),#9776,.F.);
#9765 = FACE_BOUND('',#9766,.F.);
#9766 = EDGE_LOOP('',(#9767,#9768,#9769,#9775));
#9767 = ORIENTED_EDGE('',*,*,#9746,.F.);
#9768 = ORIENTED_EDGE('',*,*,#6682,.T.);
#9769 = ORIENTED_EDGE('',*,*,#9770,.T.);
#9770 = EDGE_CURVE('',#6675,#4767,#9771,.T.);
#9771 = LINE('',#9772,#9773);
#9772 = CARTESIAN_POINT('',(55.9,56.9,18.6));
#9773 = VECTOR('',#9774,1.);
#9774 = DIRECTION('',(0.,0.,1.));
#9775 = ORIENTED_EDGE('',*,*,#4774,.F.);
#9776 = PLANE('',#9777);
#9777 = AXIS2_PLACEMENT_3D('',#9778,#9779,#9780);
#9778 = CARTESIAN_POINT('',(55.9,52.9,18.6));
#9779 = DIRECTION('',(1.,0.,-0.));
#9780 = DIRECTION('',(0.,0.,1.));
#9781 = ADVANCED_FACE('',(#9782),#9793,.T.);
#9782 = FACE_BOUND('',#9783,.T.);
#9783 = EDGE_LOOP('',(#9784,#9785,#9786,#9792));
#9784 = ORIENTED_EDGE('',*,*,#9753,.F.);
#9785 = ORIENTED_EDGE('',*,*,#6666,.T.);
#9786 = ORIENTED_EDGE('',*,*,#9787,.T.);
#9787 = EDGE_CURVE('',#6667,#4759,#9788,.T.);
#9788 = LINE('',#9789,#9790);
#9789 = CARTESIAN_POINT('',(50.9,56.9,18.6));
#9790 = VECTOR('',#9791,1.);
#9791 = DIRECTION('',(0.,0.,1.));
#9792 = ORIENTED_EDGE('',*,*,#4758,.F.);
#9793 = PLANE('',#9794);
#9794 = AXIS2_PLACEMENT_3D('',#9795,#9796,#9797);
#9795 = CARTESIAN_POINT('',(50.9,52.9,18.6));
#9796 = DIRECTION('',(1.,0.,-0.));
#9797 = DIRECTION('',(0.,0.,1.));
#9798 = ADVANCED_FACE('',(#9799),#9805,.F.);
#9799 = FACE_BOUND('',#9800,.F.);
#9800 = EDGE_LOOP('',(#9801,#9802,#9803,#9804));
#9801 = ORIENTED_EDGE('',*,*,#9770,.F.);
#9802 = ORIENTED_EDGE('',*,*,#6674,.T.);
#9803 = ORIENTED_EDGE('',*,*,#9787,.T.);
#9804 = ORIENTED_EDGE('',*,*,#4766,.F.);
#9805 = PLANE('',#9806);
#9806 = AXIS2_PLACEMENT_3D('',#9807,#9808,#9809);
#9807 = CARTESIAN_POINT('',(50.9,56.9,18.6));
#9808 = DIRECTION('',(-0.,1.,0.));
#9809 = DIRECTION('',(0.,0.,1.));
#9810 = ADVANCED_FACE('',(#9811),#9827,.T.);
#9811 = FACE_BOUND('',#9812,.T.);
#9812 = EDGE_LOOP('',(#9813,#9819,#9820,#9826));
#9813 = ORIENTED_EDGE('',*,*,#9814,.F.);
#9814 = EDGE_CURVE('',#6691,#4783,#9815,.T.);
#9815 = LINE('',#9816,#9817);
#9816 = CARTESIAN_POINT('',(64.9,52.9,18.6));
#9817 = VECTOR('',#9818,1.);
#9818 = DIRECTION('',(0.,0.,1.));
#9819 = ORIENTED_EDGE('',*,*,#6690,.T.);
#9820 = ORIENTED_EDGE('',*,*,#9821,.T.);
#9821 = EDGE_CURVE('',#6693,#4785,#9822,.T.);
#9822 = LINE('',#9823,#9824);
#9823 = CARTESIAN_POINT('',(59.9,52.9,18.6));
#9824 = VECTOR('',#9825,1.);
#9825 = DIRECTION('',(0.,0.,1.));
#9826 = ORIENTED_EDGE('',*,*,#4782,.F.);
#9827 = PLANE('',#9828);
#9828 = AXIS2_PLACEMENT_3D('',#9829,#9830,#9831);
#9829 = CARTESIAN_POINT('',(59.9,52.9,18.6));
#9830 = DIRECTION('',(-0.,1.,0.));
#9831 = DIRECTION('',(0.,0.,1.));
#9832 = ADVANCED_FACE('',(#9833),#9844,.F.);
#9833 = FACE_BOUND('',#9834,.F.);
#9834 = EDGE_LOOP('',(#9835,#9836,#9837,#9843));
#9835 = ORIENTED_EDGE('',*,*,#9814,.F.);
#9836 = ORIENTED_EDGE('',*,*,#6716,.T.);
#9837 = ORIENTED_EDGE('',*,*,#9838,.T.);
#9838 = EDGE_CURVE('',#6709,#4801,#9839,.T.);
#9839 = LINE('',#9840,#9841);
#9840 = CARTESIAN_POINT('',(64.9,56.9,18.6));
#9841 = VECTOR('',#9842,1.);
#9842 = DIRECTION('',(0.,0.,1.));
#9843 = ORIENTED_EDGE('',*,*,#4808,.F.);
#9844 = PLANE('',#9845);
#9845 = AXIS2_PLACEMENT_3D('',#9846,#9847,#9848);
#9846 = CARTESIAN_POINT('',(64.9,52.9,18.6));
#9847 = DIRECTION('',(1.,0.,-0.));
#9848 = DIRECTION('',(0.,0.,1.));
#9849 = ADVANCED_FACE('',(#9850),#9861,.T.);
#9850 = FACE_BOUND('',#9851,.T.);
#9851 = EDGE_LOOP('',(#9852,#9853,#9854,#9860));
#9852 = ORIENTED_EDGE('',*,*,#9821,.F.);
#9853 = ORIENTED_EDGE('',*,*,#6700,.T.);
#9854 = ORIENTED_EDGE('',*,*,#9855,.T.);
#9855 = EDGE_CURVE('',#6701,#4793,#9856,.T.);
#9856 = LINE('',#9857,#9858);
#9857 = CARTESIAN_POINT('',(59.9,56.9,18.6));
#9858 = VECTOR('',#9859,1.);
#9859 = DIRECTION('',(0.,0.,1.));
#9860 = ORIENTED_EDGE('',*,*,#4792,.F.);
#9861 = PLANE('',#9862);
#9862 = AXIS2_PLACEMENT_3D('',#9863,#9864,#9865);
#9863 = CARTESIAN_POINT('',(59.9,52.9,18.6));
#9864 = DIRECTION('',(1.,0.,-0.));
#9865 = DIRECTION('',(0.,0.,1.));
#9866 = ADVANCED_FACE('',(#9867),#9873,.F.);
#9867 = FACE_BOUND('',#9868,.F.);
#9868 = EDGE_LOOP('',(#9869,#9870,#9871,#9872));
#9869 = ORIENTED_EDGE('',*,*,#9838,.F.);
#9870 = ORIENTED_EDGE('',*,*,#6708,.T.);
#9871 = ORIENTED_EDGE('',*,*,#9855,.T.);
#9872 = ORIENTED_EDGE('',*,*,#4800,.F.);
#9873 = PLANE('',#9874);
#9874 = AXIS2_PLACEMENT_3D('',#9875,#9876,#9877);
#9875 = CARTESIAN_POINT('',(59.9,56.9,18.6));
#9876 = DIRECTION('',(-0.,1.,0.));
#9877 = DIRECTION('',(0.,0.,1.));
#9878 = ADVANCED_FACE('',(#9879),#9895,.T.);
#9879 = FACE_BOUND('',#9880,.T.);
#9880 = EDGE_LOOP('',(#9881,#9887,#9888,#9894));
#9881 = ORIENTED_EDGE('',*,*,#9882,.F.);
#9882 = EDGE_CURVE('',#6725,#4817,#9883,.T.);
#9883 = LINE('',#9884,#9885);
#9884 = CARTESIAN_POINT('',(55.9,60.9,18.6));
#9885 = VECTOR('',#9886,1.);
#9886 = DIRECTION('',(0.,0.,1.));
#9887 = ORIENTED_EDGE('',*,*,#6724,.T.);
#9888 = ORIENTED_EDGE('',*,*,#9889,.T.);
#9889 = EDGE_CURVE('',#6727,#4819,#9890,.T.);
#9890 = LINE('',#9891,#9892);
#9891 = CARTESIAN_POINT('',(50.9,60.9,18.6));
#9892 = VECTOR('',#9893,1.);
#9893 = DIRECTION('',(0.,0.,1.));
#9894 = ORIENTED_EDGE('',*,*,#4816,.F.);
#9895 = PLANE('',#9896);
#9896 = AXIS2_PLACEMENT_3D('',#9897,#9898,#9899);
#9897 = CARTESIAN_POINT('',(50.9,60.9,18.6));
#9898 = DIRECTION('',(-0.,1.,0.));
#9899 = DIRECTION('',(0.,0.,1.));
#9900 = ADVANCED_FACE('',(#9901),#9912,.F.);
#9901 = FACE_BOUND('',#9902,.F.);
#9902 = EDGE_LOOP('',(#9903,#9904,#9905,#9911));
#9903 = ORIENTED_EDGE('',*,*,#9882,.F.);
#9904 = ORIENTED_EDGE('',*,*,#6750,.T.);
#9905 = ORIENTED_EDGE('',*,*,#9906,.T.);
#9906 = EDGE_CURVE('',#6743,#4835,#9907,.T.);
#9907 = LINE('',#9908,#9909);
#9908 = CARTESIAN_POINT('',(55.9,64.9,18.6));
#9909 = VECTOR('',#9910,1.);
#9910 = DIRECTION('',(0.,0.,1.));
#9911 = ORIENTED_EDGE('',*,*,#4842,.F.);
#9912 = PLANE('',#9913);
#9913 = AXIS2_PLACEMENT_3D('',#9914,#9915,#9916);
#9914 = CARTESIAN_POINT('',(55.9,60.9,18.6));
#9915 = DIRECTION('',(1.,0.,-0.));
#9916 = DIRECTION('',(0.,0.,1.));
#9917 = ADVANCED_FACE('',(#9918),#9929,.T.);
#9918 = FACE_BOUND('',#9919,.T.);
#9919 = EDGE_LOOP('',(#9920,#9921,#9922,#9928));
#9920 = ORIENTED_EDGE('',*,*,#9889,.F.);
#9921 = ORIENTED_EDGE('',*,*,#6734,.T.);
#9922 = ORIENTED_EDGE('',*,*,#9923,.T.);
#9923 = EDGE_CURVE('',#6735,#4827,#9924,.T.);
#9924 = LINE('',#9925,#9926);
#9925 = CARTESIAN_POINT('',(50.9,64.9,18.6));
#9926 = VECTOR('',#9927,1.);
#9927 = DIRECTION('',(0.,0.,1.));
#9928 = ORIENTED_EDGE('',*,*,#4826,.F.);
#9929 = PLANE('',#9930);
#9930 = AXIS2_PLACEMENT_3D('',#9931,#9932,#9933);
#9931 = CARTESIAN_POINT('',(50.9,60.9,18.6));
#9932 = DIRECTION('',(1.,0.,-0.));
#9933 = DIRECTION('',(0.,0.,1.));
#9934 = ADVANCED_FACE('',(#9935),#9941,.F.);
#9935 = FACE_BOUND('',#9936,.F.);
#9936 = EDGE_LOOP('',(#9937,#9938,#9939,#9940));
#9937 = ORIENTED_EDGE('',*,*,#9906,.F.);
#9938 = ORIENTED_EDGE('',*,*,#6742,.T.);
#9939 = ORIENTED_EDGE('',*,*,#9923,.T.);
#9940 = ORIENTED_EDGE('',*,*,#4834,.F.);
#9941 = PLANE('',#9942);
#9942 = AXIS2_PLACEMENT_3D('',#9943,#9944,#9945);
#9943 = CARTESIAN_POINT('',(50.9,64.9,18.6));
#9944 = DIRECTION('',(-0.,1.,0.));
#9945 = DIRECTION('',(0.,0.,1.));
#9946 = ADVANCED_FACE('',(#9947),#9963,.T.);
#9947 = FACE_BOUND('',#9948,.T.);
#9948 = EDGE_LOOP('',(#9949,#9955,#9956,#9962));
#9949 = ORIENTED_EDGE('',*,*,#9950,.F.);
#9950 = EDGE_CURVE('',#6759,#4851,#9951,.T.);
#9951 = LINE('',#9952,#9953);
#9952 = CARTESIAN_POINT('',(64.9,60.9,18.6));
#9953 = VECTOR('',#9954,1.);
#9954 = DIRECTION('',(0.,0.,1.));
#9955 = ORIENTED_EDGE('',*,*,#6758,.T.);
#9956 = ORIENTED_EDGE('',*,*,#9957,.T.);
#9957 = EDGE_CURVE('',#6761,#4853,#9958,.T.);
#9958 = LINE('',#9959,#9960);
#9959 = CARTESIAN_POINT('',(59.9,60.9,18.6));
#9960 = VECTOR('',#9961,1.);
#9961 = DIRECTION('',(0.,0.,1.));
#9962 = ORIENTED_EDGE('',*,*,#4850,.F.);
#9963 = PLANE('',#9964);
#9964 = AXIS2_PLACEMENT_3D('',#9965,#9966,#9967);
#9965 = CARTESIAN_POINT('',(59.9,60.9,18.6));
#9966 = DIRECTION('',(-0.,1.,0.));
#9967 = DIRECTION('',(0.,0.,1.));
#9968 = ADVANCED_FACE('',(#9969),#9980,.F.);
#9969 = FACE_BOUND('',#9970,.F.);
#9970 = EDGE_LOOP('',(#9971,#9972,#9973,#9979));
#9971 = ORIENTED_EDGE('',*,*,#9950,.F.);
#9972 = ORIENTED_EDGE('',*,*,#6784,.T.);
#9973 = ORIENTED_EDGE('',*,*,#9974,.T.);
#9974 = EDGE_CURVE('',#6777,#4869,#9975,.T.);
#9975 = LINE('',#9976,#9977);
#9976 = CARTESIAN_POINT('',(64.9,64.9,18.6));
#9977 = VECTOR('',#9978,1.);
#9978 = DIRECTION('',(0.,0.,1.));
#9979 = ORIENTED_EDGE('',*,*,#4876,.F.);
#9980 = PLANE('',#9981);
#9981 = AXIS2_PLACEMENT_3D('',#9982,#9983,#9984);
#9982 = CARTESIAN_POINT('',(64.9,60.9,18.6));
#9983 = DIRECTION('',(1.,0.,-0.));
#9984 = DIRECTION('',(0.,0.,1.));
#9985 = ADVANCED_FACE('',(#9986),#9997,.T.);
#9986 = FACE_BOUND('',#9987,.T.);
#9987 = EDGE_LOOP('',(#9988,#9989,#9990,#9996));
#9988 = ORIENTED_EDGE('',*,*,#9957,.F.);
#9989 = ORIENTED_EDGE('',*,*,#6768,.T.);
#9990 = ORIENTED_EDGE('',*,*,#9991,.T.);
#9991 = EDGE_CURVE('',#6769,#4861,#9992,.T.);
#9992 = LINE('',#9993,#9994);
#9993 = CARTESIAN_POINT('',(59.9,64.9,18.6));
#9994 = VECTOR('',#9995,1.);
#9995 = DIRECTION('',(0.,0.,1.));
#9996 = ORIENTED_EDGE('',*,*,#4860,.F.);
#9997 = PLANE('',#9998);
#9998 = AXIS2_PLACEMENT_3D('',#9999,#10000,#10001);
#9999 = CARTESIAN_POINT('',(59.9,60.9,18.6));
#10000 = DIRECTION('',(1.,0.,-0.));
#10001 = DIRECTION('',(0.,0.,1.));
#10002 = ADVANCED_FACE('',(#10003),#10009,.F.);
#10003 = FACE_BOUND('',#10004,.F.);
#10004 = EDGE_LOOP('',(#10005,#10006,#10007,#10008));
#10005 = ORIENTED_EDGE('',*,*,#9974,.F.);
#10006 = ORIENTED_EDGE('',*,*,#6776,.T.);
#10007 = ORIENTED_EDGE('',*,*,#9991,.T.);
#10008 = ORIENTED_EDGE('',*,*,#4868,.F.);
#10009 = PLANE('',#10010);
#10010 = AXIS2_PLACEMENT_3D('',#10011,#10012,#10013);
#10011 = CARTESIAN_POINT('',(59.9,64.9,18.6));
#10012 = DIRECTION('',(-0.,1.,0.));
#10013 = DIRECTION('',(0.,0.,1.));
#10014 = ADVANCED_FACE('',(#10015),#10031,.T.);
#10015 = FACE_BOUND('',#10016,.T.);
#10016 = EDGE_LOOP('',(#10017,#10023,#10024,#10030));
#10017 = ORIENTED_EDGE('',*,*,#10018,.F.);
#10018 = EDGE_CURVE('',#6793,#4885,#10019,.T.);
#10019 = LINE('',#10020,#10021);
#10020 = CARTESIAN_POINT('',(73.9,52.9,18.6));
#10021 = VECTOR('',#10022,1.);
#10022 = DIRECTION('',(0.,0.,1.));
#10023 = ORIENTED_EDGE('',*,*,#6792,.T.);
#10024 = ORIENTED_EDGE('',*,*,#10025,.T.);
#10025 = EDGE_CURVE('',#6795,#4887,#10026,.T.);
#10026 = LINE('',#10027,#10028);
#10027 = CARTESIAN_POINT('',(68.9,52.9,18.6));
#10028 = VECTOR('',#10029,1.);
#10029 = DIRECTION('',(0.,0.,1.));
#10030 = ORIENTED_EDGE('',*,*,#4884,.F.);
#10031 = PLANE('',#10032);
#10032 = AXIS2_PLACEMENT_3D('',#10033,#10034,#10035);
#10033 = CARTESIAN_POINT('',(68.9,52.9,18.6));
#10034 = DIRECTION('',(-0.,1.,0.));
#10035 = DIRECTION('',(0.,0.,1.));
#10036 = ADVANCED_FACE('',(#10037),#10048,.F.);
#10037 = FACE_BOUND('',#10038,.F.);
#10038 = EDGE_LOOP('',(#10039,#10040,#10041,#10047));
#10039 = ORIENTED_EDGE('',*,*,#10018,.F.);
#10040 = ORIENTED_EDGE('',*,*,#6818,.T.);
#10041 = ORIENTED_EDGE('',*,*,#10042,.T.);
#10042 = EDGE_CURVE('',#6811,#4903,#10043,.T.);
#10043 = LINE('',#10044,#10045);
#10044 = CARTESIAN_POINT('',(73.9,56.9,18.6));
#10045 = VECTOR('',#10046,1.);
#10046 = DIRECTION('',(0.,0.,1.));
#10047 = ORIENTED_EDGE('',*,*,#4910,.F.);
#10048 = PLANE('',#10049);
#10049 = AXIS2_PLACEMENT_3D('',#10050,#10051,#10052);
#10050 = CARTESIAN_POINT('',(73.9,52.9,18.6));
#10051 = DIRECTION('',(1.,0.,-0.));
#10052 = DIRECTION('',(0.,0.,1.));
#10053 = ADVANCED_FACE('',(#10054),#10065,.T.);
#10054 = FACE_BOUND('',#10055,.T.);
#10055 = EDGE_LOOP('',(#10056,#10057,#10058,#10064));
#10056 = ORIENTED_EDGE('',*,*,#10025,.F.);
#10057 = ORIENTED_EDGE('',*,*,#6802,.T.);
#10058 = ORIENTED_EDGE('',*,*,#10059,.T.);
#10059 = EDGE_CURVE('',#6803,#4895,#10060,.T.);
#10060 = LINE('',#10061,#10062);
#10061 = CARTESIAN_POINT('',(68.9,56.9,18.6));
#10062 = VECTOR('',#10063,1.);
#10063 = DIRECTION('',(0.,0.,1.));
#10064 = ORIENTED_EDGE('',*,*,#4894,.F.);
#10065 = PLANE('',#10066);
#10066 = AXIS2_PLACEMENT_3D('',#10067,#10068,#10069);
#10067 = CARTESIAN_POINT('',(68.9,52.9,18.6));
#10068 = DIRECTION('',(1.,0.,-0.));
#10069 = DIRECTION('',(0.,0.,1.));
#10070 = ADVANCED_FACE('',(#10071),#10077,.F.);
#10071 = FACE_BOUND('',#10072,.F.);
#10072 = EDGE_LOOP('',(#10073,#10074,#10075,#10076));
#10073 = ORIENTED_EDGE('',*,*,#10042,.F.);
#10074 = ORIENTED_EDGE('',*,*,#6810,.T.);
#10075 = ORIENTED_EDGE('',*,*,#10059,.T.);
#10076 = ORIENTED_EDGE('',*,*,#4902,.F.);
#10077 = PLANE('',#10078);
#10078 = AXIS2_PLACEMENT_3D('',#10079,#10080,#10081);
#10079 = CARTESIAN_POINT('',(68.9,56.9,18.6));
#10080 = DIRECTION('',(-0.,1.,0.));
#10081 = DIRECTION('',(0.,0.,1.));
#10082 = ADVANCED_FACE('',(#10083),#10099,.T.);
#10083 = FACE_BOUND('',#10084,.T.);
#10084 = EDGE_LOOP('',(#10085,#10091,#10092,#10098));
#10085 = ORIENTED_EDGE('',*,*,#10086,.F.);
#10086 = EDGE_CURVE('',#6827,#4919,#10087,.T.);
#10087 = LINE('',#10088,#10089);
#10088 = CARTESIAN_POINT('',(82.9,52.9,18.6));
#10089 = VECTOR('',#10090,1.);
#10090 = DIRECTION('',(0.,0.,1.));
#10091 = ORIENTED_EDGE('',*,*,#6826,.T.);
#10092 = ORIENTED_EDGE('',*,*,#10093,.T.);
#10093 = EDGE_CURVE('',#6829,#4921,#10094,.T.);
#10094 = LINE('',#10095,#10096);
#10095 = CARTESIAN_POINT('',(77.9,52.9,18.6));
#10096 = VECTOR('',#10097,1.);
#10097 = DIRECTION('',(0.,0.,1.));
#10098 = ORIENTED_EDGE('',*,*,#4918,.F.);
#10099 = PLANE('',#10100);
#10100 = AXIS2_PLACEMENT_3D('',#10101,#10102,#10103);
#10101 = CARTESIAN_POINT('',(77.9,52.9,18.6));
#10102 = DIRECTION('',(-0.,1.,0.));
#10103 = DIRECTION('',(0.,0.,1.));
#10104 = ADVANCED_FACE('',(#10105),#10116,.F.);
#10105 = FACE_BOUND('',#10106,.F.);
#10106 = EDGE_LOOP('',(#10107,#10108,#10109,#10115));
#10107 = ORIENTED_EDGE('',*,*,#10086,.F.);
#10108 = ORIENTED_EDGE('',*,*,#6852,.T.);
#10109 = ORIENTED_EDGE('',*,*,#10110,.T.);
#10110 = EDGE_CURVE('',#6845,#4937,#10111,.T.);
#10111 = LINE('',#10112,#10113);
#10112 = CARTESIAN_POINT('',(82.9,56.9,18.6));
#10113 = VECTOR('',#10114,1.);
#10114 = DIRECTION('',(0.,0.,1.));
#10115 = ORIENTED_EDGE('',*,*,#4944,.F.);
#10116 = PLANE('',#10117);
#10117 = AXIS2_PLACEMENT_3D('',#10118,#10119,#10120);
#10118 = CARTESIAN_POINT('',(82.9,52.9,18.6));
#10119 = DIRECTION('',(1.,0.,-0.));
#10120 = DIRECTION('',(0.,0.,1.));
#10121 = ADVANCED_FACE('',(#10122),#10133,.T.);
#10122 = FACE_BOUND('',#10123,.T.);
#10123 = EDGE_LOOP('',(#10124,#10125,#10126,#10132));
#10124 = ORIENTED_EDGE('',*,*,#10093,.F.);
#10125 = ORIENTED_EDGE('',*,*,#6836,.T.);
#10126 = ORIENTED_EDGE('',*,*,#10127,.T.);
#10127 = EDGE_CURVE('',#6837,#4929,#10128,.T.);
#10128 = LINE('',#10129,#10130);
#10129 = CARTESIAN_POINT('',(77.9,56.9,18.6));
#10130 = VECTOR('',#10131,1.);
#10131 = DIRECTION('',(0.,0.,1.));
#10132 = ORIENTED_EDGE('',*,*,#4928,.F.);
#10133 = PLANE('',#10134);
#10134 = AXIS2_PLACEMENT_3D('',#10135,#10136,#10137);
#10135 = CARTESIAN_POINT('',(77.9,52.9,18.6));
#10136 = DIRECTION('',(1.,0.,-0.));
#10137 = DIRECTION('',(0.,0.,1.));
#10138 = ADVANCED_FACE('',(#10139),#10145,.F.);
#10139 = FACE_BOUND('',#10140,.F.);
#10140 = EDGE_LOOP('',(#10141,#10142,#10143,#10144));
#10141 = ORIENTED_EDGE('',*,*,#10110,.F.);
#10142 = ORIENTED_EDGE('',*,*,#6844,.T.);
#10143 = ORIENTED_EDGE('',*,*,#10127,.T.);
#10144 = ORIENTED_EDGE('',*,*,#4936,.F.);
#10145 = PLANE('',#10146);
#10146 = AXIS2_PLACEMENT_3D('',#10147,#10148,#10149);
#10147 = CARTESIAN_POINT('',(77.9,56.9,18.6));
#10148 = DIRECTION('',(-0.,1.,0.));
#10149 = DIRECTION('',(0.,0.,1.));
#10150 = ADVANCED_FACE('',(#10151),#10162,.F.);
#10151 = FACE_BOUND('',#10152,.F.);
#10152 = EDGE_LOOP('',(#10153,#10154,#10160,#10161));
#10153 = ORIENTED_EDGE('',*,*,#4952,.F.);
#10154 = ORIENTED_EDGE('',*,*,#10155,.F.);
#10155 = EDGE_CURVE('',#6861,#4953,#10156,.T.);
#10156 = LINE('',#10157,#10158);
#10157 = CARTESIAN_POINT('',(78.1,58.6,18.6));
#10158 = VECTOR('',#10159,1.);
#10159 = DIRECTION('',(0.,0.,1.));
#10160 = ORIENTED_EDGE('',*,*,#6860,.T.);
#10161 = ORIENTED_EDGE('',*,*,#10155,.T.);
#10162 = CYLINDRICAL_SURFACE('',#10163,1.7);
#10163 = AXIS2_PLACEMENT_3D('',#10164,#10165,#10166);
#10164 = CARTESIAN_POINT('',(76.4,58.6,18.6));
#10165 = DIRECTION('',(0.,0.,1.));
#10166 = DIRECTION('',(1.,0.,-0.));
#10167 = ADVANCED_FACE('',(#10168),#10184,.T.);
#10168 = FACE_BOUND('',#10169,.T.);
#10169 = EDGE_LOOP('',(#10170,#10176,#10177,#10183));
#10170 = ORIENTED_EDGE('',*,*,#10171,.F.);
#10171 = EDGE_CURVE('',#6872,#4964,#10172,.T.);
#10172 = LINE('',#10173,#10174);
#10173 = CARTESIAN_POINT('',(73.9,60.9,18.6));
#10174 = VECTOR('',#10175,1.);
#10175 = DIRECTION('',(0.,0.,1.));
#10176 = ORIENTED_EDGE('',*,*,#6871,.T.);
#10177 = ORIENTED_EDGE('',*,*,#10178,.T.);
#10178 = EDGE_CURVE('',#6874,#4966,#10179,.T.);
#10179 = LINE('',#10180,#10181);
#10180 = CARTESIAN_POINT('',(68.9,60.9,18.6));
#10181 = VECTOR('',#10182,1.);
#10182 = DIRECTION('',(0.,0.,1.));
#10183 = ORIENTED_EDGE('',*,*,#4963,.F.);
#10184 = PLANE('',#10185);
#10185 = AXIS2_PLACEMENT_3D('',#10186,#10187,#10188);
#10186 = CARTESIAN_POINT('',(68.9,60.9,18.6));
#10187 = DIRECTION('',(-0.,1.,0.));
#10188 = DIRECTION('',(0.,0.,1.));
#10189 = ADVANCED_FACE('',(#10190),#10201,.F.);
#10190 = FACE_BOUND('',#10191,.F.);
#10191 = EDGE_LOOP('',(#10192,#10193,#10194,#10200));
#10192 = ORIENTED_EDGE('',*,*,#10171,.F.);
#10193 = ORIENTED_EDGE('',*,*,#6897,.T.);
#10194 = ORIENTED_EDGE('',*,*,#10195,.T.);
#10195 = EDGE_CURVE('',#6890,#4982,#10196,.T.);
#10196 = LINE('',#10197,#10198);
#10197 = CARTESIAN_POINT('',(73.9,64.9,18.6));
#10198 = VECTOR('',#10199,1.);
#10199 = DIRECTION('',(0.,0.,1.));
#10200 = ORIENTED_EDGE('',*,*,#4989,.F.);
#10201 = PLANE('',#10202);
#10202 = AXIS2_PLACEMENT_3D('',#10203,#10204,#10205);
#10203 = CARTESIAN_POINT('',(73.9,60.9,18.6));
#10204 = DIRECTION('',(1.,0.,-0.));
#10205 = DIRECTION('',(0.,0.,1.));
#10206 = ADVANCED_FACE('',(#10207),#10218,.T.);
#10207 = FACE_BOUND('',#10208,.T.);
#10208 = EDGE_LOOP('',(#10209,#10210,#10211,#10217));
#10209 = ORIENTED_EDGE('',*,*,#10178,.F.);
#10210 = ORIENTED_EDGE('',*,*,#6881,.T.);
#10211 = ORIENTED_EDGE('',*,*,#10212,.T.);
#10212 = EDGE_CURVE('',#6882,#4974,#10213,.T.);
#10213 = LINE('',#10214,#10215);
#10214 = CARTESIAN_POINT('',(68.9,64.9,18.6));
#10215 = VECTOR('',#10216,1.);
#10216 = DIRECTION('',(0.,0.,1.));
#10217 = ORIENTED_EDGE('',*,*,#4973,.F.);
#10218 = PLANE('',#10219);
#10219 = AXIS2_PLACEMENT_3D('',#10220,#10221,#10222);
#10220 = CARTESIAN_POINT('',(68.9,60.9,18.6));
#10221 = DIRECTION('',(1.,0.,-0.));
#10222 = DIRECTION('',(0.,0.,1.));
#10223 = ADVANCED_FACE('',(#10224),#10230,.F.);
#10224 = FACE_BOUND('',#10225,.F.);
#10225 = EDGE_LOOP('',(#10226,#10227,#10228,#10229));
#10226 = ORIENTED_EDGE('',*,*,#10195,.F.);
#10227 = ORIENTED_EDGE('',*,*,#6889,.T.);
#10228 = ORIENTED_EDGE('',*,*,#10212,.T.);
#10229 = ORIENTED_EDGE('',*,*,#4981,.F.);
#10230 = PLANE('',#10231);
#10231 = AXIS2_PLACEMENT_3D('',#10232,#10233,#10234);
#10232 = CARTESIAN_POINT('',(68.9,64.9,18.6));
#10233 = DIRECTION('',(-0.,1.,0.));
#10234 = DIRECTION('',(0.,0.,1.));
#10235 = ADVANCED_FACE('',(#10236),#10252,.T.);
#10236 = FACE_BOUND('',#10237,.T.);
#10237 = EDGE_LOOP('',(#10238,#10244,#10245,#10251));
#10238 = ORIENTED_EDGE('',*,*,#10239,.F.);
#10239 = EDGE_CURVE('',#6906,#4998,#10240,.T.);
#10240 = LINE('',#10241,#10242);
#10241 = CARTESIAN_POINT('',(82.9,60.9,18.6));
#10242 = VECTOR('',#10243,1.);
#10243 = DIRECTION('',(0.,0.,1.));
#10244 = ORIENTED_EDGE('',*,*,#6905,.T.);
#10245 = ORIENTED_EDGE('',*,*,#10246,.T.);
#10246 = EDGE_CURVE('',#6908,#5000,#10247,.T.);
#10247 = LINE('',#10248,#10249);
#10248 = CARTESIAN_POINT('',(77.9,60.9,18.6));
#10249 = VECTOR('',#10250,1.);
#10250 = DIRECTION('',(0.,0.,1.));
#10251 = ORIENTED_EDGE('',*,*,#4997,.F.);
#10252 = PLANE('',#10253);
#10253 = AXIS2_PLACEMENT_3D('',#10254,#10255,#10256);
#10254 = CARTESIAN_POINT('',(77.9,60.9,18.6));
#10255 = DIRECTION('',(-0.,1.,0.));
#10256 = DIRECTION('',(0.,0.,1.));
#10257 = ADVANCED_FACE('',(#10258),#10269,.F.);
#10258 = FACE_BOUND('',#10259,.F.);
#10259 = EDGE_LOOP('',(#10260,#10261,#10262,#10268));
#10260 = ORIENTED_EDGE('',*,*,#10239,.F.);
#10261 = ORIENTED_EDGE('',*,*,#6931,.T.);
#10262 = ORIENTED_EDGE('',*,*,#10263,.T.);
#10263 = EDGE_CURVE('',#6924,#5016,#10264,.T.);
#10264 = LINE('',#10265,#10266);
#10265 = CARTESIAN_POINT('',(82.9,64.9,18.6));
#10266 = VECTOR('',#10267,1.);
#10267 = DIRECTION('',(0.,0.,1.));
#10268 = ORIENTED_EDGE('',*,*,#5023,.F.);
#10269 = PLANE('',#10270);
#10270 = AXIS2_PLACEMENT_3D('',#10271,#10272,#10273);
#10271 = CARTESIAN_POINT('',(82.9,60.9,18.6));
#10272 = DIRECTION('',(1.,0.,-0.));
#10273 = DIRECTION('',(0.,0.,1.));
#10274 = ADVANCED_FACE('',(#10275),#10286,.T.);
#10275 = FACE_BOUND('',#10276,.T.);
#10276 = EDGE_LOOP('',(#10277,#10278,#10279,#10285));
#10277 = ORIENTED_EDGE('',*,*,#10246,.F.);
#10278 = ORIENTED_EDGE('',*,*,#6915,.T.);
#10279 = ORIENTED_EDGE('',*,*,#10280,.T.);
#10280 = EDGE_CURVE('',#6916,#5008,#10281,.T.);
#10281 = LINE('',#10282,#10283);
#10282 = CARTESIAN_POINT('',(77.9,64.9,18.6));
#10283 = VECTOR('',#10284,1.);
#10284 = DIRECTION('',(0.,0.,1.));
#10285 = ORIENTED_EDGE('',*,*,#5007,.F.);
#10286 = PLANE('',#10287);
#10287 = AXIS2_PLACEMENT_3D('',#10288,#10289,#10290);
#10288 = CARTESIAN_POINT('',(77.9,60.9,18.6));
#10289 = DIRECTION('',(1.,0.,-0.));
#10290 = DIRECTION('',(0.,0.,1.));
#10291 = ADVANCED_FACE('',(#10292),#10298,.F.);
#10292 = FACE_BOUND('',#10293,.F.);
#10293 = EDGE_LOOP('',(#10294,#10295,#10296,#10297));
#10294 = ORIENTED_EDGE('',*,*,#10263,.F.);
#10295 = ORIENTED_EDGE('',*,*,#6923,.T.);
#10296 = ORIENTED_EDGE('',*,*,#10280,.T.);
#10297 = ORIENTED_EDGE('',*,*,#5015,.F.);
#10298 = PLANE('',#10299);
#10299 = AXIS2_PLACEMENT_3D('',#10300,#10301,#10302);
#10300 = CARTESIAN_POINT('',(77.9,64.9,18.6));
#10301 = DIRECTION('',(-0.,1.,0.));
#10302 = DIRECTION('',(0.,0.,1.));
#10303 = ADVANCED_FACE('',(#10304),#10314,.T.);
#10304 = FACE_BOUND('',#10305,.T.);
#10305 = EDGE_LOOP('',(#10306,#10307,#10308,#10309,#10310,#10311,#10312,
    #10313));
#10306 = ORIENTED_EDGE('',*,*,#831,.T.);
#10307 = ORIENTED_EDGE('',*,*,#1811,.T.);
#10308 = ORIENTED_EDGE('',*,*,#696,.T.);
#10309 = ORIENTED_EDGE('',*,*,#1825,.F.);
#10310 = ORIENTED_EDGE('',*,*,#5077,.F.);
#10311 = ORIENTED_EDGE('',*,*,#2895,.T.);
#10312 = ORIENTED_EDGE('',*,*,#854,.F.);
#10313 = ORIENTED_EDGE('',*,*,#143,.F.);
#10314 = PLANE('',#10315);
#10315 = AXIS2_PLACEMENT_3D('',#10316,#10317,#10318);
#10316 = CARTESIAN_POINT('',(6.257905982906,78.742094017094,15.4));
#10317 = DIRECTION('',(-0.,-0.,-1.));
#10318 = DIRECTION('',(-1.,0.,0.));
#10319 = ADVANCED_FACE('',(#10320),#10326,.T.);
#10320 = FACE_BOUND('',#10321,.T.);
#10321 = EDGE_LOOP('',(#10322,#10323,#10324,#10325));
#10322 = ORIENTED_EDGE('',*,*,#3216,.T.);
#10323 = ORIENTED_EDGE('',*,*,#1648,.T.);
#10324 = ORIENTED_EDGE('',*,*,#3240,.F.);
#10325 = ORIENTED_EDGE('',*,*,#5144,.F.);
#10326 = PLANE('',#10327);
#10327 = AXIS2_PLACEMENT_3D('',#10328,#10329,#10330);
#10328 = CARTESIAN_POINT('',(102.,36.9,15.4));
#10329 = DIRECTION('',(-0.,-0.,-1.));
#10330 = DIRECTION('',(-1.,0.,0.));
#10331 = ( GEOMETRIC_REPRESENTATION_CONTEXT(3) 
GLOBAL_UNCERTAINTY_ASSIGNED_CONTEXT((#10335)) 
GLOBAL_UNIT_ASSIGNED_CONTEXT((#10332,#10333,#10334)) 
REPRESENTATION_CONTEXT('Context #1',
  '3D Context with UNIT and UNCERTAINTY') );
#10332 = ( LENGTH_UNIT() NAMED_UNIT(*) SI_UNIT(.MILLI.,.METRE.) );
#10333 = ( NAMED_UNIT(*) PLANE_ANGLE_UNIT() SI_UNIT($,.RADIAN.) );
#10334 = ( NAMED_UNIT(*) SI_UNIT($,.STERADIAN.) SOLID_ANGLE_UNIT() );
#10335 = UNCERTAINTY_MEASURE_WITH_UNIT(LENGTH_MEASURE(2.E-07),#10332,
  'distance_accuracy_value','confusion accuracy');
#10336 = PRODUCT_RELATED_PRODUCT_CATEGORY('part',$,(#7));
ENDSEC;
END-ISO-10303-21;
