ISO-10303-21;
HEADER;
FILE_DESCRIPTION(('FreeCAD Model'),'2;1');
FILE_NAME('Open CASCADE Shape Model','2026-10-04T17:57:29',('FreeCAD'),(
    'FreeCAD'),'Open CASCADE STEP processor 7.8','FreeCAD','Unknown');
FILE_SCHEMA(('AUTOMOTIVE_DESIGN { 1 0 10303 214 1 1 1 1 }'));
ENDSEC;
DATA;
#1 = APPLICATION_PROTOCOL_DEFINITION('international standard',
  'automotive_design',2000,#2);
#2 = APPLICATION_CONTEXT(
  'core data for automotive mechanical design processes');
#3 = SHAPE_DEFINITION_REPRESENTATION(#4,#10);
#4 = PRODUCT_DEFINITION_SHAPE('','',#5);
#5 = PRODUCT_DEFINITION('design','',#6,#9);
#6 = PRODUCT_DEFINITION_FORMATION('','',#7);
#7 = PRODUCT('Open CASCADE STEP translator 7.8 1',
  'Open CASCADE STEP translator 7.8 1','',(#8));
#8 = PRODUCT_CONTEXT('',#2,'mechanical');
#9 = PRODUCT_DEFINITION_CONTEXT('part definition',#2,'design');
#10 = ADVANCED_BREP_SHAPE_REPRESENTATION('',(#11,#15),#3387);
#11 = AXIS2_PLACEMENT_3D('',#12,#13,#14);
#12 = CARTESIAN_POINT('',(0.,0.,0.));
#13 = DIRECTION('',(0.,0.,1.));
#14 = DIRECTION('',(1.,0.,-0.));
#15 = MANIFOLD_SOLID_BREP('',#16);
#16 = CLOSED_SHELL('',(#17,#193,#360,#418,#442,#765,#796,#820,#844,#861,
    #892,#916,#940,#957,#988,#1012,#1036,#1053,#1084,#1108,#1132,#1149,
    #1263,#1294,#1318,#1342,#1359,#1390,#1414,#1438,#1455,#1486,#1510,
    #1534,#1551,#1582,#1606,#1630,#1647,#1702,#1828,#2158,#2199,#2221,
    #2238,#2255,#2267,#2289,#2306,#2323,#2335,#2357,#2374,#2391,#2403,
    #2425,#2442,#2459,#2471,#2493,#2510,#2527,#2539,#2561,#2578,#2595,
    #2607,#2629,#2646,#2663,#2675,#2697,#2714,#2731,#2743,#2765,#2782,
    #2799,#2811,#2833,#2850,#2867,#2879,#2901,#2918,#2935,#2947,#2969,
    #2991,#3047,#3072,#3097,#3122,#3147,#3167,#3187,#3207,#3227,#3252,
    #3277,#3302,#3327,#3336,#3345,#3354,#3363,#3375));
#17 = ADVANCED_FACE('',(#18,#52,#86,#120,#154),#188,.F.);
#18 = FACE_BOUND('',#19,.F.);
#19 = EDGE_LOOP('',(#20,#30,#38,#46));
#20 = ORIENTED_EDGE('',*,*,#21,.F.);
#21 = EDGE_CURVE('',#22,#24,#26,.T.);
#22 = VERTEX_POINT('',#23);
#23 = CARTESIAN_POINT('',(0.,0.,0.));
#24 = VERTEX_POINT('',#25);
#25 = CARTESIAN_POINT('',(0.,0.,19.1));
#26 = LINE('',#27,#28);
#27 = CARTESIAN_POINT('',(0.,0.,0.));
#28 = VECTOR('',#29,1.);
#29 = DIRECTION('',(0.,0.,1.));
#30 = ORIENTED_EDGE('',*,*,#31,.T.);
#31 = EDGE_CURVE('',#22,#32,#34,.T.);
#32 = VERTEX_POINT('',#33);
#33 = CARTESIAN_POINT('',(0.,85.8,0.));
#34 = LINE('',#35,#36);
#35 = CARTESIAN_POINT('',(0.,0.,0.));
#36 = VECTOR('',#37,1.);
#37 = DIRECTION('',(-0.,1.,0.));
#38 = ORIENTED_EDGE('',*,*,#39,.T.);
#39 = EDGE_CURVE('',#32,#40,#42,.T.);
#40 = VERTEX_POINT('',#41);
#41 = CARTESIAN_POINT('',(0.,85.8,19.1));
#42 = LINE('',#43,#44);
#43 = CARTESIAN_POINT('',(0.,85.8,0.));
#44 = VECTOR('',#45,1.);
#45 = DIRECTION('',(0.,0.,1.));
#46 = ORIENTED_EDGE('',*,*,#47,.F.);
#47 = EDGE_CURVE('',#24,#40,#48,.T.);
#48 = LINE('',#49,#50);
#49 = CARTESIAN_POINT('',(0.,0.,19.1));
#50 = VECTOR('',#51,1.);
#51 = DIRECTION('',(-0.,1.,0.));
#52 = FACE_BOUND('',#53,.F.);
#53 = EDGE_LOOP('',(#54,#64,#72,#80));
#54 = ORIENTED_EDGE('',*,*,#55,.T.);
#55 = EDGE_CURVE('',#56,#58,#60,.T.);
#56 = VERTEX_POINT('',#57);
#57 = CARTESIAN_POINT('',(0.,80.8,8.8));
#58 = VERTEX_POINT('',#59);
#59 = CARTESIAN_POINT('',(0.,70.5,8.8));
#60 = LINE('',#61,#62);
#61 = CARTESIAN_POINT('',(0.,35.25,8.8));
#62 = VECTOR('',#63,1.);
#63 = DIRECTION('',(0.,-1.,0.));
#64 = ORIENTED_EDGE('',*,*,#65,.T.);
#65 = EDGE_CURVE('',#58,#66,#68,.T.);
#66 = VERTEX_POINT('',#67);
#67 = CARTESIAN_POINT('',(0.,70.5,15.4));
#68 = LINE('',#69,#70);
#69 = CARTESIAN_POINT('',(0.,70.5,4.4));
#70 = VECTOR('',#71,1.);
#71 = DIRECTION('',(0.,0.,1.));
#72 = ORIENTED_EDGE('',*,*,#73,.F.);
#73 = EDGE_CURVE('',#74,#66,#76,.T.);
#74 = VERTEX_POINT('',#75);
#75 = CARTESIAN_POINT('',(0.,80.8,15.4));
#76 = LINE('',#77,#78);
#77 = CARTESIAN_POINT('',(0.,35.25,15.4));
#78 = VECTOR('',#79,1.);
#79 = DIRECTION('',(0.,-1.,0.));
#80 = ORIENTED_EDGE('',*,*,#81,.F.);
#81 = EDGE_CURVE('',#56,#74,#82,.T.);
#82 = LINE('',#83,#84);
#83 = CARTESIAN_POINT('',(0.,80.8,4.4));
#84 = VECTOR('',#85,1.);
#85 = DIRECTION('',(0.,0.,1.));
#86 = FACE_BOUND('',#87,.F.);
#87 = EDGE_LOOP('',(#88,#98,#106,#114));
#88 = ORIENTED_EDGE('',*,*,#89,.T.);
#89 = EDGE_CURVE('',#90,#92,#94,.T.);
#90 = VERTEX_POINT('',#91);
#91 = CARTESIAN_POINT('',(0.,58.9,8.8));
#92 = VERTEX_POINT('',#93);
#93 = CARTESIAN_POINT('',(0.,50.9,8.8));
#94 = LINE('',#95,#96);
#95 = CARTESIAN_POINT('',(0.,25.45,8.8));
#96 = VECTOR('',#97,1.);
#97 = DIRECTION('',(0.,-1.,0.));
#98 = ORIENTED_EDGE('',*,*,#99,.T.);
#99 = EDGE_CURVE('',#92,#100,#102,.T.);
#100 = VERTEX_POINT('',#101);
#101 = CARTESIAN_POINT('',(0.,50.9,16.2));
#102 = LINE('',#103,#104);
#103 = CARTESIAN_POINT('',(0.,50.9,4.4));
#104 = VECTOR('',#105,1.);
#105 = DIRECTION('',(0.,0.,1.));
#106 = ORIENTED_EDGE('',*,*,#107,.F.);
#107 = EDGE_CURVE('',#108,#100,#110,.T.);
#108 = VERTEX_POINT('',#109);
#109 = CARTESIAN_POINT('',(0.,58.9,16.2));
#110 = LINE('',#111,#112);
#111 = CARTESIAN_POINT('',(0.,25.45,16.2));
#112 = VECTOR('',#113,1.);
#113 = DIRECTION('',(0.,-1.,0.));
#114 = ORIENTED_EDGE('',*,*,#115,.F.);
#115 = EDGE_CURVE('',#90,#108,#116,.T.);
#116 = LINE('',#117,#118);
#117 = CARTESIAN_POINT('',(0.,58.9,4.4));
#118 = VECTOR('',#119,1.);
#119 = DIRECTION('',(0.,0.,1.));
#120 = FACE_BOUND('',#121,.F.);
#121 = EDGE_LOOP('',(#122,#132,#140,#148));
#122 = ORIENTED_EDGE('',*,*,#123,.T.);
#123 = EDGE_CURVE('',#124,#126,#128,.T.);
#124 = VERTEX_POINT('',#125);
#125 = CARTESIAN_POINT('',(0.,26.9,8.8));
#126 = VERTEX_POINT('',#127);
#127 = CARTESIAN_POINT('',(0.,16.9,8.8));
#128 = LINE('',#129,#130);
#129 = CARTESIAN_POINT('',(0.,8.45,8.8));
#130 = VECTOR('',#131,1.);
#131 = DIRECTION('',(0.,-1.,0.));
#132 = ORIENTED_EDGE('',*,*,#133,.T.);
#133 = EDGE_CURVE('',#126,#134,#136,.T.);
#134 = VERTEX_POINT('',#135);
#135 = CARTESIAN_POINT('',(0.,16.9,12.5));
#136 = LINE('',#137,#138);
#137 = CARTESIAN_POINT('',(0.,16.9,4.4));
#138 = VECTOR('',#139,1.);
#139 = DIRECTION('',(0.,0.,1.));
#140 = ORIENTED_EDGE('',*,*,#141,.F.);
#141 = EDGE_CURVE('',#142,#134,#144,.T.);
#142 = VERTEX_POINT('',#143);
#143 = CARTESIAN_POINT('',(0.,26.9,12.5));
#144 = LINE('',#145,#146);
#145 = CARTESIAN_POINT('',(0.,8.45,12.5));
#146 = VECTOR('',#147,1.);
#147 = DIRECTION('',(0.,-1.,0.));
#148 = ORIENTED_EDGE('',*,*,#149,.F.);
#149 = EDGE_CURVE('',#124,#142,#150,.T.);
#150 = LINE('',#151,#152);
#151 = CARTESIAN_POINT('',(0.,26.9,4.4));
#152 = VECTOR('',#153,1.);
#153 = DIRECTION('',(0.,0.,1.));
#154 = FACE_BOUND('',#155,.F.);
#155 = EDGE_LOOP('',(#156,#166,#174,#182));
#156 = ORIENTED_EDGE('',*,*,#157,.T.);
#157 = EDGE_CURVE('',#158,#160,#162,.T.);
#158 = VERTEX_POINT('',#159);
#159 = CARTESIAN_POINT('',(0.,45.4,8.8));
#160 = VERTEX_POINT('',#161);
#161 = CARTESIAN_POINT('',(0.,37.4,8.8));
#162 = LINE('',#163,#164);
#163 = CARTESIAN_POINT('',(0.,18.7,8.8));
#164 = VECTOR('',#165,1.);
#165 = DIRECTION('',(0.,-1.,0.));
#166 = ORIENTED_EDGE('',*,*,#167,.T.);
#167 = EDGE_CURVE('',#160,#168,#170,.T.);
#168 = VERTEX_POINT('',#169);
#169 = CARTESIAN_POINT('',(0.,37.4,16.2));
#170 = LINE('',#171,#172);
#171 = CARTESIAN_POINT('',(0.,37.4,4.4));
#172 = VECTOR('',#173,1.);
#173 = DIRECTION('',(0.,0.,1.));
#174 = ORIENTED_EDGE('',*,*,#175,.F.);
#175 = EDGE_CURVE('',#176,#168,#178,.T.);
#176 = VERTEX_POINT('',#177);
#177 = CARTESIAN_POINT('',(0.,45.4,16.2));
#178 = LINE('',#179,#180);
#179 = CARTESIAN_POINT('',(0.,18.7,16.2));
#180 = VECTOR('',#181,1.);
#181 = DIRECTION('',(0.,-1.,0.));
#182 = ORIENTED_EDGE('',*,*,#183,.F.);
#183 = EDGE_CURVE('',#158,#176,#184,.T.);
#184 = LINE('',#185,#186);
#185 = CARTESIAN_POINT('',(0.,45.4,4.4));
#186 = VECTOR('',#187,1.);
#187 = DIRECTION('',(0.,0.,1.));
#188 = PLANE('',#189);
#189 = AXIS2_PLACEMENT_3D('',#190,#191,#192);
#190 = CARTESIAN_POINT('',(0.,0.,0.));
#191 = DIRECTION('',(1.,0.,-0.));
#192 = DIRECTION('',(0.,0.,1.));
#193 = ADVANCED_FACE('',(#194,#219,#253,#287,#321),#355,.F.);
#194 = FACE_BOUND('',#195,.F.);
#195 = EDGE_LOOP('',(#196,#204,#205,#213));
#196 = ORIENTED_EDGE('',*,*,#197,.F.);
#197 = EDGE_CURVE('',#22,#198,#200,.T.);
#198 = VERTEX_POINT('',#199);
#199 = CARTESIAN_POINT('',(105.8,0.,0.));
#200 = LINE('',#201,#202);
#201 = CARTESIAN_POINT('',(0.,0.,0.));
#202 = VECTOR('',#203,1.);
#203 = DIRECTION('',(1.,0.,-0.));
#204 = ORIENTED_EDGE('',*,*,#21,.T.);
#205 = ORIENTED_EDGE('',*,*,#206,.T.);
#206 = EDGE_CURVE('',#24,#207,#209,.T.);
#207 = VERTEX_POINT('',#208);
#208 = CARTESIAN_POINT('',(105.8,0.,19.1));
#209 = LINE('',#210,#211);
#210 = CARTESIAN_POINT('',(0.,0.,19.1));
#211 = VECTOR('',#212,1.);
#212 = DIRECTION('',(1.,0.,-0.));
#213 = ORIENTED_EDGE('',*,*,#214,.F.);
#214 = EDGE_CURVE('',#198,#207,#215,.T.);
#215 = LINE('',#216,#217);
#216 = CARTESIAN_POINT('',(105.8,0.,0.));
#217 = VECTOR('',#218,1.);
#218 = DIRECTION('',(0.,0.,1.));
#219 = FACE_BOUND('',#220,.F.);
#220 = EDGE_LOOP('',(#221,#231,#239,#247));
#221 = ORIENTED_EDGE('',*,*,#222,.F.);
#222 = EDGE_CURVE('',#223,#225,#227,.T.);
#223 = VERTEX_POINT('',#224);
#224 = CARTESIAN_POINT('',(43.45,0.,16.2));
#225 = VERTEX_POINT('',#226);
#226 = CARTESIAN_POINT('',(51.95,0.,16.2));
#227 = LINE('',#228,#229);
#228 = CARTESIAN_POINT('',(21.725,0.,16.2));
#229 = VECTOR('',#230,1.);
#230 = DIRECTION('',(1.,0.,-0.));
#231 = ORIENTED_EDGE('',*,*,#232,.T.);
#232 = EDGE_CURVE('',#223,#233,#235,.T.);
#233 = VERTEX_POINT('',#234);
#234 = CARTESIAN_POINT('',(43.45,0.,8.8));
#235 = LINE('',#236,#237);
#236 = CARTESIAN_POINT('',(43.45,0.,4.4));
#237 = VECTOR('',#238,1.);
#238 = DIRECTION('',(-0.,0.,-1.));
#239 = ORIENTED_EDGE('',*,*,#240,.T.);
#240 = EDGE_CURVE('',#233,#241,#243,.T.);
#241 = VERTEX_POINT('',#242);
#242 = CARTESIAN_POINT('',(51.95,0.,8.8));
#243 = LINE('',#244,#245);
#244 = CARTESIAN_POINT('',(21.725,0.,8.8));
#245 = VECTOR('',#246,1.);
#246 = DIRECTION('',(1.,0.,-0.));
#247 = ORIENTED_EDGE('',*,*,#248,.F.);
#248 = EDGE_CURVE('',#225,#241,#249,.T.);
#249 = LINE('',#250,#251);
#250 = CARTESIAN_POINT('',(51.95,0.,4.4));
#251 = VECTOR('',#252,1.);
#252 = DIRECTION('',(-0.,0.,-1.));
#253 = FACE_BOUND('',#254,.F.);
#254 = EDGE_LOOP('',(#255,#265,#273,#281));
#255 = ORIENTED_EDGE('',*,*,#256,.F.);
#256 = EDGE_CURVE('',#257,#259,#261,.T.);
#257 = VERTEX_POINT('',#258);
#258 = CARTESIAN_POINT('',(56.75,0.,16.2));
#259 = VERTEX_POINT('',#260);
#260 = CARTESIAN_POINT('',(65.25,0.,16.2));
#261 = LINE('',#262,#263);
#262 = CARTESIAN_POINT('',(28.375,0.,16.2));
#263 = VECTOR('',#264,1.);
#264 = DIRECTION('',(1.,0.,-0.));
#265 = ORIENTED_EDGE('',*,*,#266,.T.);
#266 = EDGE_CURVE('',#257,#267,#269,.T.);
#267 = VERTEX_POINT('',#268);
#268 = CARTESIAN_POINT('',(56.75,0.,8.8));
#269 = LINE('',#270,#271);
#270 = CARTESIAN_POINT('',(56.75,0.,4.4));
#271 = VECTOR('',#272,1.);
#272 = DIRECTION('',(-0.,0.,-1.));
#273 = ORIENTED_EDGE('',*,*,#274,.T.);
#274 = EDGE_CURVE('',#267,#275,#277,.T.);
#275 = VERTEX_POINT('',#276);
#276 = CARTESIAN_POINT('',(65.25,0.,8.8));
#277 = LINE('',#278,#279);
#278 = CARTESIAN_POINT('',(28.375,0.,8.8));
#279 = VECTOR('',#280,1.);
#280 = DIRECTION('',(1.,0.,-0.));
#281 = ORIENTED_EDGE('',*,*,#282,.F.);
#282 = EDGE_CURVE('',#259,#275,#283,.T.);
#283 = LINE('',#284,#285);
#284 = CARTESIAN_POINT('',(65.25,0.,4.4));
#285 = VECTOR('',#286,1.);
#286 = DIRECTION('',(-0.,0.,-1.));
#287 = FACE_BOUND('',#288,.F.);
#288 = EDGE_LOOP('',(#289,#299,#307,#315));
#289 = ORIENTED_EDGE('',*,*,#290,.F.);
#290 = EDGE_CURVE('',#291,#293,#295,.T.);
#291 = VERTEX_POINT('',#292);
#292 = CARTESIAN_POINT('',(70.05,0.,16.2));
#293 = VERTEX_POINT('',#294);
#294 = CARTESIAN_POINT('',(78.55,0.,16.2));
#295 = LINE('',#296,#297);
#296 = CARTESIAN_POINT('',(35.025,0.,16.2));
#297 = VECTOR('',#298,1.);
#298 = DIRECTION('',(1.,0.,-0.));
#299 = ORIENTED_EDGE('',*,*,#300,.T.);
#300 = EDGE_CURVE('',#291,#301,#303,.T.);
#301 = VERTEX_POINT('',#302);
#302 = CARTESIAN_POINT('',(70.05,0.,8.8));
#303 = LINE('',#304,#305);
#304 = CARTESIAN_POINT('',(70.05,0.,4.4));
#305 = VECTOR('',#306,1.);
#306 = DIRECTION('',(-0.,0.,-1.));
#307 = ORIENTED_EDGE('',*,*,#308,.T.);
#308 = EDGE_CURVE('',#301,#309,#311,.T.);
#309 = VERTEX_POINT('',#310);
#310 = CARTESIAN_POINT('',(78.55,0.,8.8));
#311 = LINE('',#312,#313);
#312 = CARTESIAN_POINT('',(35.025,0.,8.8));
#313 = VECTOR('',#314,1.);
#314 = DIRECTION('',(1.,0.,-0.));
#315 = ORIENTED_EDGE('',*,*,#316,.F.);
#316 = EDGE_CURVE('',#293,#309,#317,.T.);
#317 = LINE('',#318,#319);
#318 = CARTESIAN_POINT('',(78.55,0.,4.4));
#319 = VECTOR('',#320,1.);
#320 = DIRECTION('',(-0.,0.,-1.));
#321 = FACE_BOUND('',#322,.F.);
#322 = EDGE_LOOP('',(#323,#333,#341,#349));
#323 = ORIENTED_EDGE('',*,*,#324,.F.);
#324 = EDGE_CURVE('',#325,#327,#329,.T.);
#325 = VERTEX_POINT('',#326);
#326 = CARTESIAN_POINT('',(83.35,0.,16.2));
#327 = VERTEX_POINT('',#328);
#328 = CARTESIAN_POINT('',(91.85,0.,16.2));
#329 = LINE('',#330,#331);
#330 = CARTESIAN_POINT('',(41.675,0.,16.2));
#331 = VECTOR('',#332,1.);
#332 = DIRECTION('',(1.,0.,-0.));
#333 = ORIENTED_EDGE('',*,*,#334,.T.);
#334 = EDGE_CURVE('',#325,#335,#337,.T.);
#335 = VERTEX_POINT('',#336);
#336 = CARTESIAN_POINT('',(83.35,0.,8.8));
#337 = LINE('',#338,#339);
#338 = CARTESIAN_POINT('',(83.35,0.,4.4));
#339 = VECTOR('',#340,1.);
#340 = DIRECTION('',(-0.,0.,-1.));
#341 = ORIENTED_EDGE('',*,*,#342,.T.);
#342 = EDGE_CURVE('',#335,#343,#345,.T.);
#343 = VERTEX_POINT('',#344);
#344 = CARTESIAN_POINT('',(91.85,0.,8.8));
#345 = LINE('',#346,#347);
#346 = CARTESIAN_POINT('',(41.675,0.,8.8));
#347 = VECTOR('',#348,1.);
#348 = DIRECTION('',(1.,0.,-0.));
#349 = ORIENTED_EDGE('',*,*,#350,.F.);
#350 = EDGE_CURVE('',#327,#343,#351,.T.);
#351 = LINE('',#352,#353);
#352 = CARTESIAN_POINT('',(91.85,0.,4.4));
#353 = VECTOR('',#354,1.);
#354 = DIRECTION('',(-0.,0.,-1.));
#355 = PLANE('',#356);
#356 = AXIS2_PLACEMENT_3D('',#357,#358,#359);
#357 = CARTESIAN_POINT('',(0.,0.,0.));
#358 = DIRECTION('',(-0.,1.,0.));
#359 = DIRECTION('',(0.,0.,1.));
#360 = ADVANCED_FACE('',(#361,#379),#413,.T.);
#361 = FACE_BOUND('',#362,.T.);
#362 = EDGE_LOOP('',(#363,#364,#365,#373));
#363 = ORIENTED_EDGE('',*,*,#47,.F.);
#364 = ORIENTED_EDGE('',*,*,#206,.T.);
#365 = ORIENTED_EDGE('',*,*,#366,.T.);
#366 = EDGE_CURVE('',#207,#367,#369,.T.);
#367 = VERTEX_POINT('',#368);
#368 = CARTESIAN_POINT('',(105.8,85.8,19.1));
#369 = LINE('',#370,#371);
#370 = CARTESIAN_POINT('',(105.8,0.,19.1));
#371 = VECTOR('',#372,1.);
#372 = DIRECTION('',(-0.,1.,0.));
#373 = ORIENTED_EDGE('',*,*,#374,.F.);
#374 = EDGE_CURVE('',#40,#367,#375,.T.);
#375 = LINE('',#376,#377);
#376 = CARTESIAN_POINT('',(0.,85.8,19.1));
#377 = VECTOR('',#378,1.);
#378 = DIRECTION('',(1.,0.,-0.));
#379 = FACE_BOUND('',#380,.T.);
#380 = EDGE_LOOP('',(#381,#391,#399,#407));
#381 = ORIENTED_EDGE('',*,*,#382,.T.);
#382 = EDGE_CURVE('',#383,#385,#387,.T.);
#383 = VERTEX_POINT('',#384);
#384 = CARTESIAN_POINT('',(103.4,2.4,19.1));
#385 = VERTEX_POINT('',#386);
#386 = CARTESIAN_POINT('',(2.4,2.4,19.1));
#387 = LINE('',#388,#389);
#388 = CARTESIAN_POINT('',(1.2,2.4,19.1));
#389 = VECTOR('',#390,1.);
#390 = DIRECTION('',(-1.,-0.,0.));
#391 = ORIENTED_EDGE('',*,*,#392,.T.);
#392 = EDGE_CURVE('',#385,#393,#395,.T.);
#393 = VERTEX_POINT('',#394);
#394 = CARTESIAN_POINT('',(2.4,83.4,19.1));
#395 = LINE('',#396,#397);
#396 = CARTESIAN_POINT('',(2.4,1.2,19.1));
#397 = VECTOR('',#398,1.);
#398 = DIRECTION('',(-0.,1.,0.));
#399 = ORIENTED_EDGE('',*,*,#400,.F.);
#400 = EDGE_CURVE('',#401,#393,#403,.T.);
#401 = VERTEX_POINT('',#402);
#402 = CARTESIAN_POINT('',(103.4,83.4,19.1));
#403 = LINE('',#404,#405);
#404 = CARTESIAN_POINT('',(1.2,83.4,19.1));
#405 = VECTOR('',#406,1.);
#406 = DIRECTION('',(-1.,-0.,0.));
#407 = ORIENTED_EDGE('',*,*,#408,.F.);
#408 = EDGE_CURVE('',#383,#401,#409,.T.);
#409 = LINE('',#410,#411);
#410 = CARTESIAN_POINT('',(103.4,1.2,19.1));
#411 = VECTOR('',#412,1.);
#412 = DIRECTION('',(-0.,1.,0.));
#413 = PLANE('',#414);
#414 = AXIS2_PLACEMENT_3D('',#415,#416,#417);
#415 = CARTESIAN_POINT('',(0.,0.,19.1));
#416 = DIRECTION('',(0.,0.,1.));
#417 = DIRECTION('',(1.,0.,-0.));
#418 = ADVANCED_FACE('',(#419),#437,.F.);
#419 = FACE_BOUND('',#420,.F.);
#420 = EDGE_LOOP('',(#421,#422,#423,#431));
#421 = ORIENTED_EDGE('',*,*,#31,.F.);
#422 = ORIENTED_EDGE('',*,*,#197,.T.);
#423 = ORIENTED_EDGE('',*,*,#424,.T.);
#424 = EDGE_CURVE('',#198,#425,#427,.T.);
#425 = VERTEX_POINT('',#426);
#426 = CARTESIAN_POINT('',(105.8,85.8,0.));
#427 = LINE('',#428,#429);
#428 = CARTESIAN_POINT('',(105.8,0.,0.));
#429 = VECTOR('',#430,1.);
#430 = DIRECTION('',(-0.,1.,0.));
#431 = ORIENTED_EDGE('',*,*,#432,.F.);
#432 = EDGE_CURVE('',#32,#425,#433,.T.);
#433 = LINE('',#434,#435);
#434 = CARTESIAN_POINT('',(0.,85.8,0.));
#435 = VECTOR('',#436,1.);
#436 = DIRECTION('',(1.,0.,-0.));
#437 = PLANE('',#438);
#438 = AXIS2_PLACEMENT_3D('',#439,#440,#441);
#439 = CARTESIAN_POINT('',(0.,0.,0.));
#440 = DIRECTION('',(0.,0.,1.));
#441 = DIRECTION('',(1.,0.,-0.));
#442 = ADVANCED_FACE('',(#443,#454,#488,#522,#556,#590,#624,#658,#692,
    #726),#760,.T.);
#443 = FACE_BOUND('',#444,.T.);
#444 = EDGE_LOOP('',(#445,#446,#447,#448));
#445 = ORIENTED_EDGE('',*,*,#432,.F.);
#446 = ORIENTED_EDGE('',*,*,#39,.T.);
#447 = ORIENTED_EDGE('',*,*,#374,.T.);
#448 = ORIENTED_EDGE('',*,*,#449,.F.);
#449 = EDGE_CURVE('',#425,#367,#450,.T.);
#450 = LINE('',#451,#452);
#451 = CARTESIAN_POINT('',(105.8,85.8,0.));
#452 = VECTOR('',#453,1.);
#453 = DIRECTION('',(0.,0.,1.));
#454 = FACE_BOUND('',#455,.T.);
#455 = EDGE_LOOP('',(#456,#466,#474,#482));
#456 = ORIENTED_EDGE('',*,*,#457,.F.);
#457 = EDGE_CURVE('',#458,#460,#462,.T.);
#458 = VERTEX_POINT('',#459);
#459 = CARTESIAN_POINT('',(2.9,85.8,15.4));
#460 = VERTEX_POINT('',#461);
#461 = CARTESIAN_POINT('',(13.7,85.8,15.4));
#462 = LINE('',#463,#464);
#463 = CARTESIAN_POINT('',(1.45,85.8,15.4));
#464 = VECTOR('',#465,1.);
#465 = DIRECTION('',(1.,0.,-0.));
#466 = ORIENTED_EDGE('',*,*,#467,.T.);
#467 = EDGE_CURVE('',#458,#468,#470,.T.);
#468 = VERTEX_POINT('',#469);
#469 = CARTESIAN_POINT('',(2.9,85.8,8.8));
#470 = LINE('',#471,#472);
#471 = CARTESIAN_POINT('',(2.9,85.8,4.4));
#472 = VECTOR('',#473,1.);
#473 = DIRECTION('',(-0.,0.,-1.));
#474 = ORIENTED_EDGE('',*,*,#475,.T.);
#475 = EDGE_CURVE('',#468,#476,#478,.T.);
#476 = VERTEX_POINT('',#477);
#477 = CARTESIAN_POINT('',(13.7,85.8,8.8));
#478 = LINE('',#479,#480);
#479 = CARTESIAN_POINT('',(1.45,85.8,8.8));
#480 = VECTOR('',#481,1.);
#481 = DIRECTION('',(1.,0.,-0.));
#482 = ORIENTED_EDGE('',*,*,#483,.F.);
#483 = EDGE_CURVE('',#460,#476,#484,.T.);
#484 = LINE('',#485,#486);
#485 = CARTESIAN_POINT('',(13.7,85.8,4.4));
#486 = VECTOR('',#487,1.);
#487 = DIRECTION('',(-0.,0.,-1.));
#488 = FACE_BOUND('',#489,.T.);
#489 = EDGE_LOOP('',(#490,#500,#508,#516));
#490 = ORIENTED_EDGE('',*,*,#491,.F.);
#491 = EDGE_CURVE('',#492,#494,#496,.T.);
#492 = VERTEX_POINT('',#493);
#493 = CARTESIAN_POINT('',(13.9,85.8,15.4));
#494 = VERTEX_POINT('',#495);
#495 = CARTESIAN_POINT('',(24.7,85.8,15.4));
#496 = LINE('',#497,#498);
#497 = CARTESIAN_POINT('',(6.95,85.8,15.4));
#498 = VECTOR('',#499,1.);
#499 = DIRECTION('',(1.,0.,-0.));
#500 = ORIENTED_EDGE('',*,*,#501,.T.);
#501 = EDGE_CURVE('',#492,#502,#504,.T.);
#502 = VERTEX_POINT('',#503);
#503 = CARTESIAN_POINT('',(13.9,85.8,8.8));
#504 = LINE('',#505,#506);
#505 = CARTESIAN_POINT('',(13.9,85.8,4.4));
#506 = VECTOR('',#507,1.);
#507 = DIRECTION('',(-0.,0.,-1.));
#508 = ORIENTED_EDGE('',*,*,#509,.T.);
#509 = EDGE_CURVE('',#502,#510,#512,.T.);
#510 = VERTEX_POINT('',#511);
#511 = CARTESIAN_POINT('',(24.7,85.8,8.8));
#512 = LINE('',#513,#514);
#513 = CARTESIAN_POINT('',(6.95,85.8,8.8));
#514 = VECTOR('',#515,1.);
#515 = DIRECTION('',(1.,0.,-0.));
#516 = ORIENTED_EDGE('',*,*,#517,.F.);
#517 = EDGE_CURVE('',#494,#510,#518,.T.);
#518 = LINE('',#519,#520);
#519 = CARTESIAN_POINT('',(24.7,85.8,4.4));
#520 = VECTOR('',#521,1.);
#521 = DIRECTION('',(-0.,0.,-1.));
#522 = FACE_BOUND('',#523,.T.);
#523 = EDGE_LOOP('',(#524,#534,#542,#550));
#524 = ORIENTED_EDGE('',*,*,#525,.F.);
#525 = EDGE_CURVE('',#526,#528,#530,.T.);
#526 = VERTEX_POINT('',#527);
#527 = CARTESIAN_POINT('',(24.9,85.8,15.4));
#528 = VERTEX_POINT('',#529);
#529 = CARTESIAN_POINT('',(35.7,85.8,15.4));
#530 = LINE('',#531,#532);
#531 = CARTESIAN_POINT('',(12.45,85.8,15.4));
#532 = VECTOR('',#533,1.);
#533 = DIRECTION('',(1.,0.,-0.));
#534 = ORIENTED_EDGE('',*,*,#535,.T.);
#535 = EDGE_CURVE('',#526,#536,#538,.T.);
#536 = VERTEX_POINT('',#537);
#537 = CARTESIAN_POINT('',(24.9,85.8,8.8));
#538 = LINE('',#539,#540);
#539 = CARTESIAN_POINT('',(24.9,85.8,4.4));
#540 = VECTOR('',#541,1.);
#541 = DIRECTION('',(-0.,0.,-1.));
#542 = ORIENTED_EDGE('',*,*,#543,.T.);
#543 = EDGE_CURVE('',#536,#544,#546,.T.);
#544 = VERTEX_POINT('',#545);
#545 = CARTESIAN_POINT('',(35.7,85.8,8.8));
#546 = LINE('',#547,#548);
#547 = CARTESIAN_POINT('',(12.45,85.8,8.8));
#548 = VECTOR('',#549,1.);
#549 = DIRECTION('',(1.,0.,-0.));
#550 = ORIENTED_EDGE('',*,*,#551,.F.);
#551 = EDGE_CURVE('',#528,#544,#552,.T.);
#552 = LINE('',#553,#554);
#553 = CARTESIAN_POINT('',(35.7,85.8,4.4));
#554 = VECTOR('',#555,1.);
#555 = DIRECTION('',(-0.,0.,-1.));
#556 = FACE_BOUND('',#557,.T.);
#557 = EDGE_LOOP('',(#558,#568,#576,#584));
#558 = ORIENTED_EDGE('',*,*,#559,.F.);
#559 = EDGE_CURVE('',#560,#562,#564,.T.);
#560 = VERTEX_POINT('',#561);
#561 = CARTESIAN_POINT('',(35.9,85.8,15.4));
#562 = VERTEX_POINT('',#563);
#563 = CARTESIAN_POINT('',(46.7,85.8,15.4));
#564 = LINE('',#565,#566);
#565 = CARTESIAN_POINT('',(17.95,85.8,15.4));
#566 = VECTOR('',#567,1.);
#567 = DIRECTION('',(1.,0.,-0.));
#568 = ORIENTED_EDGE('',*,*,#569,.T.);
#569 = EDGE_CURVE('',#560,#570,#572,.T.);
#570 = VERTEX_POINT('',#571);
#571 = CARTESIAN_POINT('',(35.9,85.8,8.8));
#572 = LINE('',#573,#574);
#573 = CARTESIAN_POINT('',(35.9,85.8,4.4));
#574 = VECTOR('',#575,1.);
#575 = DIRECTION('',(-0.,0.,-1.));
#576 = ORIENTED_EDGE('',*,*,#577,.T.);
#577 = EDGE_CURVE('',#570,#578,#580,.T.);
#578 = VERTEX_POINT('',#579);
#579 = CARTESIAN_POINT('',(46.7,85.8,8.8));
#580 = LINE('',#581,#582);
#581 = CARTESIAN_POINT('',(17.95,85.8,8.8));
#582 = VECTOR('',#583,1.);
#583 = DIRECTION('',(1.,0.,-0.));
#584 = ORIENTED_EDGE('',*,*,#585,.F.);
#585 = EDGE_CURVE('',#562,#578,#586,.T.);
#586 = LINE('',#587,#588);
#587 = CARTESIAN_POINT('',(46.7,85.8,4.4));
#588 = VECTOR('',#589,1.);
#589 = DIRECTION('',(-0.,0.,-1.));
#590 = FACE_BOUND('',#591,.T.);
#591 = EDGE_LOOP('',(#592,#602,#610,#618));
#592 = ORIENTED_EDGE('',*,*,#593,.F.);
#593 = EDGE_CURVE('',#594,#596,#598,.T.);
#594 = VERTEX_POINT('',#595);
#595 = CARTESIAN_POINT('',(46.9,85.8,15.4));
#596 = VERTEX_POINT('',#597);
#597 = CARTESIAN_POINT('',(57.7,85.8,15.4));
#598 = LINE('',#599,#600);
#599 = CARTESIAN_POINT('',(23.45,85.8,15.4));
#600 = VECTOR('',#601,1.);
#601 = DIRECTION('',(1.,0.,-0.));
#602 = ORIENTED_EDGE('',*,*,#603,.T.);
#603 = EDGE_CURVE('',#594,#604,#606,.T.);
#604 = VERTEX_POINT('',#605);
#605 = CARTESIAN_POINT('',(46.9,85.8,8.8));
#606 = LINE('',#607,#608);
#607 = CARTESIAN_POINT('',(46.9,85.8,4.4));
#608 = VECTOR('',#609,1.);
#609 = DIRECTION('',(-0.,0.,-1.));
#610 = ORIENTED_EDGE('',*,*,#611,.T.);
#611 = EDGE_CURVE('',#604,#612,#614,.T.);
#612 = VERTEX_POINT('',#613);
#613 = CARTESIAN_POINT('',(57.7,85.8,8.8));
#614 = LINE('',#615,#616);
#615 = CARTESIAN_POINT('',(23.45,85.8,8.8));
#616 = VECTOR('',#617,1.);
#617 = DIRECTION('',(1.,0.,-0.));
#618 = ORIENTED_EDGE('',*,*,#619,.F.);
#619 = EDGE_CURVE('',#596,#612,#620,.T.);
#620 = LINE('',#621,#622);
#621 = CARTESIAN_POINT('',(57.7,85.8,4.4));
#622 = VECTOR('',#623,1.);
#623 = DIRECTION('',(-0.,0.,-1.));
#624 = FACE_BOUND('',#625,.T.);
#625 = EDGE_LOOP('',(#626,#636,#644,#652));
#626 = ORIENTED_EDGE('',*,*,#627,.F.);
#627 = EDGE_CURVE('',#628,#630,#632,.T.);
#628 = VERTEX_POINT('',#629);
#629 = CARTESIAN_POINT('',(57.9,85.8,15.4));
#630 = VERTEX_POINT('',#631);
#631 = CARTESIAN_POINT('',(68.7,85.8,15.4));
#632 = LINE('',#633,#634);
#633 = CARTESIAN_POINT('',(28.95,85.8,15.4));
#634 = VECTOR('',#635,1.);
#635 = DIRECTION('',(1.,0.,-0.));
#636 = ORIENTED_EDGE('',*,*,#637,.T.);
#637 = EDGE_CURVE('',#628,#638,#640,.T.);
#638 = VERTEX_POINT('',#639);
#639 = CARTESIAN_POINT('',(57.9,85.8,8.8));
#640 = LINE('',#641,#642);
#641 = CARTESIAN_POINT('',(57.9,85.8,4.4));
#642 = VECTOR('',#643,1.);
#643 = DIRECTION('',(-0.,0.,-1.));
#644 = ORIENTED_EDGE('',*,*,#645,.T.);
#645 = EDGE_CURVE('',#638,#646,#648,.T.);
#646 = VERTEX_POINT('',#647);
#647 = CARTESIAN_POINT('',(68.7,85.8,8.8));
#648 = LINE('',#649,#650);
#649 = CARTESIAN_POINT('',(28.95,85.8,8.8));
#650 = VECTOR('',#651,1.);
#651 = DIRECTION('',(1.,0.,-0.));
#652 = ORIENTED_EDGE('',*,*,#653,.F.);
#653 = EDGE_CURVE('',#630,#646,#654,.T.);
#654 = LINE('',#655,#656);
#655 = CARTESIAN_POINT('',(68.7,85.8,4.4));
#656 = VECTOR('',#657,1.);
#657 = DIRECTION('',(-0.,0.,-1.));
#658 = FACE_BOUND('',#659,.T.);
#659 = EDGE_LOOP('',(#660,#670,#678,#686));
#660 = ORIENTED_EDGE('',*,*,#661,.F.);
#661 = EDGE_CURVE('',#662,#664,#666,.T.);
#662 = VERTEX_POINT('',#663);
#663 = CARTESIAN_POINT('',(68.9,85.8,15.4));
#664 = VERTEX_POINT('',#665);
#665 = CARTESIAN_POINT('',(79.7,85.8,15.4));
#666 = LINE('',#667,#668);
#667 = CARTESIAN_POINT('',(34.45,85.8,15.4));
#668 = VECTOR('',#669,1.);
#669 = DIRECTION('',(1.,0.,-0.));
#670 = ORIENTED_EDGE('',*,*,#671,.T.);
#671 = EDGE_CURVE('',#662,#672,#674,.T.);
#672 = VERTEX_POINT('',#673);
#673 = CARTESIAN_POINT('',(68.9,85.8,8.8));
#674 = LINE('',#675,#676);
#675 = CARTESIAN_POINT('',(68.9,85.8,4.4));
#676 = VECTOR('',#677,1.);
#677 = DIRECTION('',(-0.,0.,-1.));
#678 = ORIENTED_EDGE('',*,*,#679,.T.);
#679 = EDGE_CURVE('',#672,#680,#682,.T.);
#680 = VERTEX_POINT('',#681);
#681 = CARTESIAN_POINT('',(79.7,85.8,8.8));
#682 = LINE('',#683,#684);
#683 = CARTESIAN_POINT('',(34.45,85.8,8.8));
#684 = VECTOR('',#685,1.);
#685 = DIRECTION('',(1.,0.,-0.));
#686 = ORIENTED_EDGE('',*,*,#687,.F.);
#687 = EDGE_CURVE('',#664,#680,#688,.T.);
#688 = LINE('',#689,#690);
#689 = CARTESIAN_POINT('',(79.7,85.8,4.4));
#690 = VECTOR('',#691,1.);
#691 = DIRECTION('',(-0.,0.,-1.));
#692 = FACE_BOUND('',#693,.T.);
#693 = EDGE_LOOP('',(#694,#704,#712,#720));
#694 = ORIENTED_EDGE('',*,*,#695,.F.);
#695 = EDGE_CURVE('',#696,#698,#700,.T.);
#696 = VERTEX_POINT('',#697);
#697 = CARTESIAN_POINT('',(79.9,85.8,15.4));
#698 = VERTEX_POINT('',#699);
#699 = CARTESIAN_POINT('',(90.7,85.8,15.4));
#700 = LINE('',#701,#702);
#701 = CARTESIAN_POINT('',(39.95,85.8,15.4));
#702 = VECTOR('',#703,1.);
#703 = DIRECTION('',(1.,0.,-0.));
#704 = ORIENTED_EDGE('',*,*,#705,.T.);
#705 = EDGE_CURVE('',#696,#706,#708,.T.);
#706 = VERTEX_POINT('',#707);
#707 = CARTESIAN_POINT('',(79.9,85.8,8.8));
#708 = LINE('',#709,#710);
#709 = CARTESIAN_POINT('',(79.9,85.8,4.4));
#710 = VECTOR('',#711,1.);
#711 = DIRECTION('',(-0.,0.,-1.));
#712 = ORIENTED_EDGE('',*,*,#713,.T.);
#713 = EDGE_CURVE('',#706,#714,#716,.T.);
#714 = VERTEX_POINT('',#715);
#715 = CARTESIAN_POINT('',(90.7,85.8,8.8));
#716 = LINE('',#717,#718);
#717 = CARTESIAN_POINT('',(39.95,85.8,8.8));
#718 = VECTOR('',#719,1.);
#719 = DIRECTION('',(1.,0.,-0.));
#720 = ORIENTED_EDGE('',*,*,#721,.F.);
#721 = EDGE_CURVE('',#698,#714,#722,.T.);
#722 = LINE('',#723,#724);
#723 = CARTESIAN_POINT('',(90.7,85.8,4.4));
#724 = VECTOR('',#725,1.);
#725 = DIRECTION('',(-0.,0.,-1.));
#726 = FACE_BOUND('',#727,.T.);
#727 = EDGE_LOOP('',(#728,#738,#746,#754));
#728 = ORIENTED_EDGE('',*,*,#729,.F.);
#729 = EDGE_CURVE('',#730,#732,#734,.T.);
#730 = VERTEX_POINT('',#731);
#731 = CARTESIAN_POINT('',(93.15,85.8,16.2));
#732 = VERTEX_POINT('',#733);
#733 = CARTESIAN_POINT('',(101.65,85.8,16.2));
#734 = LINE('',#735,#736);
#735 = CARTESIAN_POINT('',(46.575,85.8,16.2));
#736 = VECTOR('',#737,1.);
#737 = DIRECTION('',(1.,0.,-0.));
#738 = ORIENTED_EDGE('',*,*,#739,.T.);
#739 = EDGE_CURVE('',#730,#740,#742,.T.);
#740 = VERTEX_POINT('',#741);
#741 = CARTESIAN_POINT('',(93.15,85.8,8.8));
#742 = LINE('',#743,#744);
#743 = CARTESIAN_POINT('',(93.15,85.8,4.4));
#744 = VECTOR('',#745,1.);
#745 = DIRECTION('',(-0.,0.,-1.));
#746 = ORIENTED_EDGE('',*,*,#747,.T.);
#747 = EDGE_CURVE('',#740,#748,#750,.T.);
#748 = VERTEX_POINT('',#749);
#749 = CARTESIAN_POINT('',(101.65,85.8,8.8));
#750 = LINE('',#751,#752);
#751 = CARTESIAN_POINT('',(46.575,85.8,8.8));
#752 = VECTOR('',#753,1.);
#753 = DIRECTION('',(1.,0.,-0.));
#754 = ORIENTED_EDGE('',*,*,#755,.F.);
#755 = EDGE_CURVE('',#732,#748,#756,.T.);
#756 = LINE('',#757,#758);
#757 = CARTESIAN_POINT('',(101.65,85.8,4.4));
#758 = VECTOR('',#759,1.);
#759 = DIRECTION('',(-0.,0.,-1.));
#760 = PLANE('',#761);
#761 = AXIS2_PLACEMENT_3D('',#762,#763,#764);
#762 = CARTESIAN_POINT('',(0.,85.8,0.));
#763 = DIRECTION('',(-0.,1.,0.));
#764 = DIRECTION('',(0.,0.,1.));
#765 = ADVANCED_FACE('',(#766),#791,.T.);
#766 = FACE_BOUND('',#767,.T.);
#767 = EDGE_LOOP('',(#768,#776,#777,#785));
#768 = ORIENTED_EDGE('',*,*,#769,.F.);
#769 = EDGE_CURVE('',#56,#770,#772,.T.);
#770 = VERTEX_POINT('',#771);
#771 = CARTESIAN_POINT('',(2.4,80.8,8.8));
#772 = LINE('',#773,#774);
#773 = CARTESIAN_POINT('',(-1.2,80.8,8.8));
#774 = VECTOR('',#775,1.);
#775 = DIRECTION('',(1.,0.,-0.));
#776 = ORIENTED_EDGE('',*,*,#55,.T.);
#777 = ORIENTED_EDGE('',*,*,#778,.T.);
#778 = EDGE_CURVE('',#58,#779,#781,.T.);
#779 = VERTEX_POINT('',#780);
#780 = CARTESIAN_POINT('',(2.4,70.5,8.8));
#781 = LINE('',#782,#783);
#782 = CARTESIAN_POINT('',(-1.2,70.5,8.8));
#783 = VECTOR('',#784,1.);
#784 = DIRECTION('',(1.,0.,-0.));
#785 = ORIENTED_EDGE('',*,*,#786,.F.);
#786 = EDGE_CURVE('',#770,#779,#787,.T.);
#787 = LINE('',#788,#789);
#788 = CARTESIAN_POINT('',(2.4,36.45,8.8));
#789 = VECTOR('',#790,1.);
#790 = DIRECTION('',(0.,-1.,0.));
#791 = PLANE('',#792);
#792 = AXIS2_PLACEMENT_3D('',#793,#794,#795);
#793 = CARTESIAN_POINT('',(-1.2,70.5,8.8));
#794 = DIRECTION('',(0.,0.,1.));
#795 = DIRECTION('',(1.,0.,-0.));
#796 = ADVANCED_FACE('',(#797),#815,.F.);
#797 = FACE_BOUND('',#798,.F.);
#798 = EDGE_LOOP('',(#799,#800,#801,#809));
#799 = ORIENTED_EDGE('',*,*,#769,.F.);
#800 = ORIENTED_EDGE('',*,*,#81,.T.);
#801 = ORIENTED_EDGE('',*,*,#802,.T.);
#802 = EDGE_CURVE('',#74,#803,#805,.T.);
#803 = VERTEX_POINT('',#804);
#804 = CARTESIAN_POINT('',(2.4,80.8,15.4));
#805 = LINE('',#806,#807);
#806 = CARTESIAN_POINT('',(-1.2,80.8,15.4));
#807 = VECTOR('',#808,1.);
#808 = DIRECTION('',(1.,0.,-0.));
#809 = ORIENTED_EDGE('',*,*,#810,.F.);
#810 = EDGE_CURVE('',#770,#803,#811,.T.);
#811 = LINE('',#812,#813);
#812 = CARTESIAN_POINT('',(2.4,80.8,5.6));
#813 = VECTOR('',#814,1.);
#814 = DIRECTION('',(0.,0.,1.));
#815 = PLANE('',#816);
#816 = AXIS2_PLACEMENT_3D('',#817,#818,#819);
#817 = CARTESIAN_POINT('',(-1.2,80.8,8.8));
#818 = DIRECTION('',(-0.,1.,0.));
#819 = DIRECTION('',(0.,0.,1.));
#820 = ADVANCED_FACE('',(#821),#839,.F.);
#821 = FACE_BOUND('',#822,.F.);
#822 = EDGE_LOOP('',(#823,#824,#825,#833));
#823 = ORIENTED_EDGE('',*,*,#802,.F.);
#824 = ORIENTED_EDGE('',*,*,#73,.T.);
#825 = ORIENTED_EDGE('',*,*,#826,.T.);
#826 = EDGE_CURVE('',#66,#827,#829,.T.);
#827 = VERTEX_POINT('',#828);
#828 = CARTESIAN_POINT('',(2.4,70.5,15.4));
#829 = LINE('',#830,#831);
#830 = CARTESIAN_POINT('',(-1.2,70.5,15.4));
#831 = VECTOR('',#832,1.);
#832 = DIRECTION('',(1.,0.,-0.));
#833 = ORIENTED_EDGE('',*,*,#834,.F.);
#834 = EDGE_CURVE('',#803,#827,#835,.T.);
#835 = LINE('',#836,#837);
#836 = CARTESIAN_POINT('',(2.4,36.45,15.4));
#837 = VECTOR('',#838,1.);
#838 = DIRECTION('',(0.,-1.,0.));
#839 = PLANE('',#840);
#840 = AXIS2_PLACEMENT_3D('',#841,#842,#843);
#841 = CARTESIAN_POINT('',(-1.2,70.5,15.4));
#842 = DIRECTION('',(0.,0.,1.));
#843 = DIRECTION('',(1.,0.,-0.));
#844 = ADVANCED_FACE('',(#845),#856,.T.);
#845 = FACE_BOUND('',#846,.T.);
#846 = EDGE_LOOP('',(#847,#848,#849,#850));
#847 = ORIENTED_EDGE('',*,*,#778,.F.);
#848 = ORIENTED_EDGE('',*,*,#65,.T.);
#849 = ORIENTED_EDGE('',*,*,#826,.T.);
#850 = ORIENTED_EDGE('',*,*,#851,.F.);
#851 = EDGE_CURVE('',#779,#827,#852,.T.);
#852 = LINE('',#853,#854);
#853 = CARTESIAN_POINT('',(2.4,70.5,5.6));
#854 = VECTOR('',#855,1.);
#855 = DIRECTION('',(0.,0.,1.));
#856 = PLANE('',#857);
#857 = AXIS2_PLACEMENT_3D('',#858,#859,#860);
#858 = CARTESIAN_POINT('',(-1.2,70.5,8.8));
#859 = DIRECTION('',(-0.,1.,0.));
#860 = DIRECTION('',(0.,0.,1.));
#861 = ADVANCED_FACE('',(#862),#887,.T.);
#862 = FACE_BOUND('',#863,.T.);
#863 = EDGE_LOOP('',(#864,#872,#873,#881));
#864 = ORIENTED_EDGE('',*,*,#865,.F.);
#865 = EDGE_CURVE('',#90,#866,#868,.T.);
#866 = VERTEX_POINT('',#867);
#867 = CARTESIAN_POINT('',(2.4,58.9,8.8));
#868 = LINE('',#869,#870);
#869 = CARTESIAN_POINT('',(-1.2,58.9,8.8));
#870 = VECTOR('',#871,1.);
#871 = DIRECTION('',(1.,0.,-0.));
#872 = ORIENTED_EDGE('',*,*,#89,.T.);
#873 = ORIENTED_EDGE('',*,*,#874,.T.);
#874 = EDGE_CURVE('',#92,#875,#877,.T.);
#875 = VERTEX_POINT('',#876);
#876 = CARTESIAN_POINT('',(2.4,50.9,8.8));
#877 = LINE('',#878,#879);
#878 = CARTESIAN_POINT('',(-1.2,50.9,8.8));
#879 = VECTOR('',#880,1.);
#880 = DIRECTION('',(1.,0.,-0.));
#881 = ORIENTED_EDGE('',*,*,#882,.F.);
#882 = EDGE_CURVE('',#866,#875,#883,.T.);
#883 = LINE('',#884,#885);
#884 = CARTESIAN_POINT('',(2.4,26.65,8.8));
#885 = VECTOR('',#886,1.);
#886 = DIRECTION('',(0.,-1.,0.));
#887 = PLANE('',#888);
#888 = AXIS2_PLACEMENT_3D('',#889,#890,#891);
#889 = CARTESIAN_POINT('',(-1.2,50.9,8.8));
#890 = DIRECTION('',(0.,0.,1.));
#891 = DIRECTION('',(1.,0.,-0.));
#892 = ADVANCED_FACE('',(#893),#911,.F.);
#893 = FACE_BOUND('',#894,.F.);
#894 = EDGE_LOOP('',(#895,#896,#897,#905));
#895 = ORIENTED_EDGE('',*,*,#865,.F.);
#896 = ORIENTED_EDGE('',*,*,#115,.T.);
#897 = ORIENTED_EDGE('',*,*,#898,.T.);
#898 = EDGE_CURVE('',#108,#899,#901,.T.);
#899 = VERTEX_POINT('',#900);
#900 = CARTESIAN_POINT('',(2.4,58.9,16.2));
#901 = LINE('',#902,#903);
#902 = CARTESIAN_POINT('',(-1.2,58.9,16.2));
#903 = VECTOR('',#904,1.);
#904 = DIRECTION('',(1.,0.,-0.));
#905 = ORIENTED_EDGE('',*,*,#906,.F.);
#906 = EDGE_CURVE('',#866,#899,#907,.T.);
#907 = LINE('',#908,#909);
#908 = CARTESIAN_POINT('',(2.4,58.9,5.6));
#909 = VECTOR('',#910,1.);
#910 = DIRECTION('',(0.,0.,1.));
#911 = PLANE('',#912);
#912 = AXIS2_PLACEMENT_3D('',#913,#914,#915);
#913 = CARTESIAN_POINT('',(-1.2,58.9,8.8));
#914 = DIRECTION('',(-0.,1.,0.));
#915 = DIRECTION('',(0.,0.,1.));
#916 = ADVANCED_FACE('',(#917),#935,.T.);
#917 = FACE_BOUND('',#918,.T.);
#918 = EDGE_LOOP('',(#919,#920,#921,#929));
#919 = ORIENTED_EDGE('',*,*,#874,.F.);
#920 = ORIENTED_EDGE('',*,*,#99,.T.);
#921 = ORIENTED_EDGE('',*,*,#922,.T.);
#922 = EDGE_CURVE('',#100,#923,#925,.T.);
#923 = VERTEX_POINT('',#924);
#924 = CARTESIAN_POINT('',(2.4,50.9,16.2));
#925 = LINE('',#926,#927);
#926 = CARTESIAN_POINT('',(-1.2,50.9,16.2));
#927 = VECTOR('',#928,1.);
#928 = DIRECTION('',(1.,0.,-0.));
#929 = ORIENTED_EDGE('',*,*,#930,.F.);
#930 = EDGE_CURVE('',#875,#923,#931,.T.);
#931 = LINE('',#932,#933);
#932 = CARTESIAN_POINT('',(2.4,50.9,5.6));
#933 = VECTOR('',#934,1.);
#934 = DIRECTION('',(0.,0.,1.));
#935 = PLANE('',#936);
#936 = AXIS2_PLACEMENT_3D('',#937,#938,#939);
#937 = CARTESIAN_POINT('',(-1.2,50.9,8.8));
#938 = DIRECTION('',(-0.,1.,0.));
#939 = DIRECTION('',(0.,0.,1.));
#940 = ADVANCED_FACE('',(#941),#952,.F.);
#941 = FACE_BOUND('',#942,.F.);
#942 = EDGE_LOOP('',(#943,#944,#945,#946));
#943 = ORIENTED_EDGE('',*,*,#898,.F.);
#944 = ORIENTED_EDGE('',*,*,#107,.T.);
#945 = ORIENTED_EDGE('',*,*,#922,.T.);
#946 = ORIENTED_EDGE('',*,*,#947,.F.);
#947 = EDGE_CURVE('',#899,#923,#948,.T.);
#948 = LINE('',#949,#950);
#949 = CARTESIAN_POINT('',(2.4,26.65,16.2));
#950 = VECTOR('',#951,1.);
#951 = DIRECTION('',(0.,-1.,0.));
#952 = PLANE('',#953);
#953 = AXIS2_PLACEMENT_3D('',#954,#955,#956);
#954 = CARTESIAN_POINT('',(-1.2,50.9,16.2));
#955 = DIRECTION('',(0.,0.,1.));
#956 = DIRECTION('',(1.,0.,-0.));
#957 = ADVANCED_FACE('',(#958),#983,.T.);
#958 = FACE_BOUND('',#959,.T.);
#959 = EDGE_LOOP('',(#960,#968,#969,#977));
#960 = ORIENTED_EDGE('',*,*,#961,.F.);
#961 = EDGE_CURVE('',#124,#962,#964,.T.);
#962 = VERTEX_POINT('',#963);
#963 = CARTESIAN_POINT('',(2.4,26.9,8.8));
#964 = LINE('',#965,#966);
#965 = CARTESIAN_POINT('',(-1.2,26.9,8.8));
#966 = VECTOR('',#967,1.);
#967 = DIRECTION('',(1.,0.,-0.));
#968 = ORIENTED_EDGE('',*,*,#123,.T.);
#969 = ORIENTED_EDGE('',*,*,#970,.T.);
#970 = EDGE_CURVE('',#126,#971,#973,.T.);
#971 = VERTEX_POINT('',#972);
#972 = CARTESIAN_POINT('',(2.4,16.9,8.8));
#973 = LINE('',#974,#975);
#974 = CARTESIAN_POINT('',(-1.2,16.9,8.8));
#975 = VECTOR('',#976,1.);
#976 = DIRECTION('',(1.,0.,-0.));
#977 = ORIENTED_EDGE('',*,*,#978,.F.);
#978 = EDGE_CURVE('',#962,#971,#979,.T.);
#979 = LINE('',#980,#981);
#980 = CARTESIAN_POINT('',(2.4,9.65,8.8));
#981 = VECTOR('',#982,1.);
#982 = DIRECTION('',(0.,-1.,0.));
#983 = PLANE('',#984);
#984 = AXIS2_PLACEMENT_3D('',#985,#986,#987);
#985 = CARTESIAN_POINT('',(-1.2,16.9,8.8));
#986 = DIRECTION('',(0.,0.,1.));
#987 = DIRECTION('',(1.,0.,-0.));
#988 = ADVANCED_FACE('',(#989),#1007,.F.);
#989 = FACE_BOUND('',#990,.F.);
#990 = EDGE_LOOP('',(#991,#992,#993,#1001));
#991 = ORIENTED_EDGE('',*,*,#961,.F.);
#992 = ORIENTED_EDGE('',*,*,#149,.T.);
#993 = ORIENTED_EDGE('',*,*,#994,.T.);
#994 = EDGE_CURVE('',#142,#995,#997,.T.);
#995 = VERTEX_POINT('',#996);
#996 = CARTESIAN_POINT('',(2.4,26.9,12.5));
#997 = LINE('',#998,#999);
#998 = CARTESIAN_POINT('',(-1.2,26.9,12.5));
#999 = VECTOR('',#1000,1.);
#1000 = DIRECTION('',(1.,0.,-0.));
#1001 = ORIENTED_EDGE('',*,*,#1002,.F.);
#1002 = EDGE_CURVE('',#962,#995,#1003,.T.);
#1003 = LINE('',#1004,#1005);
#1004 = CARTESIAN_POINT('',(2.4,26.9,5.6));
#1005 = VECTOR('',#1006,1.);
#1006 = DIRECTION('',(0.,0.,1.));
#1007 = PLANE('',#1008);
#1008 = AXIS2_PLACEMENT_3D('',#1009,#1010,#1011);
#1009 = CARTESIAN_POINT('',(-1.2,26.9,8.8));
#1010 = DIRECTION('',(-0.,1.,0.));
#1011 = DIRECTION('',(0.,0.,1.));
#1012 = ADVANCED_FACE('',(#1013),#1031,.T.);
#1013 = FACE_BOUND('',#1014,.T.);
#1014 = EDGE_LOOP('',(#1015,#1016,#1017,#1025));
#1015 = ORIENTED_EDGE('',*,*,#970,.F.);
#1016 = ORIENTED_EDGE('',*,*,#133,.T.);
#1017 = ORIENTED_EDGE('',*,*,#1018,.T.);
#1018 = EDGE_CURVE('',#134,#1019,#1021,.T.);
#1019 = VERTEX_POINT('',#1020);
#1020 = CARTESIAN_POINT('',(2.4,16.9,12.5));
#1021 = LINE('',#1022,#1023);
#1022 = CARTESIAN_POINT('',(-1.2,16.9,12.5));
#1023 = VECTOR('',#1024,1.);
#1024 = DIRECTION('',(1.,0.,-0.));
#1025 = ORIENTED_EDGE('',*,*,#1026,.F.);
#1026 = EDGE_CURVE('',#971,#1019,#1027,.T.);
#1027 = LINE('',#1028,#1029);
#1028 = CARTESIAN_POINT('',(2.4,16.9,5.6));
#1029 = VECTOR('',#1030,1.);
#1030 = DIRECTION('',(0.,0.,1.));
#1031 = PLANE('',#1032);
#1032 = AXIS2_PLACEMENT_3D('',#1033,#1034,#1035);
#1033 = CARTESIAN_POINT('',(-1.2,16.9,8.8));
#1034 = DIRECTION('',(-0.,1.,0.));
#1035 = DIRECTION('',(0.,0.,1.));
#1036 = ADVANCED_FACE('',(#1037),#1048,.F.);
#1037 = FACE_BOUND('',#1038,.F.);
#1038 = EDGE_LOOP('',(#1039,#1040,#1041,#1042));
#1039 = ORIENTED_EDGE('',*,*,#994,.F.);
#1040 = ORIENTED_EDGE('',*,*,#141,.T.);
#1041 = ORIENTED_EDGE('',*,*,#1018,.T.);
#1042 = ORIENTED_EDGE('',*,*,#1043,.F.);
#1043 = EDGE_CURVE('',#995,#1019,#1044,.T.);
#1044 = LINE('',#1045,#1046);
#1045 = CARTESIAN_POINT('',(2.4,9.65,12.5));
#1046 = VECTOR('',#1047,1.);
#1047 = DIRECTION('',(0.,-1.,0.));
#1048 = PLANE('',#1049);
#1049 = AXIS2_PLACEMENT_3D('',#1050,#1051,#1052);
#1050 = CARTESIAN_POINT('',(-1.2,16.9,12.5));
#1051 = DIRECTION('',(0.,0.,1.));
#1052 = DIRECTION('',(1.,0.,-0.));
#1053 = ADVANCED_FACE('',(#1054),#1079,.T.);
#1054 = FACE_BOUND('',#1055,.T.);
#1055 = EDGE_LOOP('',(#1056,#1064,#1065,#1073));
#1056 = ORIENTED_EDGE('',*,*,#1057,.F.);
#1057 = EDGE_CURVE('',#158,#1058,#1060,.T.);
#1058 = VERTEX_POINT('',#1059);
#1059 = CARTESIAN_POINT('',(2.4,45.4,8.8));
#1060 = LINE('',#1061,#1062);
#1061 = CARTESIAN_POINT('',(-1.2,45.4,8.8));
#1062 = VECTOR('',#1063,1.);
#1063 = DIRECTION('',(1.,0.,-0.));
#1064 = ORIENTED_EDGE('',*,*,#157,.T.);
#1065 = ORIENTED_EDGE('',*,*,#1066,.T.);
#1066 = EDGE_CURVE('',#160,#1067,#1069,.T.);
#1067 = VERTEX_POINT('',#1068);
#1068 = CARTESIAN_POINT('',(2.4,37.4,8.8));
#1069 = LINE('',#1070,#1071);
#1070 = CARTESIAN_POINT('',(-1.2,37.4,8.8));
#1071 = VECTOR('',#1072,1.);
#1072 = DIRECTION('',(1.,0.,-0.));
#1073 = ORIENTED_EDGE('',*,*,#1074,.F.);
#1074 = EDGE_CURVE('',#1058,#1067,#1075,.T.);
#1075 = LINE('',#1076,#1077);
#1076 = CARTESIAN_POINT('',(2.4,19.9,8.8));
#1077 = VECTOR('',#1078,1.);
#1078 = DIRECTION('',(0.,-1.,0.));
#1079 = PLANE('',#1080);
#1080 = AXIS2_PLACEMENT_3D('',#1081,#1082,#1083);
#1081 = CARTESIAN_POINT('',(-1.2,37.4,8.8));
#1082 = DIRECTION('',(0.,0.,1.));
#1083 = DIRECTION('',(1.,0.,-0.));
#1084 = ADVANCED_FACE('',(#1085),#1103,.F.);
#1085 = FACE_BOUND('',#1086,.F.);
#1086 = EDGE_LOOP('',(#1087,#1088,#1089,#1097));
#1087 = ORIENTED_EDGE('',*,*,#1057,.F.);
#1088 = ORIENTED_EDGE('',*,*,#183,.T.);
#1089 = ORIENTED_EDGE('',*,*,#1090,.T.);
#1090 = EDGE_CURVE('',#176,#1091,#1093,.T.);
#1091 = VERTEX_POINT('',#1092);
#1092 = CARTESIAN_POINT('',(2.4,45.4,16.2));
#1093 = LINE('',#1094,#1095);
#1094 = CARTESIAN_POINT('',(-1.2,45.4,16.2));
#1095 = VECTOR('',#1096,1.);
#1096 = DIRECTION('',(1.,0.,-0.));
#1097 = ORIENTED_EDGE('',*,*,#1098,.F.);
#1098 = EDGE_CURVE('',#1058,#1091,#1099,.T.);
#1099 = LINE('',#1100,#1101);
#1100 = CARTESIAN_POINT('',(2.4,45.4,5.6));
#1101 = VECTOR('',#1102,1.);
#1102 = DIRECTION('',(0.,0.,1.));
#1103 = PLANE('',#1104);
#1104 = AXIS2_PLACEMENT_3D('',#1105,#1106,#1107);
#1105 = CARTESIAN_POINT('',(-1.2,45.4,8.8));
#1106 = DIRECTION('',(-0.,1.,0.));
#1107 = DIRECTION('',(0.,0.,1.));
#1108 = ADVANCED_FACE('',(#1109),#1127,.T.);
#1109 = FACE_BOUND('',#1110,.T.);
#1110 = EDGE_LOOP('',(#1111,#1112,#1113,#1121));
#1111 = ORIENTED_EDGE('',*,*,#1066,.F.);
#1112 = ORIENTED_EDGE('',*,*,#167,.T.);
#1113 = ORIENTED_EDGE('',*,*,#1114,.T.);
#1114 = EDGE_CURVE('',#168,#1115,#1117,.T.);
#1115 = VERTEX_POINT('',#1116);
#1116 = CARTESIAN_POINT('',(2.4,37.4,16.2));
#1117 = LINE('',#1118,#1119);
#1118 = CARTESIAN_POINT('',(-1.2,37.4,16.2));
#1119 = VECTOR('',#1120,1.);
#1120 = DIRECTION('',(1.,0.,-0.));
#1121 = ORIENTED_EDGE('',*,*,#1122,.F.);
#1122 = EDGE_CURVE('',#1067,#1115,#1123,.T.);
#1123 = LINE('',#1124,#1125);
#1124 = CARTESIAN_POINT('',(2.4,37.4,5.6));
#1125 = VECTOR('',#1126,1.);
#1126 = DIRECTION('',(0.,0.,1.));
#1127 = PLANE('',#1128);
#1128 = AXIS2_PLACEMENT_3D('',#1129,#1130,#1131);
#1129 = CARTESIAN_POINT('',(-1.2,37.4,8.8));
#1130 = DIRECTION('',(-0.,1.,0.));
#1131 = DIRECTION('',(0.,0.,1.));
#1132 = ADVANCED_FACE('',(#1133),#1144,.F.);
#1133 = FACE_BOUND('',#1134,.F.);
#1134 = EDGE_LOOP('',(#1135,#1136,#1137,#1138));
#1135 = ORIENTED_EDGE('',*,*,#1090,.F.);
#1136 = ORIENTED_EDGE('',*,*,#175,.T.);
#1137 = ORIENTED_EDGE('',*,*,#1114,.T.);
#1138 = ORIENTED_EDGE('',*,*,#1139,.F.);
#1139 = EDGE_CURVE('',#1091,#1115,#1140,.T.);
#1140 = LINE('',#1141,#1142);
#1141 = CARTESIAN_POINT('',(2.4,19.9,16.2));
#1142 = VECTOR('',#1143,1.);
#1143 = DIRECTION('',(0.,-1.,0.));
#1144 = PLANE('',#1145);
#1145 = AXIS2_PLACEMENT_3D('',#1146,#1147,#1148);
#1146 = CARTESIAN_POINT('',(-1.2,37.4,16.2));
#1147 = DIRECTION('',(0.,0.,1.));
#1148 = DIRECTION('',(1.,0.,-0.));
#1149 = ADVANCED_FACE('',(#1150,#1156,#1190,#1224),#1258,.T.);
#1150 = FACE_BOUND('',#1151,.T.);
#1151 = EDGE_LOOP('',(#1152,#1153,#1154,#1155));
#1152 = ORIENTED_EDGE('',*,*,#214,.F.);
#1153 = ORIENTED_EDGE('',*,*,#424,.T.);
#1154 = ORIENTED_EDGE('',*,*,#449,.T.);
#1155 = ORIENTED_EDGE('',*,*,#366,.F.);
#1156 = FACE_BOUND('',#1157,.T.);
#1157 = EDGE_LOOP('',(#1158,#1168,#1176,#1184));
#1158 = ORIENTED_EDGE('',*,*,#1159,.T.);
#1159 = EDGE_CURVE('',#1160,#1162,#1164,.T.);
#1160 = VERTEX_POINT('',#1161);
#1161 = CARTESIAN_POINT('',(105.8,80.8,8.8));
#1162 = VERTEX_POINT('',#1163);
#1163 = CARTESIAN_POINT('',(105.8,70.5,8.8));
#1164 = LINE('',#1165,#1166);
#1165 = CARTESIAN_POINT('',(105.8,35.25,8.8));
#1166 = VECTOR('',#1167,1.);
#1167 = DIRECTION('',(0.,-1.,0.));
#1168 = ORIENTED_EDGE('',*,*,#1169,.T.);
#1169 = EDGE_CURVE('',#1162,#1170,#1172,.T.);
#1170 = VERTEX_POINT('',#1171);
#1171 = CARTESIAN_POINT('',(105.8,70.5,15.4));
#1172 = LINE('',#1173,#1174);
#1173 = CARTESIAN_POINT('',(105.8,70.5,4.4));
#1174 = VECTOR('',#1175,1.);
#1175 = DIRECTION('',(0.,0.,1.));
#1176 = ORIENTED_EDGE('',*,*,#1177,.F.);
#1177 = EDGE_CURVE('',#1178,#1170,#1180,.T.);
#1178 = VERTEX_POINT('',#1179);
#1179 = CARTESIAN_POINT('',(105.8,80.8,15.4));
#1180 = LINE('',#1181,#1182);
#1181 = CARTESIAN_POINT('',(105.8,35.25,15.4));
#1182 = VECTOR('',#1183,1.);
#1183 = DIRECTION('',(0.,-1.,0.));
#1184 = ORIENTED_EDGE('',*,*,#1185,.F.);
#1185 = EDGE_CURVE('',#1160,#1178,#1186,.T.);
#1186 = LINE('',#1187,#1188);
#1187 = CARTESIAN_POINT('',(105.8,80.8,4.4));
#1188 = VECTOR('',#1189,1.);
#1189 = DIRECTION('',(0.,0.,1.));
#1190 = FACE_BOUND('',#1191,.T.);
#1191 = EDGE_LOOP('',(#1192,#1202,#1210,#1218));
#1192 = ORIENTED_EDGE('',*,*,#1193,.T.);
#1193 = EDGE_CURVE('',#1194,#1196,#1198,.T.);
#1194 = VERTEX_POINT('',#1195);
#1195 = CARTESIAN_POINT('',(105.8,13.9,8.8));
#1196 = VERTEX_POINT('',#1197);
#1197 = CARTESIAN_POINT('',(105.8,3.9,8.8));
#1198 = LINE('',#1199,#1200);
#1199 = CARTESIAN_POINT('',(105.8,1.95,8.8));
#1200 = VECTOR('',#1201,1.);
#1201 = DIRECTION('',(0.,-1.,0.));
#1202 = ORIENTED_EDGE('',*,*,#1203,.T.);
#1203 = EDGE_CURVE('',#1196,#1204,#1206,.T.);
#1204 = VERTEX_POINT('',#1205);
#1205 = CARTESIAN_POINT('',(105.8,3.9,12.5));
#1206 = LINE('',#1207,#1208);
#1207 = CARTESIAN_POINT('',(105.8,3.9,4.4));
#1208 = VECTOR('',#1209,1.);
#1209 = DIRECTION('',(0.,0.,1.));
#1210 = ORIENTED_EDGE('',*,*,#1211,.F.);
#1211 = EDGE_CURVE('',#1212,#1204,#1214,.T.);
#1212 = VERTEX_POINT('',#1213);
#1213 = CARTESIAN_POINT('',(105.8,13.9,12.5));
#1214 = LINE('',#1215,#1216);
#1215 = CARTESIAN_POINT('',(105.8,1.95,12.5));
#1216 = VECTOR('',#1217,1.);
#1217 = DIRECTION('',(0.,-1.,0.));
#1218 = ORIENTED_EDGE('',*,*,#1219,.F.);
#1219 = EDGE_CURVE('',#1194,#1212,#1220,.T.);
#1220 = LINE('',#1221,#1222);
#1221 = CARTESIAN_POINT('',(105.8,13.9,4.4));
#1222 = VECTOR('',#1223,1.);
#1223 = DIRECTION('',(0.,0.,1.));
#1224 = FACE_BOUND('',#1225,.T.);
#1225 = EDGE_LOOP('',(#1226,#1236,#1244,#1252));
#1226 = ORIENTED_EDGE('',*,*,#1227,.T.);
#1227 = EDGE_CURVE('',#1228,#1230,#1232,.T.);
#1228 = VERTEX_POINT('',#1229);
#1229 = CARTESIAN_POINT('',(105.8,58.9,8.8));
#1230 = VERTEX_POINT('',#1231);
#1231 = CARTESIAN_POINT('',(105.8,14.9,8.8));
#1232 = LINE('',#1233,#1234);
#1233 = CARTESIAN_POINT('',(105.8,23.95,8.8));
#1234 = VECTOR('',#1235,1.);
#1235 = DIRECTION('',(0.,-1.,0.));
#1236 = ORIENTED_EDGE('',*,*,#1237,.T.);
#1237 = EDGE_CURVE('',#1230,#1238,#1240,.T.);
#1238 = VERTEX_POINT('',#1239);
#1239 = CARTESIAN_POINT('',(105.8,14.9,15.4));
#1240 = LINE('',#1241,#1242);
#1241 = CARTESIAN_POINT('',(105.8,14.9,4.4));
#1242 = VECTOR('',#1243,1.);
#1243 = DIRECTION('',(0.,0.,1.));
#1244 = ORIENTED_EDGE('',*,*,#1245,.F.);
#1245 = EDGE_CURVE('',#1246,#1238,#1248,.T.);
#1246 = VERTEX_POINT('',#1247);
#1247 = CARTESIAN_POINT('',(105.8,58.9,15.4));
#1248 = LINE('',#1249,#1250);
#1249 = CARTESIAN_POINT('',(105.8,7.45,15.4));
#1250 = VECTOR('',#1251,1.);
#1251 = DIRECTION('',(0.,-1.,0.));
#1252 = ORIENTED_EDGE('',*,*,#1253,.F.);
#1253 = EDGE_CURVE('',#1228,#1246,#1254,.T.);
#1254 = LINE('',#1255,#1256);
#1255 = CARTESIAN_POINT('',(105.8,58.9,4.4));
#1256 = VECTOR('',#1257,1.);
#1257 = DIRECTION('',(0.,0.,1.));
#1258 = PLANE('',#1259);
#1259 = AXIS2_PLACEMENT_3D('',#1260,#1261,#1262);
#1260 = CARTESIAN_POINT('',(105.8,0.,0.));
#1261 = DIRECTION('',(1.,0.,-0.));
#1262 = DIRECTION('',(0.,0.,1.));
#1263 = ADVANCED_FACE('',(#1264),#1289,.F.);
#1264 = FACE_BOUND('',#1265,.F.);
#1265 = EDGE_LOOP('',(#1266,#1274,#1275,#1283));
#1266 = ORIENTED_EDGE('',*,*,#1267,.F.);
#1267 = EDGE_CURVE('',#223,#1268,#1270,.T.);
#1268 = VERTEX_POINT('',#1269);
#1269 = CARTESIAN_POINT('',(43.45,2.4,16.2));
#1270 = LINE('',#1271,#1272);
#1271 = CARTESIAN_POINT('',(43.45,-1.2,16.2));
#1272 = VECTOR('',#1273,1.);
#1273 = DIRECTION('',(-0.,1.,0.));
#1274 = ORIENTED_EDGE('',*,*,#222,.T.);
#1275 = ORIENTED_EDGE('',*,*,#1276,.T.);
#1276 = EDGE_CURVE('',#225,#1277,#1279,.T.);
#1277 = VERTEX_POINT('',#1278);
#1278 = CARTESIAN_POINT('',(51.95,2.4,16.2));
#1279 = LINE('',#1280,#1281);
#1280 = CARTESIAN_POINT('',(51.95,-1.2,16.2));
#1281 = VECTOR('',#1282,1.);
#1282 = DIRECTION('',(-0.,1.,0.));
#1283 = ORIENTED_EDGE('',*,*,#1284,.F.);
#1284 = EDGE_CURVE('',#1268,#1277,#1285,.T.);
#1285 = LINE('',#1286,#1287);
#1286 = CARTESIAN_POINT('',(22.925,2.4,16.2));
#1287 = VECTOR('',#1288,1.);
#1288 = DIRECTION('',(1.,0.,-0.));
#1289 = PLANE('',#1290);
#1290 = AXIS2_PLACEMENT_3D('',#1291,#1292,#1293);
#1291 = CARTESIAN_POINT('',(43.45,-1.2,16.2));
#1292 = DIRECTION('',(0.,0.,1.));
#1293 = DIRECTION('',(1.,0.,-0.));
#1294 = ADVANCED_FACE('',(#1295),#1313,.T.);
#1295 = FACE_BOUND('',#1296,.T.);
#1296 = EDGE_LOOP('',(#1297,#1298,#1299,#1307));
#1297 = ORIENTED_EDGE('',*,*,#1267,.F.);
#1298 = ORIENTED_EDGE('',*,*,#232,.T.);
#1299 = ORIENTED_EDGE('',*,*,#1300,.T.);
#1300 = EDGE_CURVE('',#233,#1301,#1303,.T.);
#1301 = VERTEX_POINT('',#1302);
#1302 = CARTESIAN_POINT('',(43.45,2.4,8.8));
#1303 = LINE('',#1304,#1305);
#1304 = CARTESIAN_POINT('',(43.45,-1.2,8.8));
#1305 = VECTOR('',#1306,1.);
#1306 = DIRECTION('',(-0.,1.,0.));
#1307 = ORIENTED_EDGE('',*,*,#1308,.F.);
#1308 = EDGE_CURVE('',#1268,#1301,#1309,.T.);
#1309 = LINE('',#1310,#1311);
#1310 = CARTESIAN_POINT('',(43.45,2.4,5.6));
#1311 = VECTOR('',#1312,1.);
#1312 = DIRECTION('',(-0.,0.,-1.));
#1313 = PLANE('',#1314);
#1314 = AXIS2_PLACEMENT_3D('',#1315,#1316,#1317);
#1315 = CARTESIAN_POINT('',(43.45,-1.2,8.8));
#1316 = DIRECTION('',(1.,0.,-0.));
#1317 = DIRECTION('',(0.,0.,1.));
#1318 = ADVANCED_FACE('',(#1319),#1337,.F.);
#1319 = FACE_BOUND('',#1320,.F.);
#1320 = EDGE_LOOP('',(#1321,#1322,#1323,#1331));
#1321 = ORIENTED_EDGE('',*,*,#1276,.F.);
#1322 = ORIENTED_EDGE('',*,*,#248,.T.);
#1323 = ORIENTED_EDGE('',*,*,#1324,.T.);
#1324 = EDGE_CURVE('',#241,#1325,#1327,.T.);
#1325 = VERTEX_POINT('',#1326);
#1326 = CARTESIAN_POINT('',(51.95,2.4,8.8));
#1327 = LINE('',#1328,#1329);
#1328 = CARTESIAN_POINT('',(51.95,-1.2,8.8));
#1329 = VECTOR('',#1330,1.);
#1330 = DIRECTION('',(-0.,1.,0.));
#1331 = ORIENTED_EDGE('',*,*,#1332,.F.);
#1332 = EDGE_CURVE('',#1277,#1325,#1333,.T.);
#1333 = LINE('',#1334,#1335);
#1334 = CARTESIAN_POINT('',(51.95,2.4,5.6));
#1335 = VECTOR('',#1336,1.);
#1336 = DIRECTION('',(-0.,0.,-1.));
#1337 = PLANE('',#1338);
#1338 = AXIS2_PLACEMENT_3D('',#1339,#1340,#1341);
#1339 = CARTESIAN_POINT('',(51.95,-1.2,8.8));
#1340 = DIRECTION('',(1.,0.,-0.));
#1341 = DIRECTION('',(0.,0.,1.));
#1342 = ADVANCED_FACE('',(#1343),#1354,.T.);
#1343 = FACE_BOUND('',#1344,.T.);
#1344 = EDGE_LOOP('',(#1345,#1346,#1347,#1348));
#1345 = ORIENTED_EDGE('',*,*,#1300,.F.);
#1346 = ORIENTED_EDGE('',*,*,#240,.T.);
#1347 = ORIENTED_EDGE('',*,*,#1324,.T.);
#1348 = ORIENTED_EDGE('',*,*,#1349,.F.);
#1349 = EDGE_CURVE('',#1301,#1325,#1350,.T.);
#1350 = LINE('',#1351,#1352);
#1351 = CARTESIAN_POINT('',(22.925,2.4,8.8));
#1352 = VECTOR('',#1353,1.);
#1353 = DIRECTION('',(1.,0.,-0.));
#1354 = PLANE('',#1355);
#1355 = AXIS2_PLACEMENT_3D('',#1356,#1357,#1358);
#1356 = CARTESIAN_POINT('',(43.45,-1.2,8.8));
#1357 = DIRECTION('',(0.,0.,1.));
#1358 = DIRECTION('',(1.,0.,-0.));
#1359 = ADVANCED_FACE('',(#1360),#1385,.F.);
#1360 = FACE_BOUND('',#1361,.F.);
#1361 = EDGE_LOOP('',(#1362,#1370,#1371,#1379));
#1362 = ORIENTED_EDGE('',*,*,#1363,.F.);
#1363 = EDGE_CURVE('',#257,#1364,#1366,.T.);
#1364 = VERTEX_POINT('',#1365);
#1365 = CARTESIAN_POINT('',(56.75,2.4,16.2));
#1366 = LINE('',#1367,#1368);
#1367 = CARTESIAN_POINT('',(56.75,-1.2,16.2));
#1368 = VECTOR('',#1369,1.);
#1369 = DIRECTION('',(-0.,1.,0.));
#1370 = ORIENTED_EDGE('',*,*,#256,.T.);
#1371 = ORIENTED_EDGE('',*,*,#1372,.T.);
#1372 = EDGE_CURVE('',#259,#1373,#1375,.T.);
#1373 = VERTEX_POINT('',#1374);
#1374 = CARTESIAN_POINT('',(65.25,2.4,16.2));
#1375 = LINE('',#1376,#1377);
#1376 = CARTESIAN_POINT('',(65.25,-1.2,16.2));
#1377 = VECTOR('',#1378,1.);
#1378 = DIRECTION('',(-0.,1.,0.));
#1379 = ORIENTED_EDGE('',*,*,#1380,.F.);
#1380 = EDGE_CURVE('',#1364,#1373,#1381,.T.);
#1381 = LINE('',#1382,#1383);
#1382 = CARTESIAN_POINT('',(29.575,2.4,16.2));
#1383 = VECTOR('',#1384,1.);
#1384 = DIRECTION('',(1.,0.,-0.));
#1385 = PLANE('',#1386);
#1386 = AXIS2_PLACEMENT_3D('',#1387,#1388,#1389);
#1387 = CARTESIAN_POINT('',(56.75,-1.2,16.2));
#1388 = DIRECTION('',(0.,0.,1.));
#1389 = DIRECTION('',(1.,0.,-0.));
#1390 = ADVANCED_FACE('',(#1391),#1409,.T.);
#1391 = FACE_BOUND('',#1392,.T.);
#1392 = EDGE_LOOP('',(#1393,#1394,#1395,#1403));
#1393 = ORIENTED_EDGE('',*,*,#1363,.F.);
#1394 = ORIENTED_EDGE('',*,*,#266,.T.);
#1395 = ORIENTED_EDGE('',*,*,#1396,.T.);
#1396 = EDGE_CURVE('',#267,#1397,#1399,.T.);
#1397 = VERTEX_POINT('',#1398);
#1398 = CARTESIAN_POINT('',(56.75,2.4,8.8));
#1399 = LINE('',#1400,#1401);
#1400 = CARTESIAN_POINT('',(56.75,-1.2,8.8));
#1401 = VECTOR('',#1402,1.);
#1402 = DIRECTION('',(-0.,1.,0.));
#1403 = ORIENTED_EDGE('',*,*,#1404,.F.);
#1404 = EDGE_CURVE('',#1364,#1397,#1405,.T.);
#1405 = LINE('',#1406,#1407);
#1406 = CARTESIAN_POINT('',(56.75,2.4,5.6));
#1407 = VECTOR('',#1408,1.);
#1408 = DIRECTION('',(-0.,0.,-1.));
#1409 = PLANE('',#1410);
#1410 = AXIS2_PLACEMENT_3D('',#1411,#1412,#1413);
#1411 = CARTESIAN_POINT('',(56.75,-1.2,8.8));
#1412 = DIRECTION('',(1.,0.,-0.));
#1413 = DIRECTION('',(0.,0.,1.));
#1414 = ADVANCED_FACE('',(#1415),#1433,.F.);
#1415 = FACE_BOUND('',#1416,.F.);
#1416 = EDGE_LOOP('',(#1417,#1418,#1419,#1427));
#1417 = ORIENTED_EDGE('',*,*,#1372,.F.);
#1418 = ORIENTED_EDGE('',*,*,#282,.T.);
#1419 = ORIENTED_EDGE('',*,*,#1420,.T.);
#1420 = EDGE_CURVE('',#275,#1421,#1423,.T.);
#1421 = VERTEX_POINT('',#1422);
#1422 = CARTESIAN_POINT('',(65.25,2.4,8.8));
#1423 = LINE('',#1424,#1425);
#1424 = CARTESIAN_POINT('',(65.25,-1.2,8.8));
#1425 = VECTOR('',#1426,1.);
#1426 = DIRECTION('',(-0.,1.,0.));
#1427 = ORIENTED_EDGE('',*,*,#1428,.F.);
#1428 = EDGE_CURVE('',#1373,#1421,#1429,.T.);
#1429 = LINE('',#1430,#1431);
#1430 = CARTESIAN_POINT('',(65.25,2.4,5.6));
#1431 = VECTOR('',#1432,1.);
#1432 = DIRECTION('',(-0.,0.,-1.));
#1433 = PLANE('',#1434);
#1434 = AXIS2_PLACEMENT_3D('',#1435,#1436,#1437);
#1435 = CARTESIAN_POINT('',(65.25,-1.2,8.8));
#1436 = DIRECTION('',(1.,0.,-0.));
#1437 = DIRECTION('',(0.,0.,1.));
#1438 = ADVANCED_FACE('',(#1439),#1450,.T.);
#1439 = FACE_BOUND('',#1440,.T.);
#1440 = EDGE_LOOP('',(#1441,#1442,#1443,#1444));
#1441 = ORIENTED_EDGE('',*,*,#1396,.F.);
#1442 = ORIENTED_EDGE('',*,*,#274,.T.);
#1443 = ORIENTED_EDGE('',*,*,#1420,.T.);
#1444 = ORIENTED_EDGE('',*,*,#1445,.F.);
#1445 = EDGE_CURVE('',#1397,#1421,#1446,.T.);
#1446 = LINE('',#1447,#1448);
#1447 = CARTESIAN_POINT('',(29.575,2.4,8.8));
#1448 = VECTOR('',#1449,1.);
#1449 = DIRECTION('',(1.,0.,-0.));
#1450 = PLANE('',#1451);
#1451 = AXIS2_PLACEMENT_3D('',#1452,#1453,#1454);
#1452 = CARTESIAN_POINT('',(56.75,-1.2,8.8));
#1453 = DIRECTION('',(0.,0.,1.));
#1454 = DIRECTION('',(1.,0.,-0.));
#1455 = ADVANCED_FACE('',(#1456),#1481,.F.);
#1456 = FACE_BOUND('',#1457,.F.);
#1457 = EDGE_LOOP('',(#1458,#1466,#1467,#1475));
#1458 = ORIENTED_EDGE('',*,*,#1459,.F.);
#1459 = EDGE_CURVE('',#291,#1460,#1462,.T.);
#1460 = VERTEX_POINT('',#1461);
#1461 = CARTESIAN_POINT('',(70.05,2.4,16.2));
#1462 = LINE('',#1463,#1464);
#1463 = CARTESIAN_POINT('',(70.05,-1.2,16.2));
#1464 = VECTOR('',#1465,1.);
#1465 = DIRECTION('',(-0.,1.,0.));
#1466 = ORIENTED_EDGE('',*,*,#290,.T.);
#1467 = ORIENTED_EDGE('',*,*,#1468,.T.);
#1468 = EDGE_CURVE('',#293,#1469,#1471,.T.);
#1469 = VERTEX_POINT('',#1470);
#1470 = CARTESIAN_POINT('',(78.55,2.4,16.2));
#1471 = LINE('',#1472,#1473);
#1472 = CARTESIAN_POINT('',(78.55,-1.2,16.2));
#1473 = VECTOR('',#1474,1.);
#1474 = DIRECTION('',(-0.,1.,0.));
#1475 = ORIENTED_EDGE('',*,*,#1476,.F.);
#1476 = EDGE_CURVE('',#1460,#1469,#1477,.T.);
#1477 = LINE('',#1478,#1479);
#1478 = CARTESIAN_POINT('',(36.225,2.4,16.2));
#1479 = VECTOR('',#1480,1.);
#1480 = DIRECTION('',(1.,0.,-0.));
#1481 = PLANE('',#1482);
#1482 = AXIS2_PLACEMENT_3D('',#1483,#1484,#1485);
#1483 = CARTESIAN_POINT('',(70.05,-1.2,16.2));
#1484 = DIRECTION('',(0.,0.,1.));
#1485 = DIRECTION('',(1.,0.,-0.));
#1486 = ADVANCED_FACE('',(#1487),#1505,.T.);
#1487 = FACE_BOUND('',#1488,.T.);
#1488 = EDGE_LOOP('',(#1489,#1490,#1491,#1499));
#1489 = ORIENTED_EDGE('',*,*,#1459,.F.);
#1490 = ORIENTED_EDGE('',*,*,#300,.T.);
#1491 = ORIENTED_EDGE('',*,*,#1492,.T.);
#1492 = EDGE_CURVE('',#301,#1493,#1495,.T.);
#1493 = VERTEX_POINT('',#1494);
#1494 = CARTESIAN_POINT('',(70.05,2.4,8.8));
#1495 = LINE('',#1496,#1497);
#1496 = CARTESIAN_POINT('',(70.05,-1.2,8.8));
#1497 = VECTOR('',#1498,1.);
#1498 = DIRECTION('',(-0.,1.,0.));
#1499 = ORIENTED_EDGE('',*,*,#1500,.F.);
#1500 = EDGE_CURVE('',#1460,#1493,#1501,.T.);
#1501 = LINE('',#1502,#1503);
#1502 = CARTESIAN_POINT('',(70.05,2.4,5.6));
#1503 = VECTOR('',#1504,1.);
#1504 = DIRECTION('',(-0.,0.,-1.));
#1505 = PLANE('',#1506);
#1506 = AXIS2_PLACEMENT_3D('',#1507,#1508,#1509);
#1507 = CARTESIAN_POINT('',(70.05,-1.2,8.8));
#1508 = DIRECTION('',(1.,0.,-0.));
#1509 = DIRECTION('',(0.,0.,1.));
#1510 = ADVANCED_FACE('',(#1511),#1529,.F.);
#1511 = FACE_BOUND('',#1512,.F.);
#1512 = EDGE_LOOP('',(#1513,#1514,#1515,#1523));
#1513 = ORIENTED_EDGE('',*,*,#1468,.F.);
#1514 = ORIENTED_EDGE('',*,*,#316,.T.);
#1515 = ORIENTED_EDGE('',*,*,#1516,.T.);
#1516 = EDGE_CURVE('',#309,#1517,#1519,.T.);
#1517 = VERTEX_POINT('',#1518);
#1518 = CARTESIAN_POINT('',(78.55,2.4,8.8));
#1519 = LINE('',#1520,#1521);
#1520 = CARTESIAN_POINT('',(78.55,-1.2,8.8));
#1521 = VECTOR('',#1522,1.);
#1522 = DIRECTION('',(-0.,1.,0.));
#1523 = ORIENTED_EDGE('',*,*,#1524,.F.);
#1524 = EDGE_CURVE('',#1469,#1517,#1525,.T.);
#1525 = LINE('',#1526,#1527);
#1526 = CARTESIAN_POINT('',(78.55,2.4,5.6));
#1527 = VECTOR('',#1528,1.);
#1528 = DIRECTION('',(-0.,0.,-1.));
#1529 = PLANE('',#1530);
#1530 = AXIS2_PLACEMENT_3D('',#1531,#1532,#1533);
#1531 = CARTESIAN_POINT('',(78.55,-1.2,8.8));
#1532 = DIRECTION('',(1.,0.,-0.));
#1533 = DIRECTION('',(0.,0.,1.));
#1534 = ADVANCED_FACE('',(#1535),#1546,.T.);
#1535 = FACE_BOUND('',#1536,.T.);
#1536 = EDGE_LOOP('',(#1537,#1538,#1539,#1540));
#1537 = ORIENTED_EDGE('',*,*,#1492,.F.);
#1538 = ORIENTED_EDGE('',*,*,#308,.T.);
#1539 = ORIENTED_EDGE('',*,*,#1516,.T.);
#1540 = ORIENTED_EDGE('',*,*,#1541,.F.);
#1541 = EDGE_CURVE('',#1493,#1517,#1542,.T.);
#1542 = LINE('',#1543,#1544);
#1543 = CARTESIAN_POINT('',(36.225,2.4,8.8));
#1544 = VECTOR('',#1545,1.);
#1545 = DIRECTION('',(1.,0.,-0.));
#1546 = PLANE('',#1547);
#1547 = AXIS2_PLACEMENT_3D('',#1548,#1549,#1550);
#1548 = CARTESIAN_POINT('',(70.05,-1.2,8.8));
#1549 = DIRECTION('',(0.,0.,1.));
#1550 = DIRECTION('',(1.,0.,-0.));
#1551 = ADVANCED_FACE('',(#1552),#1577,.F.);
#1552 = FACE_BOUND('',#1553,.F.);
#1553 = EDGE_LOOP('',(#1554,#1562,#1563,#1571));
#1554 = ORIENTED_EDGE('',*,*,#1555,.F.);
#1555 = EDGE_CURVE('',#325,#1556,#1558,.T.);
#1556 = VERTEX_POINT('',#1557);
#1557 = CARTESIAN_POINT('',(83.35,2.4,16.2));
#1558 = LINE('',#1559,#1560);
#1559 = CARTESIAN_POINT('',(83.35,-1.2,16.2));
#1560 = VECTOR('',#1561,1.);
#1561 = DIRECTION('',(-0.,1.,0.));
#1562 = ORIENTED_EDGE('',*,*,#324,.T.);
#1563 = ORIENTED_EDGE('',*,*,#1564,.T.);
#1564 = EDGE_CURVE('',#327,#1565,#1567,.T.);
#1565 = VERTEX_POINT('',#1566);
#1566 = CARTESIAN_POINT('',(91.85,2.4,16.2));
#1567 = LINE('',#1568,#1569);
#1568 = CARTESIAN_POINT('',(91.85,-1.2,16.2));
#1569 = VECTOR('',#1570,1.);
#1570 = DIRECTION('',(-0.,1.,0.));
#1571 = ORIENTED_EDGE('',*,*,#1572,.F.);
#1572 = EDGE_CURVE('',#1556,#1565,#1573,.T.);
#1573 = LINE('',#1574,#1575);
#1574 = CARTESIAN_POINT('',(42.875,2.4,16.2));
#1575 = VECTOR('',#1576,1.);
#1576 = DIRECTION('',(1.,0.,-0.));
#1577 = PLANE('',#1578);
#1578 = AXIS2_PLACEMENT_3D('',#1579,#1580,#1581);
#1579 = CARTESIAN_POINT('',(83.35,-1.2,16.2));
#1580 = DIRECTION('',(0.,0.,1.));
#1581 = DIRECTION('',(1.,0.,-0.));
#1582 = ADVANCED_FACE('',(#1583),#1601,.F.);
#1583 = FACE_BOUND('',#1584,.F.);
#1584 = EDGE_LOOP('',(#1585,#1586,#1587,#1595));
#1585 = ORIENTED_EDGE('',*,*,#1564,.F.);
#1586 = ORIENTED_EDGE('',*,*,#350,.T.);
#1587 = ORIENTED_EDGE('',*,*,#1588,.T.);
#1588 = EDGE_CURVE('',#343,#1589,#1591,.T.);
#1589 = VERTEX_POINT('',#1590);
#1590 = CARTESIAN_POINT('',(91.85,2.4,8.8));
#1591 = LINE('',#1592,#1593);
#1592 = CARTESIAN_POINT('',(91.85,-1.2,8.8));
#1593 = VECTOR('',#1594,1.);
#1594 = DIRECTION('',(-0.,1.,0.));
#1595 = ORIENTED_EDGE('',*,*,#1596,.F.);
#1596 = EDGE_CURVE('',#1565,#1589,#1597,.T.);
#1597 = LINE('',#1598,#1599);
#1598 = CARTESIAN_POINT('',(91.85,2.4,5.6));
#1599 = VECTOR('',#1600,1.);
#1600 = DIRECTION('',(-0.,0.,-1.));
#1601 = PLANE('',#1602);
#1602 = AXIS2_PLACEMENT_3D('',#1603,#1604,#1605);
#1603 = CARTESIAN_POINT('',(91.85,-1.2,8.8));
#1604 = DIRECTION('',(1.,0.,-0.));
#1605 = DIRECTION('',(0.,0.,1.));
#1606 = ADVANCED_FACE('',(#1607),#1625,.T.);
#1607 = FACE_BOUND('',#1608,.T.);
#1608 = EDGE_LOOP('',(#1609,#1617,#1618,#1619));
#1609 = ORIENTED_EDGE('',*,*,#1610,.F.);
#1610 = EDGE_CURVE('',#335,#1611,#1613,.T.);
#1611 = VERTEX_POINT('',#1612);
#1612 = CARTESIAN_POINT('',(83.35,2.4,8.8));
#1613 = LINE('',#1614,#1615);
#1614 = CARTESIAN_POINT('',(83.35,-1.2,8.8));
#1615 = VECTOR('',#1616,1.);
#1616 = DIRECTION('',(-0.,1.,0.));
#1617 = ORIENTED_EDGE('',*,*,#342,.T.);
#1618 = ORIENTED_EDGE('',*,*,#1588,.T.);
#1619 = ORIENTED_EDGE('',*,*,#1620,.F.);
#1620 = EDGE_CURVE('',#1611,#1589,#1621,.T.);
#1621 = LINE('',#1622,#1623);
#1622 = CARTESIAN_POINT('',(42.875,2.4,8.8));
#1623 = VECTOR('',#1624,1.);
#1624 = DIRECTION('',(1.,0.,-0.));
#1625 = PLANE('',#1626);
#1626 = AXIS2_PLACEMENT_3D('',#1627,#1628,#1629);
#1627 = CARTESIAN_POINT('',(83.35,-1.2,8.8));
#1628 = DIRECTION('',(0.,0.,1.));
#1629 = DIRECTION('',(1.,0.,-0.));
#1630 = ADVANCED_FACE('',(#1631),#1642,.T.);
#1631 = FACE_BOUND('',#1632,.T.);
#1632 = EDGE_LOOP('',(#1633,#1634,#1635,#1636));
#1633 = ORIENTED_EDGE('',*,*,#1555,.F.);
#1634 = ORIENTED_EDGE('',*,*,#334,.T.);
#1635 = ORIENTED_EDGE('',*,*,#1610,.T.);
#1636 = ORIENTED_EDGE('',*,*,#1637,.F.);
#1637 = EDGE_CURVE('',#1556,#1611,#1638,.T.);
#1638 = LINE('',#1639,#1640);
#1639 = CARTESIAN_POINT('',(83.35,2.4,5.6));
#1640 = VECTOR('',#1641,1.);
#1641 = DIRECTION('',(-0.,0.,-1.));
#1642 = PLANE('',#1643);
#1643 = AXIS2_PLACEMENT_3D('',#1644,#1645,#1646);
#1644 = CARTESIAN_POINT('',(83.35,-1.2,8.8));
#1645 = DIRECTION('',(1.,0.,-0.));
#1646 = DIRECTION('',(0.,0.,1.));
#1647 = ADVANCED_FACE('',(#1648,#1673,#1679,#1685,#1691),#1697,.T.);
#1648 = FACE_BOUND('',#1649,.T.);
#1649 = EDGE_LOOP('',(#1650,#1658,#1666,#1672));
#1650 = ORIENTED_EDGE('',*,*,#1651,.F.);
#1651 = EDGE_CURVE('',#1652,#383,#1654,.T.);
#1652 = VERTEX_POINT('',#1653);
#1653 = CARTESIAN_POINT('',(103.4,2.4,2.4));
#1654 = LINE('',#1655,#1656);
#1655 = CARTESIAN_POINT('',(103.4,2.4,2.4));
#1656 = VECTOR('',#1657,1.);
#1657 = DIRECTION('',(0.,0.,1.));
#1658 = ORIENTED_EDGE('',*,*,#1659,.F.);
#1659 = EDGE_CURVE('',#1660,#1652,#1662,.T.);
#1660 = VERTEX_POINT('',#1661);
#1661 = CARTESIAN_POINT('',(2.4,2.4,2.4));
#1662 = LINE('',#1663,#1664);
#1663 = CARTESIAN_POINT('',(2.4,2.4,2.4));
#1664 = VECTOR('',#1665,1.);
#1665 = DIRECTION('',(1.,0.,-0.));
#1666 = ORIENTED_EDGE('',*,*,#1667,.T.);
#1667 = EDGE_CURVE('',#1660,#385,#1668,.T.);
#1668 = LINE('',#1669,#1670);
#1669 = CARTESIAN_POINT('',(2.4,2.4,2.4));
#1670 = VECTOR('',#1671,1.);
#1671 = DIRECTION('',(0.,0.,1.));
#1672 = ORIENTED_EDGE('',*,*,#382,.F.);
#1673 = FACE_BOUND('',#1674,.T.);
#1674 = EDGE_LOOP('',(#1675,#1676,#1677,#1678));
#1675 = ORIENTED_EDGE('',*,*,#1284,.F.);
#1676 = ORIENTED_EDGE('',*,*,#1308,.T.);
#1677 = ORIENTED_EDGE('',*,*,#1349,.T.);
#1678 = ORIENTED_EDGE('',*,*,#1332,.F.);
#1679 = FACE_BOUND('',#1680,.T.);
#1680 = EDGE_LOOP('',(#1681,#1682,#1683,#1684));
#1681 = ORIENTED_EDGE('',*,*,#1380,.F.);
#1682 = ORIENTED_EDGE('',*,*,#1404,.T.);
#1683 = ORIENTED_EDGE('',*,*,#1445,.T.);
#1684 = ORIENTED_EDGE('',*,*,#1428,.F.);
#1685 = FACE_BOUND('',#1686,.T.);
#1686 = EDGE_LOOP('',(#1687,#1688,#1689,#1690));
#1687 = ORIENTED_EDGE('',*,*,#1476,.F.);
#1688 = ORIENTED_EDGE('',*,*,#1500,.T.);
#1689 = ORIENTED_EDGE('',*,*,#1541,.T.);
#1690 = ORIENTED_EDGE('',*,*,#1524,.F.);
#1691 = FACE_BOUND('',#1692,.T.);
#1692 = EDGE_LOOP('',(#1693,#1694,#1695,#1696));
#1693 = ORIENTED_EDGE('',*,*,#1572,.F.);
#1694 = ORIENTED_EDGE('',*,*,#1637,.T.);
#1695 = ORIENTED_EDGE('',*,*,#1620,.T.);
#1696 = ORIENTED_EDGE('',*,*,#1596,.F.);
#1697 = PLANE('',#1698);
#1698 = AXIS2_PLACEMENT_3D('',#1699,#1700,#1701);
#1699 = CARTESIAN_POINT('',(2.4,2.4,2.4));
#1700 = DIRECTION('',(-0.,1.,0.));
#1701 = DIRECTION('',(0.,0.,1.));
#1702 = ADVANCED_FACE('',(#1703,#1721,#1755,#1789),#1823,.F.);
#1703 = FACE_BOUND('',#1704,.F.);
#1704 = EDGE_LOOP('',(#1705,#1706,#1714,#1720));
#1705 = ORIENTED_EDGE('',*,*,#1651,.F.);
#1706 = ORIENTED_EDGE('',*,*,#1707,.T.);
#1707 = EDGE_CURVE('',#1652,#1708,#1710,.T.);
#1708 = VERTEX_POINT('',#1709);
#1709 = CARTESIAN_POINT('',(103.4,83.4,2.4));
#1710 = LINE('',#1711,#1712);
#1711 = CARTESIAN_POINT('',(103.4,2.4,2.4));
#1712 = VECTOR('',#1713,1.);
#1713 = DIRECTION('',(-0.,1.,0.));
#1714 = ORIENTED_EDGE('',*,*,#1715,.T.);
#1715 = EDGE_CURVE('',#1708,#401,#1716,.T.);
#1716 = LINE('',#1717,#1718);
#1717 = CARTESIAN_POINT('',(103.4,83.4,2.4));
#1718 = VECTOR('',#1719,1.);
#1719 = DIRECTION('',(0.,0.,1.));
#1720 = ORIENTED_EDGE('',*,*,#408,.F.);
#1721 = FACE_BOUND('',#1722,.F.);
#1722 = EDGE_LOOP('',(#1723,#1733,#1741,#1749));
#1723 = ORIENTED_EDGE('',*,*,#1724,.T.);
#1724 = EDGE_CURVE('',#1725,#1727,#1729,.T.);
#1725 = VERTEX_POINT('',#1726);
#1726 = CARTESIAN_POINT('',(103.4,80.8,8.8));
#1727 = VERTEX_POINT('',#1728);
#1728 = CARTESIAN_POINT('',(103.4,70.5,8.8));
#1729 = LINE('',#1730,#1731);
#1730 = CARTESIAN_POINT('',(103.4,36.45,8.8));
#1731 = VECTOR('',#1732,1.);
#1732 = DIRECTION('',(0.,-1.,0.));
#1733 = ORIENTED_EDGE('',*,*,#1734,.T.);
#1734 = EDGE_CURVE('',#1727,#1735,#1737,.T.);
#1735 = VERTEX_POINT('',#1736);
#1736 = CARTESIAN_POINT('',(103.4,70.5,15.4));
#1737 = LINE('',#1738,#1739);
#1738 = CARTESIAN_POINT('',(103.4,70.5,5.6));
#1739 = VECTOR('',#1740,1.);
#1740 = DIRECTION('',(0.,0.,1.));
#1741 = ORIENTED_EDGE('',*,*,#1742,.F.);
#1742 = EDGE_CURVE('',#1743,#1735,#1745,.T.);
#1743 = VERTEX_POINT('',#1744);
#1744 = CARTESIAN_POINT('',(103.4,80.8,15.4));
#1745 = LINE('',#1746,#1747);
#1746 = CARTESIAN_POINT('',(103.4,36.45,15.4));
#1747 = VECTOR('',#1748,1.);
#1748 = DIRECTION('',(0.,-1.,0.));
#1749 = ORIENTED_EDGE('',*,*,#1750,.F.);
#1750 = EDGE_CURVE('',#1725,#1743,#1751,.T.);
#1751 = LINE('',#1752,#1753);
#1752 = CARTESIAN_POINT('',(103.4,80.8,5.6));
#1753 = VECTOR('',#1754,1.);
#1754 = DIRECTION('',(0.,0.,1.));
#1755 = FACE_BOUND('',#1756,.F.);
#1756 = EDGE_LOOP('',(#1757,#1767,#1775,#1783));
#1757 = ORIENTED_EDGE('',*,*,#1758,.T.);
#1758 = EDGE_CURVE('',#1759,#1761,#1763,.T.);
#1759 = VERTEX_POINT('',#1760);
#1760 = CARTESIAN_POINT('',(103.4,13.9,8.8));
#1761 = VERTEX_POINT('',#1762);
#1762 = CARTESIAN_POINT('',(103.4,3.9,8.8));
#1763 = LINE('',#1764,#1765);
#1764 = CARTESIAN_POINT('',(103.4,3.15,8.8));
#1765 = VECTOR('',#1766,1.);
#1766 = DIRECTION('',(0.,-1.,0.));
#1767 = ORIENTED_EDGE('',*,*,#1768,.T.);
#1768 = EDGE_CURVE('',#1761,#1769,#1771,.T.);
#1769 = VERTEX_POINT('',#1770);
#1770 = CARTESIAN_POINT('',(103.4,3.9,12.5));
#1771 = LINE('',#1772,#1773);
#1772 = CARTESIAN_POINT('',(103.4,3.9,5.6));
#1773 = VECTOR('',#1774,1.);
#1774 = DIRECTION('',(0.,0.,1.));
#1775 = ORIENTED_EDGE('',*,*,#1776,.F.);
#1776 = EDGE_CURVE('',#1777,#1769,#1779,.T.);
#1777 = VERTEX_POINT('',#1778);
#1778 = CARTESIAN_POINT('',(103.4,13.9,12.5));
#1779 = LINE('',#1780,#1781);
#1780 = CARTESIAN_POINT('',(103.4,3.15,12.5));
#1781 = VECTOR('',#1782,1.);
#1782 = DIRECTION('',(0.,-1.,0.));
#1783 = ORIENTED_EDGE('',*,*,#1784,.F.);
#1784 = EDGE_CURVE('',#1759,#1777,#1785,.T.);
#1785 = LINE('',#1786,#1787);
#1786 = CARTESIAN_POINT('',(103.4,13.9,5.6));
#1787 = VECTOR('',#1788,1.);
#1788 = DIRECTION('',(0.,0.,1.));
#1789 = FACE_BOUND('',#1790,.F.);
#1790 = EDGE_LOOP('',(#1791,#1801,#1809,#1817));
#1791 = ORIENTED_EDGE('',*,*,#1792,.F.);
#1792 = EDGE_CURVE('',#1793,#1795,#1797,.T.);
#1793 = VERTEX_POINT('',#1794);
#1794 = CARTESIAN_POINT('',(103.4,58.9,8.8));
#1795 = VERTEX_POINT('',#1796);
#1796 = CARTESIAN_POINT('',(103.4,58.9,15.4));
#1797 = LINE('',#1798,#1799);
#1798 = CARTESIAN_POINT('',(103.4,58.9,5.6));
#1799 = VECTOR('',#1800,1.);
#1800 = DIRECTION('',(0.,0.,1.));
#1801 = ORIENTED_EDGE('',*,*,#1802,.T.);
#1802 = EDGE_CURVE('',#1793,#1803,#1805,.T.);
#1803 = VERTEX_POINT('',#1804);
#1804 = CARTESIAN_POINT('',(103.4,14.9,8.8));
#1805 = LINE('',#1806,#1807);
#1806 = CARTESIAN_POINT('',(103.4,8.65,8.8));
#1807 = VECTOR('',#1808,1.);
#1808 = DIRECTION('',(0.,-1.,0.));
#1809 = ORIENTED_EDGE('',*,*,#1810,.T.);
#1810 = EDGE_CURVE('',#1803,#1811,#1813,.T.);
#1811 = VERTEX_POINT('',#1812);
#1812 = CARTESIAN_POINT('',(103.4,14.9,15.4));
#1813 = LINE('',#1814,#1815);
#1814 = CARTESIAN_POINT('',(103.4,14.9,5.6));
#1815 = VECTOR('',#1816,1.);
#1816 = DIRECTION('',(0.,0.,1.));
#1817 = ORIENTED_EDGE('',*,*,#1818,.F.);
#1818 = EDGE_CURVE('',#1795,#1811,#1819,.T.);
#1819 = LINE('',#1820,#1821);
#1820 = CARTESIAN_POINT('',(103.4,25.15,15.4));
#1821 = VECTOR('',#1822,1.);
#1822 = DIRECTION('',(0.,-1.,0.));
#1823 = PLANE('',#1824);
#1824 = AXIS2_PLACEMENT_3D('',#1825,#1826,#1827);
#1825 = CARTESIAN_POINT('',(103.4,2.4,2.4));
#1826 = DIRECTION('',(1.,0.,-0.));
#1827 = DIRECTION('',(0.,0.,1.));
#1828 = ADVANCED_FACE('',(#1829,#1847,#1881,#1915,#1949,#1983,#2017,
    #2051,#2085,#2119),#2153,.F.);
#1829 = FACE_BOUND('',#1830,.F.);
#1830 = EDGE_LOOP('',(#1831,#1832,#1840,#1846));
#1831 = ORIENTED_EDGE('',*,*,#1715,.F.);
#1832 = ORIENTED_EDGE('',*,*,#1833,.F.);
#1833 = EDGE_CURVE('',#1834,#1708,#1836,.T.);
#1834 = VERTEX_POINT('',#1835);
#1835 = CARTESIAN_POINT('',(2.4,83.4,2.4));
#1836 = LINE('',#1837,#1838);
#1837 = CARTESIAN_POINT('',(2.4,83.4,2.4));
#1838 = VECTOR('',#1839,1.);
#1839 = DIRECTION('',(1.,0.,-0.));
#1840 = ORIENTED_EDGE('',*,*,#1841,.T.);
#1841 = EDGE_CURVE('',#1834,#393,#1842,.T.);
#1842 = LINE('',#1843,#1844);
#1843 = CARTESIAN_POINT('',(2.4,83.4,2.4));
#1844 = VECTOR('',#1845,1.);
#1845 = DIRECTION('',(0.,0.,1.));
#1846 = ORIENTED_EDGE('',*,*,#400,.F.);
#1847 = FACE_BOUND('',#1848,.F.);
#1848 = EDGE_LOOP('',(#1849,#1859,#1867,#1875));
#1849 = ORIENTED_EDGE('',*,*,#1850,.F.);
#1850 = EDGE_CURVE('',#1851,#1853,#1855,.T.);
#1851 = VERTEX_POINT('',#1852);
#1852 = CARTESIAN_POINT('',(2.9,83.4,15.4));
#1853 = VERTEX_POINT('',#1854);
#1854 = CARTESIAN_POINT('',(13.7,83.4,15.4));
#1855 = LINE('',#1856,#1857);
#1856 = CARTESIAN_POINT('',(2.65,83.4,15.4));
#1857 = VECTOR('',#1858,1.);
#1858 = DIRECTION('',(1.,0.,-0.));
#1859 = ORIENTED_EDGE('',*,*,#1860,.T.);
#1860 = EDGE_CURVE('',#1851,#1861,#1863,.T.);
#1861 = VERTEX_POINT('',#1862);
#1862 = CARTESIAN_POINT('',(2.9,83.4,8.8));
#1863 = LINE('',#1864,#1865);
#1864 = CARTESIAN_POINT('',(2.9,83.4,5.6));
#1865 = VECTOR('',#1866,1.);
#1866 = DIRECTION('',(-0.,0.,-1.));
#1867 = ORIENTED_EDGE('',*,*,#1868,.T.);
#1868 = EDGE_CURVE('',#1861,#1869,#1871,.T.);
#1869 = VERTEX_POINT('',#1870);
#1870 = CARTESIAN_POINT('',(13.7,83.4,8.8));
#1871 = LINE('',#1872,#1873);
#1872 = CARTESIAN_POINT('',(2.65,83.4,8.8));
#1873 = VECTOR('',#1874,1.);
#1874 = DIRECTION('',(1.,0.,-0.));
#1875 = ORIENTED_EDGE('',*,*,#1876,.F.);
#1876 = EDGE_CURVE('',#1853,#1869,#1877,.T.);
#1877 = LINE('',#1878,#1879);
#1878 = CARTESIAN_POINT('',(13.7,83.4,5.6));
#1879 = VECTOR('',#1880,1.);
#1880 = DIRECTION('',(-0.,0.,-1.));
#1881 = FACE_BOUND('',#1882,.F.);
#1882 = EDGE_LOOP('',(#1883,#1893,#1901,#1909));
#1883 = ORIENTED_EDGE('',*,*,#1884,.F.);
#1884 = EDGE_CURVE('',#1885,#1887,#1889,.T.);
#1885 = VERTEX_POINT('',#1886);
#1886 = CARTESIAN_POINT('',(13.9,83.4,15.4));
#1887 = VERTEX_POINT('',#1888);
#1888 = CARTESIAN_POINT('',(24.7,83.4,15.4));
#1889 = LINE('',#1890,#1891);
#1890 = CARTESIAN_POINT('',(8.15,83.4,15.4));
#1891 = VECTOR('',#1892,1.);
#1892 = DIRECTION('',(1.,0.,-0.));
#1893 = ORIENTED_EDGE('',*,*,#1894,.T.);
#1894 = EDGE_CURVE('',#1885,#1895,#1897,.T.);
#1895 = VERTEX_POINT('',#1896);
#1896 = CARTESIAN_POINT('',(13.9,83.4,8.8));
#1897 = LINE('',#1898,#1899);
#1898 = CARTESIAN_POINT('',(13.9,83.4,5.6));
#1899 = VECTOR('',#1900,1.);
#1900 = DIRECTION('',(-0.,0.,-1.));
#1901 = ORIENTED_EDGE('',*,*,#1902,.T.);
#1902 = EDGE_CURVE('',#1895,#1903,#1905,.T.);
#1903 = VERTEX_POINT('',#1904);
#1904 = CARTESIAN_POINT('',(24.7,83.4,8.8));
#1905 = LINE('',#1906,#1907);
#1906 = CARTESIAN_POINT('',(8.15,83.4,8.8));
#1907 = VECTOR('',#1908,1.);
#1908 = DIRECTION('',(1.,0.,-0.));
#1909 = ORIENTED_EDGE('',*,*,#1910,.F.);
#1910 = EDGE_CURVE('',#1887,#1903,#1911,.T.);
#1911 = LINE('',#1912,#1913);
#1912 = CARTESIAN_POINT('',(24.7,83.4,5.6));
#1913 = VECTOR('',#1914,1.);
#1914 = DIRECTION('',(-0.,0.,-1.));
#1915 = FACE_BOUND('',#1916,.F.);
#1916 = EDGE_LOOP('',(#1917,#1927,#1935,#1943));
#1917 = ORIENTED_EDGE('',*,*,#1918,.F.);
#1918 = EDGE_CURVE('',#1919,#1921,#1923,.T.);
#1919 = VERTEX_POINT('',#1920);
#1920 = CARTESIAN_POINT('',(24.9,83.4,15.4));
#1921 = VERTEX_POINT('',#1922);
#1922 = CARTESIAN_POINT('',(35.7,83.4,15.4));
#1923 = LINE('',#1924,#1925);
#1924 = CARTESIAN_POINT('',(13.65,83.4,15.4));
#1925 = VECTOR('',#1926,1.);
#1926 = DIRECTION('',(1.,0.,-0.));
#1927 = ORIENTED_EDGE('',*,*,#1928,.T.);
#1928 = EDGE_CURVE('',#1919,#1929,#1931,.T.);
#1929 = VERTEX_POINT('',#1930);
#1930 = CARTESIAN_POINT('',(24.9,83.4,8.8));
#1931 = LINE('',#1932,#1933);
#1932 = CARTESIAN_POINT('',(24.9,83.4,5.6));
#1933 = VECTOR('',#1934,1.);
#1934 = DIRECTION('',(-0.,0.,-1.));
#1935 = ORIENTED_EDGE('',*,*,#1936,.T.);
#1936 = EDGE_CURVE('',#1929,#1937,#1939,.T.);
#1937 = VERTEX_POINT('',#1938);
#1938 = CARTESIAN_POINT('',(35.7,83.4,8.8));
#1939 = LINE('',#1940,#1941);
#1940 = CARTESIAN_POINT('',(13.65,83.4,8.8));
#1941 = VECTOR('',#1942,1.);
#1942 = DIRECTION('',(1.,0.,-0.));
#1943 = ORIENTED_EDGE('',*,*,#1944,.F.);
#1944 = EDGE_CURVE('',#1921,#1937,#1945,.T.);
#1945 = LINE('',#1946,#1947);
#1946 = CARTESIAN_POINT('',(35.7,83.4,5.6));
#1947 = VECTOR('',#1948,1.);
#1948 = DIRECTION('',(-0.,0.,-1.));
#1949 = FACE_BOUND('',#1950,.F.);
#1950 = EDGE_LOOP('',(#1951,#1961,#1969,#1977));
#1951 = ORIENTED_EDGE('',*,*,#1952,.F.);
#1952 = EDGE_CURVE('',#1953,#1955,#1957,.T.);
#1953 = VERTEX_POINT('',#1954);
#1954 = CARTESIAN_POINT('',(35.9,83.4,15.4));
#1955 = VERTEX_POINT('',#1956);
#1956 = CARTESIAN_POINT('',(46.7,83.4,15.4));
#1957 = LINE('',#1958,#1959);
#1958 = CARTESIAN_POINT('',(19.15,83.4,15.4));
#1959 = VECTOR('',#1960,1.);
#1960 = DIRECTION('',(1.,0.,-0.));
#1961 = ORIENTED_EDGE('',*,*,#1962,.T.);
#1962 = EDGE_CURVE('',#1953,#1963,#1965,.T.);
#1963 = VERTEX_POINT('',#1964);
#1964 = CARTESIAN_POINT('',(35.9,83.4,8.8));
#1965 = LINE('',#1966,#1967);
#1966 = CARTESIAN_POINT('',(35.9,83.4,5.6));
#1967 = VECTOR('',#1968,1.);
#1968 = DIRECTION('',(-0.,0.,-1.));
#1969 = ORIENTED_EDGE('',*,*,#1970,.T.);
#1970 = EDGE_CURVE('',#1963,#1971,#1973,.T.);
#1971 = VERTEX_POINT('',#1972);
#1972 = CARTESIAN_POINT('',(46.7,83.4,8.8));
#1973 = LINE('',#1974,#1975);
#1974 = CARTESIAN_POINT('',(19.15,83.4,8.8));
#1975 = VECTOR('',#1976,1.);
#1976 = DIRECTION('',(1.,0.,-0.));
#1977 = ORIENTED_EDGE('',*,*,#1978,.F.);
#1978 = EDGE_CURVE('',#1955,#1971,#1979,.T.);
#1979 = LINE('',#1980,#1981);
#1980 = CARTESIAN_POINT('',(46.7,83.4,5.6));
#1981 = VECTOR('',#1982,1.);
#1982 = DIRECTION('',(-0.,0.,-1.));
#1983 = FACE_BOUND('',#1984,.F.);
#1984 = EDGE_LOOP('',(#1985,#1995,#2003,#2011));
#1985 = ORIENTED_EDGE('',*,*,#1986,.F.);
#1986 = EDGE_CURVE('',#1987,#1989,#1991,.T.);
#1987 = VERTEX_POINT('',#1988);
#1988 = CARTESIAN_POINT('',(46.9,83.4,15.4));
#1989 = VERTEX_POINT('',#1990);
#1990 = CARTESIAN_POINT('',(57.7,83.4,15.4));
#1991 = LINE('',#1992,#1993);
#1992 = CARTESIAN_POINT('',(24.65,83.4,15.4));
#1993 = VECTOR('',#1994,1.);
#1994 = DIRECTION('',(1.,0.,-0.));
#1995 = ORIENTED_EDGE('',*,*,#1996,.T.);
#1996 = EDGE_CURVE('',#1987,#1997,#1999,.T.);
#1997 = VERTEX_POINT('',#1998);
#1998 = CARTESIAN_POINT('',(46.9,83.4,8.8));
#1999 = LINE('',#2000,#2001);
#2000 = CARTESIAN_POINT('',(46.9,83.4,5.6));
#2001 = VECTOR('',#2002,1.);
#2002 = DIRECTION('',(-0.,0.,-1.));
#2003 = ORIENTED_EDGE('',*,*,#2004,.T.);
#2004 = EDGE_CURVE('',#1997,#2005,#2007,.T.);
#2005 = VERTEX_POINT('',#2006);
#2006 = CARTESIAN_POINT('',(57.7,83.4,8.8));
#2007 = LINE('',#2008,#2009);
#2008 = CARTESIAN_POINT('',(24.65,83.4,8.8));
#2009 = VECTOR('',#2010,1.);
#2010 = DIRECTION('',(1.,0.,-0.));
#2011 = ORIENTED_EDGE('',*,*,#2012,.F.);
#2012 = EDGE_CURVE('',#1989,#2005,#2013,.T.);
#2013 = LINE('',#2014,#2015);
#2014 = CARTESIAN_POINT('',(57.7,83.4,5.6));
#2015 = VECTOR('',#2016,1.);
#2016 = DIRECTION('',(-0.,0.,-1.));
#2017 = FACE_BOUND('',#2018,.F.);
#2018 = EDGE_LOOP('',(#2019,#2029,#2037,#2045));
#2019 = ORIENTED_EDGE('',*,*,#2020,.F.);
#2020 = EDGE_CURVE('',#2021,#2023,#2025,.T.);
#2021 = VERTEX_POINT('',#2022);
#2022 = CARTESIAN_POINT('',(57.9,83.4,15.4));
#2023 = VERTEX_POINT('',#2024);
#2024 = CARTESIAN_POINT('',(68.7,83.4,15.4));
#2025 = LINE('',#2026,#2027);
#2026 = CARTESIAN_POINT('',(30.15,83.4,15.4));
#2027 = VECTOR('',#2028,1.);
#2028 = DIRECTION('',(1.,0.,-0.));
#2029 = ORIENTED_EDGE('',*,*,#2030,.T.);
#2030 = EDGE_CURVE('',#2021,#2031,#2033,.T.);
#2031 = VERTEX_POINT('',#2032);
#2032 = CARTESIAN_POINT('',(57.9,83.4,8.8));
#2033 = LINE('',#2034,#2035);
#2034 = CARTESIAN_POINT('',(57.9,83.4,5.6));
#2035 = VECTOR('',#2036,1.);
#2036 = DIRECTION('',(-0.,0.,-1.));
#2037 = ORIENTED_EDGE('',*,*,#2038,.T.);
#2038 = EDGE_CURVE('',#2031,#2039,#2041,.T.);
#2039 = VERTEX_POINT('',#2040);
#2040 = CARTESIAN_POINT('',(68.7,83.4,8.8));
#2041 = LINE('',#2042,#2043);
#2042 = CARTESIAN_POINT('',(30.15,83.4,8.8));
#2043 = VECTOR('',#2044,1.);
#2044 = DIRECTION('',(1.,0.,-0.));
#2045 = ORIENTED_EDGE('',*,*,#2046,.F.);
#2046 = EDGE_CURVE('',#2023,#2039,#2047,.T.);
#2047 = LINE('',#2048,#2049);
#2048 = CARTESIAN_POINT('',(68.7,83.4,5.6));
#2049 = VECTOR('',#2050,1.);
#2050 = DIRECTION('',(-0.,0.,-1.));
#2051 = FACE_BOUND('',#2052,.F.);
#2052 = EDGE_LOOP('',(#2053,#2063,#2071,#2079));
#2053 = ORIENTED_EDGE('',*,*,#2054,.F.);
#2054 = EDGE_CURVE('',#2055,#2057,#2059,.T.);
#2055 = VERTEX_POINT('',#2056);
#2056 = CARTESIAN_POINT('',(68.9,83.4,15.4));
#2057 = VERTEX_POINT('',#2058);
#2058 = CARTESIAN_POINT('',(79.7,83.4,15.4));
#2059 = LINE('',#2060,#2061);
#2060 = CARTESIAN_POINT('',(35.65,83.4,15.4));
#2061 = VECTOR('',#2062,1.);
#2062 = DIRECTION('',(1.,0.,-0.));
#2063 = ORIENTED_EDGE('',*,*,#2064,.T.);
#2064 = EDGE_CURVE('',#2055,#2065,#2067,.T.);
#2065 = VERTEX_POINT('',#2066);
#2066 = CARTESIAN_POINT('',(68.9,83.4,8.8));
#2067 = LINE('',#2068,#2069);
#2068 = CARTESIAN_POINT('',(68.9,83.4,5.6));
#2069 = VECTOR('',#2070,1.);
#2070 = DIRECTION('',(-0.,0.,-1.));
#2071 = ORIENTED_EDGE('',*,*,#2072,.T.);
#2072 = EDGE_CURVE('',#2065,#2073,#2075,.T.);
#2073 = VERTEX_POINT('',#2074);
#2074 = CARTESIAN_POINT('',(79.7,83.4,8.8));
#2075 = LINE('',#2076,#2077);
#2076 = CARTESIAN_POINT('',(35.65,83.4,8.8));
#2077 = VECTOR('',#2078,1.);
#2078 = DIRECTION('',(1.,0.,-0.));
#2079 = ORIENTED_EDGE('',*,*,#2080,.F.);
#2080 = EDGE_CURVE('',#2057,#2073,#2081,.T.);
#2081 = LINE('',#2082,#2083);
#2082 = CARTESIAN_POINT('',(79.7,83.4,5.6));
#2083 = VECTOR('',#2084,1.);
#2084 = DIRECTION('',(-0.,0.,-1.));
#2085 = FACE_BOUND('',#2086,.F.);
#2086 = EDGE_LOOP('',(#2087,#2097,#2105,#2113));
#2087 = ORIENTED_EDGE('',*,*,#2088,.F.);
#2088 = EDGE_CURVE('',#2089,#2091,#2093,.T.);
#2089 = VERTEX_POINT('',#2090);
#2090 = CARTESIAN_POINT('',(79.9,83.4,15.4));
#2091 = VERTEX_POINT('',#2092);
#2092 = CARTESIAN_POINT('',(90.7,83.4,15.4));
#2093 = LINE('',#2094,#2095);
#2094 = CARTESIAN_POINT('',(41.15,83.4,15.4));
#2095 = VECTOR('',#2096,1.);
#2096 = DIRECTION('',(1.,0.,-0.));
#2097 = ORIENTED_EDGE('',*,*,#2098,.T.);
#2098 = EDGE_CURVE('',#2089,#2099,#2101,.T.);
#2099 = VERTEX_POINT('',#2100);
#2100 = CARTESIAN_POINT('',(79.9,83.4,8.8));
#2101 = LINE('',#2102,#2103);
#2102 = CARTESIAN_POINT('',(79.9,83.4,5.6));
#2103 = VECTOR('',#2104,1.);
#2104 = DIRECTION('',(-0.,0.,-1.));
#2105 = ORIENTED_EDGE('',*,*,#2106,.T.);
#2106 = EDGE_CURVE('',#2099,#2107,#2109,.T.);
#2107 = VERTEX_POINT('',#2108);
#2108 = CARTESIAN_POINT('',(90.7,83.4,8.8));
#2109 = LINE('',#2110,#2111);
#2110 = CARTESIAN_POINT('',(41.15,83.4,8.8));
#2111 = VECTOR('',#2112,1.);
#2112 = DIRECTION('',(1.,0.,-0.));
#2113 = ORIENTED_EDGE('',*,*,#2114,.F.);
#2114 = EDGE_CURVE('',#2091,#2107,#2115,.T.);
#2115 = LINE('',#2116,#2117);
#2116 = CARTESIAN_POINT('',(90.7,83.4,5.6));
#2117 = VECTOR('',#2118,1.);
#2118 = DIRECTION('',(-0.,0.,-1.));
#2119 = FACE_BOUND('',#2120,.F.);
#2120 = EDGE_LOOP('',(#2121,#2131,#2139,#2147));
#2121 = ORIENTED_EDGE('',*,*,#2122,.F.);
#2122 = EDGE_CURVE('',#2123,#2125,#2127,.T.);
#2123 = VERTEX_POINT('',#2124);
#2124 = CARTESIAN_POINT('',(93.15,83.4,16.2));
#2125 = VERTEX_POINT('',#2126);
#2126 = CARTESIAN_POINT('',(101.65,83.4,16.2));
#2127 = LINE('',#2128,#2129);
#2128 = CARTESIAN_POINT('',(47.775,83.4,16.2));
#2129 = VECTOR('',#2130,1.);
#2130 = DIRECTION('',(1.,0.,-0.));
#2131 = ORIENTED_EDGE('',*,*,#2132,.T.);
#2132 = EDGE_CURVE('',#2123,#2133,#2135,.T.);
#2133 = VERTEX_POINT('',#2134);
#2134 = CARTESIAN_POINT('',(93.15,83.4,8.8));
#2135 = LINE('',#2136,#2137);
#2136 = CARTESIAN_POINT('',(93.15,83.4,5.6));
#2137 = VECTOR('',#2138,1.);
#2138 = DIRECTION('',(-0.,0.,-1.));
#2139 = ORIENTED_EDGE('',*,*,#2140,.T.);
#2140 = EDGE_CURVE('',#2133,#2141,#2143,.T.);
#2141 = VERTEX_POINT('',#2142);
#2142 = CARTESIAN_POINT('',(101.65,83.4,8.8));
#2143 = LINE('',#2144,#2145);
#2144 = CARTESIAN_POINT('',(47.775,83.4,8.8));
#2145 = VECTOR('',#2146,1.);
#2146 = DIRECTION('',(1.,0.,-0.));
#2147 = ORIENTED_EDGE('',*,*,#2148,.F.);
#2148 = EDGE_CURVE('',#2125,#2141,#2149,.T.);
#2149 = LINE('',#2150,#2151);
#2150 = CARTESIAN_POINT('',(101.65,83.4,5.6));
#2151 = VECTOR('',#2152,1.);
#2152 = DIRECTION('',(-0.,0.,-1.));
#2153 = PLANE('',#2154);
#2154 = AXIS2_PLACEMENT_3D('',#2155,#2156,#2157);
#2155 = CARTESIAN_POINT('',(2.4,83.4,2.4));
#2156 = DIRECTION('',(-0.,1.,0.));
#2157 = DIRECTION('',(0.,0.,1.));
#2158 = ADVANCED_FACE('',(#2159,#2170,#2176,#2182,#2188),#2194,.T.);
#2159 = FACE_BOUND('',#2160,.T.);
#2160 = EDGE_LOOP('',(#2161,#2162,#2168,#2169));
#2161 = ORIENTED_EDGE('',*,*,#1667,.F.);
#2162 = ORIENTED_EDGE('',*,*,#2163,.T.);
#2163 = EDGE_CURVE('',#1660,#1834,#2164,.T.);
#2164 = LINE('',#2165,#2166);
#2165 = CARTESIAN_POINT('',(2.4,2.4,2.4));
#2166 = VECTOR('',#2167,1.);
#2167 = DIRECTION('',(-0.,1.,0.));
#2168 = ORIENTED_EDGE('',*,*,#1841,.T.);
#2169 = ORIENTED_EDGE('',*,*,#392,.F.);
#2170 = FACE_BOUND('',#2171,.T.);
#2171 = EDGE_LOOP('',(#2172,#2173,#2174,#2175));
#2172 = ORIENTED_EDGE('',*,*,#786,.T.);
#2173 = ORIENTED_EDGE('',*,*,#851,.T.);
#2174 = ORIENTED_EDGE('',*,*,#834,.F.);
#2175 = ORIENTED_EDGE('',*,*,#810,.F.);
#2176 = FACE_BOUND('',#2177,.T.);
#2177 = EDGE_LOOP('',(#2178,#2179,#2180,#2181));
#2178 = ORIENTED_EDGE('',*,*,#882,.T.);
#2179 = ORIENTED_EDGE('',*,*,#930,.T.);
#2180 = ORIENTED_EDGE('',*,*,#947,.F.);
#2181 = ORIENTED_EDGE('',*,*,#906,.F.);
#2182 = FACE_BOUND('',#2183,.T.);
#2183 = EDGE_LOOP('',(#2184,#2185,#2186,#2187));
#2184 = ORIENTED_EDGE('',*,*,#978,.T.);
#2185 = ORIENTED_EDGE('',*,*,#1026,.T.);
#2186 = ORIENTED_EDGE('',*,*,#1043,.F.);
#2187 = ORIENTED_EDGE('',*,*,#1002,.F.);
#2188 = FACE_BOUND('',#2189,.T.);
#2189 = EDGE_LOOP('',(#2190,#2191,#2192,#2193));
#2190 = ORIENTED_EDGE('',*,*,#1074,.T.);
#2191 = ORIENTED_EDGE('',*,*,#1122,.T.);
#2192 = ORIENTED_EDGE('',*,*,#1139,.F.);
#2193 = ORIENTED_EDGE('',*,*,#1098,.F.);
#2194 = PLANE('',#2195);
#2195 = AXIS2_PLACEMENT_3D('',#2196,#2197,#2198);
#2196 = CARTESIAN_POINT('',(2.4,2.4,2.4));
#2197 = DIRECTION('',(1.,0.,-0.));
#2198 = DIRECTION('',(0.,0.,1.));
#2199 = ADVANCED_FACE('',(#2200),#2216,.F.);
#2200 = FACE_BOUND('',#2201,.F.);
#2201 = EDGE_LOOP('',(#2202,#2208,#2209,#2215));
#2202 = ORIENTED_EDGE('',*,*,#2203,.F.);
#2203 = EDGE_CURVE('',#1851,#458,#2204,.T.);
#2204 = LINE('',#2205,#2206);
#2205 = CARTESIAN_POINT('',(2.9,80.6,15.4));
#2206 = VECTOR('',#2207,1.);
#2207 = DIRECTION('',(-0.,1.,0.));
#2208 = ORIENTED_EDGE('',*,*,#1850,.T.);
#2209 = ORIENTED_EDGE('',*,*,#2210,.T.);
#2210 = EDGE_CURVE('',#1853,#460,#2211,.T.);
#2211 = LINE('',#2212,#2213);
#2212 = CARTESIAN_POINT('',(13.7,80.6,15.4));
#2213 = VECTOR('',#2214,1.);
#2214 = DIRECTION('',(-0.,1.,0.));
#2215 = ORIENTED_EDGE('',*,*,#457,.F.);
#2216 = PLANE('',#2217);
#2217 = AXIS2_PLACEMENT_3D('',#2218,#2219,#2220);
#2218 = CARTESIAN_POINT('',(2.9,80.6,15.4));
#2219 = DIRECTION('',(0.,0.,1.));
#2220 = DIRECTION('',(1.,0.,-0.));
#2221 = ADVANCED_FACE('',(#2222),#2233,.T.);
#2222 = FACE_BOUND('',#2223,.T.);
#2223 = EDGE_LOOP('',(#2224,#2225,#2226,#2232));
#2224 = ORIENTED_EDGE('',*,*,#2203,.F.);
#2225 = ORIENTED_EDGE('',*,*,#1860,.T.);
#2226 = ORIENTED_EDGE('',*,*,#2227,.T.);
#2227 = EDGE_CURVE('',#1861,#468,#2228,.T.);
#2228 = LINE('',#2229,#2230);
#2229 = CARTESIAN_POINT('',(2.9,80.6,8.8));
#2230 = VECTOR('',#2231,1.);
#2231 = DIRECTION('',(-0.,1.,0.));
#2232 = ORIENTED_EDGE('',*,*,#467,.F.);
#2233 = PLANE('',#2234);
#2234 = AXIS2_PLACEMENT_3D('',#2235,#2236,#2237);
#2235 = CARTESIAN_POINT('',(2.9,80.6,8.8));
#2236 = DIRECTION('',(1.,0.,-0.));
#2237 = DIRECTION('',(0.,0.,1.));
#2238 = ADVANCED_FACE('',(#2239),#2250,.F.);
#2239 = FACE_BOUND('',#2240,.F.);
#2240 = EDGE_LOOP('',(#2241,#2242,#2243,#2249));
#2241 = ORIENTED_EDGE('',*,*,#2210,.F.);
#2242 = ORIENTED_EDGE('',*,*,#1876,.T.);
#2243 = ORIENTED_EDGE('',*,*,#2244,.T.);
#2244 = EDGE_CURVE('',#1869,#476,#2245,.T.);
#2245 = LINE('',#2246,#2247);
#2246 = CARTESIAN_POINT('',(13.7,80.6,8.8));
#2247 = VECTOR('',#2248,1.);
#2248 = DIRECTION('',(-0.,1.,0.));
#2249 = ORIENTED_EDGE('',*,*,#483,.F.);
#2250 = PLANE('',#2251);
#2251 = AXIS2_PLACEMENT_3D('',#2252,#2253,#2254);
#2252 = CARTESIAN_POINT('',(13.7,80.6,8.8));
#2253 = DIRECTION('',(1.,0.,-0.));
#2254 = DIRECTION('',(0.,0.,1.));
#2255 = ADVANCED_FACE('',(#2256),#2262,.T.);
#2256 = FACE_BOUND('',#2257,.T.);
#2257 = EDGE_LOOP('',(#2258,#2259,#2260,#2261));
#2258 = ORIENTED_EDGE('',*,*,#2227,.F.);
#2259 = ORIENTED_EDGE('',*,*,#1868,.T.);
#2260 = ORIENTED_EDGE('',*,*,#2244,.T.);
#2261 = ORIENTED_EDGE('',*,*,#475,.F.);
#2262 = PLANE('',#2263);
#2263 = AXIS2_PLACEMENT_3D('',#2264,#2265,#2266);
#2264 = CARTESIAN_POINT('',(2.9,80.6,8.8));
#2265 = DIRECTION('',(0.,0.,1.));
#2266 = DIRECTION('',(1.,0.,-0.));
#2267 = ADVANCED_FACE('',(#2268),#2284,.F.);
#2268 = FACE_BOUND('',#2269,.F.);
#2269 = EDGE_LOOP('',(#2270,#2276,#2277,#2283));
#2270 = ORIENTED_EDGE('',*,*,#2271,.F.);
#2271 = EDGE_CURVE('',#1885,#492,#2272,.T.);
#2272 = LINE('',#2273,#2274);
#2273 = CARTESIAN_POINT('',(13.9,80.6,15.4));
#2274 = VECTOR('',#2275,1.);
#2275 = DIRECTION('',(-0.,1.,0.));
#2276 = ORIENTED_EDGE('',*,*,#1884,.T.);
#2277 = ORIENTED_EDGE('',*,*,#2278,.T.);
#2278 = EDGE_CURVE('',#1887,#494,#2279,.T.);
#2279 = LINE('',#2280,#2281);
#2280 = CARTESIAN_POINT('',(24.7,80.6,15.4));
#2281 = VECTOR('',#2282,1.);
#2282 = DIRECTION('',(-0.,1.,0.));
#2283 = ORIENTED_EDGE('',*,*,#491,.F.);
#2284 = PLANE('',#2285);
#2285 = AXIS2_PLACEMENT_3D('',#2286,#2287,#2288);
#2286 = CARTESIAN_POINT('',(13.9,80.6,15.4));
#2287 = DIRECTION('',(0.,0.,1.));
#2288 = DIRECTION('',(1.,0.,-0.));
#2289 = ADVANCED_FACE('',(#2290),#2301,.T.);
#2290 = FACE_BOUND('',#2291,.T.);
#2291 = EDGE_LOOP('',(#2292,#2293,#2294,#2300));
#2292 = ORIENTED_EDGE('',*,*,#2271,.F.);
#2293 = ORIENTED_EDGE('',*,*,#1894,.T.);
#2294 = ORIENTED_EDGE('',*,*,#2295,.T.);
#2295 = EDGE_CURVE('',#1895,#502,#2296,.T.);
#2296 = LINE('',#2297,#2298);
#2297 = CARTESIAN_POINT('',(13.9,80.6,8.8));
#2298 = VECTOR('',#2299,1.);
#2299 = DIRECTION('',(-0.,1.,0.));
#2300 = ORIENTED_EDGE('',*,*,#501,.F.);
#2301 = PLANE('',#2302);
#2302 = AXIS2_PLACEMENT_3D('',#2303,#2304,#2305);
#2303 = CARTESIAN_POINT('',(13.9,80.6,8.8));
#2304 = DIRECTION('',(1.,0.,-0.));
#2305 = DIRECTION('',(0.,0.,1.));
#2306 = ADVANCED_FACE('',(#2307),#2318,.F.);
#2307 = FACE_BOUND('',#2308,.F.);
#2308 = EDGE_LOOP('',(#2309,#2310,#2311,#2317));
#2309 = ORIENTED_EDGE('',*,*,#2278,.F.);
#2310 = ORIENTED_EDGE('',*,*,#1910,.T.);
#2311 = ORIENTED_EDGE('',*,*,#2312,.T.);
#2312 = EDGE_CURVE('',#1903,#510,#2313,.T.);
#2313 = LINE('',#2314,#2315);
#2314 = CARTESIAN_POINT('',(24.7,80.6,8.8));
#2315 = VECTOR('',#2316,1.);
#2316 = DIRECTION('',(-0.,1.,0.));
#2317 = ORIENTED_EDGE('',*,*,#517,.F.);
#2318 = PLANE('',#2319);
#2319 = AXIS2_PLACEMENT_3D('',#2320,#2321,#2322);
#2320 = CARTESIAN_POINT('',(24.7,80.6,8.8));
#2321 = DIRECTION('',(1.,0.,-0.));
#2322 = DIRECTION('',(0.,0.,1.));
#2323 = ADVANCED_FACE('',(#2324),#2330,.T.);
#2324 = FACE_BOUND('',#2325,.T.);
#2325 = EDGE_LOOP('',(#2326,#2327,#2328,#2329));
#2326 = ORIENTED_EDGE('',*,*,#2295,.F.);
#2327 = ORIENTED_EDGE('',*,*,#1902,.T.);
#2328 = ORIENTED_EDGE('',*,*,#2312,.T.);
#2329 = ORIENTED_EDGE('',*,*,#509,.F.);
#2330 = PLANE('',#2331);
#2331 = AXIS2_PLACEMENT_3D('',#2332,#2333,#2334);
#2332 = CARTESIAN_POINT('',(13.9,80.6,8.8));
#2333 = DIRECTION('',(0.,0.,1.));
#2334 = DIRECTION('',(1.,0.,-0.));
#2335 = ADVANCED_FACE('',(#2336),#2352,.F.);
#2336 = FACE_BOUND('',#2337,.F.);
#2337 = EDGE_LOOP('',(#2338,#2344,#2345,#2351));
#2338 = ORIENTED_EDGE('',*,*,#2339,.F.);
#2339 = EDGE_CURVE('',#1919,#526,#2340,.T.);
#2340 = LINE('',#2341,#2342);
#2341 = CARTESIAN_POINT('',(24.9,80.6,15.4));
#2342 = VECTOR('',#2343,1.);
#2343 = DIRECTION('',(-0.,1.,0.));
#2344 = ORIENTED_EDGE('',*,*,#1918,.T.);
#2345 = ORIENTED_EDGE('',*,*,#2346,.T.);
#2346 = EDGE_CURVE('',#1921,#528,#2347,.T.);
#2347 = LINE('',#2348,#2349);
#2348 = CARTESIAN_POINT('',(35.7,80.6,15.4));
#2349 = VECTOR('',#2350,1.);
#2350 = DIRECTION('',(-0.,1.,0.));
#2351 = ORIENTED_EDGE('',*,*,#525,.F.);
#2352 = PLANE('',#2353);
#2353 = AXIS2_PLACEMENT_3D('',#2354,#2355,#2356);
#2354 = CARTESIAN_POINT('',(24.9,80.6,15.4));
#2355 = DIRECTION('',(0.,0.,1.));
#2356 = DIRECTION('',(1.,0.,-0.));
#2357 = ADVANCED_FACE('',(#2358),#2369,.T.);
#2358 = FACE_BOUND('',#2359,.T.);
#2359 = EDGE_LOOP('',(#2360,#2361,#2362,#2368));
#2360 = ORIENTED_EDGE('',*,*,#2339,.F.);
#2361 = ORIENTED_EDGE('',*,*,#1928,.T.);
#2362 = ORIENTED_EDGE('',*,*,#2363,.T.);
#2363 = EDGE_CURVE('',#1929,#536,#2364,.T.);
#2364 = LINE('',#2365,#2366);
#2365 = CARTESIAN_POINT('',(24.9,80.6,8.8));
#2366 = VECTOR('',#2367,1.);
#2367 = DIRECTION('',(-0.,1.,0.));
#2368 = ORIENTED_EDGE('',*,*,#535,.F.);
#2369 = PLANE('',#2370);
#2370 = AXIS2_PLACEMENT_3D('',#2371,#2372,#2373);
#2371 = CARTESIAN_POINT('',(24.9,80.6,8.8));
#2372 = DIRECTION('',(1.,0.,-0.));
#2373 = DIRECTION('',(0.,0.,1.));
#2374 = ADVANCED_FACE('',(#2375),#2386,.F.);
#2375 = FACE_BOUND('',#2376,.F.);
#2376 = EDGE_LOOP('',(#2377,#2378,#2379,#2385));
#2377 = ORIENTED_EDGE('',*,*,#2346,.F.);
#2378 = ORIENTED_EDGE('',*,*,#1944,.T.);
#2379 = ORIENTED_EDGE('',*,*,#2380,.T.);
#2380 = EDGE_CURVE('',#1937,#544,#2381,.T.);
#2381 = LINE('',#2382,#2383);
#2382 = CARTESIAN_POINT('',(35.7,80.6,8.8));
#2383 = VECTOR('',#2384,1.);
#2384 = DIRECTION('',(-0.,1.,0.));
#2385 = ORIENTED_EDGE('',*,*,#551,.F.);
#2386 = PLANE('',#2387);
#2387 = AXIS2_PLACEMENT_3D('',#2388,#2389,#2390);
#2388 = CARTESIAN_POINT('',(35.7,80.6,8.8));
#2389 = DIRECTION('',(1.,0.,-0.));
#2390 = DIRECTION('',(0.,0.,1.));
#2391 = ADVANCED_FACE('',(#2392),#2398,.T.);
#2392 = FACE_BOUND('',#2393,.T.);
#2393 = EDGE_LOOP('',(#2394,#2395,#2396,#2397));
#2394 = ORIENTED_EDGE('',*,*,#2363,.F.);
#2395 = ORIENTED_EDGE('',*,*,#1936,.T.);
#2396 = ORIENTED_EDGE('',*,*,#2380,.T.);
#2397 = ORIENTED_EDGE('',*,*,#543,.F.);
#2398 = PLANE('',#2399);
#2399 = AXIS2_PLACEMENT_3D('',#2400,#2401,#2402);
#2400 = CARTESIAN_POINT('',(24.9,80.6,8.8));
#2401 = DIRECTION('',(0.,0.,1.));
#2402 = DIRECTION('',(1.,0.,-0.));
#2403 = ADVANCED_FACE('',(#2404),#2420,.F.);
#2404 = FACE_BOUND('',#2405,.F.);
#2405 = EDGE_LOOP('',(#2406,#2412,#2413,#2419));
#2406 = ORIENTED_EDGE('',*,*,#2407,.F.);
#2407 = EDGE_CURVE('',#1953,#560,#2408,.T.);
#2408 = LINE('',#2409,#2410);
#2409 = CARTESIAN_POINT('',(35.9,80.6,15.4));
#2410 = VECTOR('',#2411,1.);
#2411 = DIRECTION('',(-0.,1.,0.));
#2412 = ORIENTED_EDGE('',*,*,#1952,.T.);
#2413 = ORIENTED_EDGE('',*,*,#2414,.T.);
#2414 = EDGE_CURVE('',#1955,#562,#2415,.T.);
#2415 = LINE('',#2416,#2417);
#2416 = CARTESIAN_POINT('',(46.7,80.6,15.4));
#2417 = VECTOR('',#2418,1.);
#2418 = DIRECTION('',(-0.,1.,0.));
#2419 = ORIENTED_EDGE('',*,*,#559,.F.);
#2420 = PLANE('',#2421);
#2421 = AXIS2_PLACEMENT_3D('',#2422,#2423,#2424);
#2422 = CARTESIAN_POINT('',(35.9,80.6,15.4));
#2423 = DIRECTION('',(0.,0.,1.));
#2424 = DIRECTION('',(1.,0.,-0.));
#2425 = ADVANCED_FACE('',(#2426),#2437,.T.);
#2426 = FACE_BOUND('',#2427,.T.);
#2427 = EDGE_LOOP('',(#2428,#2429,#2430,#2436));
#2428 = ORIENTED_EDGE('',*,*,#2407,.F.);
#2429 = ORIENTED_EDGE('',*,*,#1962,.T.);
#2430 = ORIENTED_EDGE('',*,*,#2431,.T.);
#2431 = EDGE_CURVE('',#1963,#570,#2432,.T.);
#2432 = LINE('',#2433,#2434);
#2433 = CARTESIAN_POINT('',(35.9,80.6,8.8));
#2434 = VECTOR('',#2435,1.);
#2435 = DIRECTION('',(-0.,1.,0.));
#2436 = ORIENTED_EDGE('',*,*,#569,.F.);
#2437 = PLANE('',#2438);
#2438 = AXIS2_PLACEMENT_3D('',#2439,#2440,#2441);
#2439 = CARTESIAN_POINT('',(35.9,80.6,8.8));
#2440 = DIRECTION('',(1.,0.,-0.));
#2441 = DIRECTION('',(0.,0.,1.));
#2442 = ADVANCED_FACE('',(#2443),#2454,.F.);
#2443 = FACE_BOUND('',#2444,.F.);
#2444 = EDGE_LOOP('',(#2445,#2446,#2447,#2453));
#2445 = ORIENTED_EDGE('',*,*,#2414,.F.);
#2446 = ORIENTED_EDGE('',*,*,#1978,.T.);
#2447 = ORIENTED_EDGE('',*,*,#2448,.T.);
#2448 = EDGE_CURVE('',#1971,#578,#2449,.T.);
#2449 = LINE('',#2450,#2451);
#2450 = CARTESIAN_POINT('',(46.7,80.6,8.8));
#2451 = VECTOR('',#2452,1.);
#2452 = DIRECTION('',(-0.,1.,0.));
#2453 = ORIENTED_EDGE('',*,*,#585,.F.);
#2454 = PLANE('',#2455);
#2455 = AXIS2_PLACEMENT_3D('',#2456,#2457,#2458);
#2456 = CARTESIAN_POINT('',(46.7,80.6,8.8));
#2457 = DIRECTION('',(1.,0.,-0.));
#2458 = DIRECTION('',(0.,0.,1.));
#2459 = ADVANCED_FACE('',(#2460),#2466,.T.);
#2460 = FACE_BOUND('',#2461,.T.);
#2461 = EDGE_LOOP('',(#2462,#2463,#2464,#2465));
#2462 = ORIENTED_EDGE('',*,*,#2431,.F.);
#2463 = ORIENTED_EDGE('',*,*,#1970,.T.);
#2464 = ORIENTED_EDGE('',*,*,#2448,.T.);
#2465 = ORIENTED_EDGE('',*,*,#577,.F.);
#2466 = PLANE('',#2467);
#2467 = AXIS2_PLACEMENT_3D('',#2468,#2469,#2470);
#2468 = CARTESIAN_POINT('',(35.9,80.6,8.8));
#2469 = DIRECTION('',(0.,0.,1.));
#2470 = DIRECTION('',(1.,0.,-0.));
#2471 = ADVANCED_FACE('',(#2472),#2488,.F.);
#2472 = FACE_BOUND('',#2473,.F.);
#2473 = EDGE_LOOP('',(#2474,#2480,#2481,#2487));
#2474 = ORIENTED_EDGE('',*,*,#2475,.F.);
#2475 = EDGE_CURVE('',#1987,#594,#2476,.T.);
#2476 = LINE('',#2477,#2478);
#2477 = CARTESIAN_POINT('',(46.9,80.6,15.4));
#2478 = VECTOR('',#2479,1.);
#2479 = DIRECTION('',(-0.,1.,0.));
#2480 = ORIENTED_EDGE('',*,*,#1986,.T.);
#2481 = ORIENTED_EDGE('',*,*,#2482,.T.);
#2482 = EDGE_CURVE('',#1989,#596,#2483,.T.);
#2483 = LINE('',#2484,#2485);
#2484 = CARTESIAN_POINT('',(57.7,80.6,15.4));
#2485 = VECTOR('',#2486,1.);
#2486 = DIRECTION('',(-0.,1.,0.));
#2487 = ORIENTED_EDGE('',*,*,#593,.F.);
#2488 = PLANE('',#2489);
#2489 = AXIS2_PLACEMENT_3D('',#2490,#2491,#2492);
#2490 = CARTESIAN_POINT('',(46.9,80.6,15.4));
#2491 = DIRECTION('',(0.,0.,1.));
#2492 = DIRECTION('',(1.,0.,-0.));
#2493 = ADVANCED_FACE('',(#2494),#2505,.T.);
#2494 = FACE_BOUND('',#2495,.T.);
#2495 = EDGE_LOOP('',(#2496,#2497,#2498,#2504));
#2496 = ORIENTED_EDGE('',*,*,#2475,.F.);
#2497 = ORIENTED_EDGE('',*,*,#1996,.T.);
#2498 = ORIENTED_EDGE('',*,*,#2499,.T.);
#2499 = EDGE_CURVE('',#1997,#604,#2500,.T.);
#2500 = LINE('',#2501,#2502);
#2501 = CARTESIAN_POINT('',(46.9,80.6,8.8));
#2502 = VECTOR('',#2503,1.);
#2503 = DIRECTION('',(-0.,1.,0.));
#2504 = ORIENTED_EDGE('',*,*,#603,.F.);
#2505 = PLANE('',#2506);
#2506 = AXIS2_PLACEMENT_3D('',#2507,#2508,#2509);
#2507 = CARTESIAN_POINT('',(46.9,80.6,8.8));
#2508 = DIRECTION('',(1.,0.,-0.));
#2509 = DIRECTION('',(0.,0.,1.));
#2510 = ADVANCED_FACE('',(#2511),#2522,.F.);
#2511 = FACE_BOUND('',#2512,.F.);
#2512 = EDGE_LOOP('',(#2513,#2514,#2515,#2521));
#2513 = ORIENTED_EDGE('',*,*,#2482,.F.);
#2514 = ORIENTED_EDGE('',*,*,#2012,.T.);
#2515 = ORIENTED_EDGE('',*,*,#2516,.T.);
#2516 = EDGE_CURVE('',#2005,#612,#2517,.T.);
#2517 = LINE('',#2518,#2519);
#2518 = CARTESIAN_POINT('',(57.7,80.6,8.8));
#2519 = VECTOR('',#2520,1.);
#2520 = DIRECTION('',(-0.,1.,0.));
#2521 = ORIENTED_EDGE('',*,*,#619,.F.);
#2522 = PLANE('',#2523);
#2523 = AXIS2_PLACEMENT_3D('',#2524,#2525,#2526);
#2524 = CARTESIAN_POINT('',(57.7,80.6,8.8));
#2525 = DIRECTION('',(1.,0.,-0.));
#2526 = DIRECTION('',(0.,0.,1.));
#2527 = ADVANCED_FACE('',(#2528),#2534,.T.);
#2528 = FACE_BOUND('',#2529,.T.);
#2529 = EDGE_LOOP('',(#2530,#2531,#2532,#2533));
#2530 = ORIENTED_EDGE('',*,*,#2499,.F.);
#2531 = ORIENTED_EDGE('',*,*,#2004,.T.);
#2532 = ORIENTED_EDGE('',*,*,#2516,.T.);
#2533 = ORIENTED_EDGE('',*,*,#611,.F.);
#2534 = PLANE('',#2535);
#2535 = AXIS2_PLACEMENT_3D('',#2536,#2537,#2538);
#2536 = CARTESIAN_POINT('',(46.9,80.6,8.8));
#2537 = DIRECTION('',(0.,0.,1.));
#2538 = DIRECTION('',(1.,0.,-0.));
#2539 = ADVANCED_FACE('',(#2540),#2556,.F.);
#2540 = FACE_BOUND('',#2541,.F.);
#2541 = EDGE_LOOP('',(#2542,#2548,#2549,#2555));
#2542 = ORIENTED_EDGE('',*,*,#2543,.F.);
#2543 = EDGE_CURVE('',#2021,#628,#2544,.T.);
#2544 = LINE('',#2545,#2546);
#2545 = CARTESIAN_POINT('',(57.9,80.6,15.4));
#2546 = VECTOR('',#2547,1.);
#2547 = DIRECTION('',(-0.,1.,0.));
#2548 = ORIENTED_EDGE('',*,*,#2020,.T.);
#2549 = ORIENTED_EDGE('',*,*,#2550,.T.);
#2550 = EDGE_CURVE('',#2023,#630,#2551,.T.);
#2551 = LINE('',#2552,#2553);
#2552 = CARTESIAN_POINT('',(68.7,80.6,15.4));
#2553 = VECTOR('',#2554,1.);
#2554 = DIRECTION('',(-0.,1.,0.));
#2555 = ORIENTED_EDGE('',*,*,#627,.F.);
#2556 = PLANE('',#2557);
#2557 = AXIS2_PLACEMENT_3D('',#2558,#2559,#2560);
#2558 = CARTESIAN_POINT('',(57.9,80.6,15.4));
#2559 = DIRECTION('',(0.,0.,1.));
#2560 = DIRECTION('',(1.,0.,-0.));
#2561 = ADVANCED_FACE('',(#2562),#2573,.T.);
#2562 = FACE_BOUND('',#2563,.T.);
#2563 = EDGE_LOOP('',(#2564,#2565,#2566,#2572));
#2564 = ORIENTED_EDGE('',*,*,#2543,.F.);
#2565 = ORIENTED_EDGE('',*,*,#2030,.T.);
#2566 = ORIENTED_EDGE('',*,*,#2567,.T.);
#2567 = EDGE_CURVE('',#2031,#638,#2568,.T.);
#2568 = LINE('',#2569,#2570);
#2569 = CARTESIAN_POINT('',(57.9,80.6,8.8));
#2570 = VECTOR('',#2571,1.);
#2571 = DIRECTION('',(-0.,1.,0.));
#2572 = ORIENTED_EDGE('',*,*,#637,.F.);
#2573 = PLANE('',#2574);
#2574 = AXIS2_PLACEMENT_3D('',#2575,#2576,#2577);
#2575 = CARTESIAN_POINT('',(57.9,80.6,8.8));
#2576 = DIRECTION('',(1.,0.,-0.));
#2577 = DIRECTION('',(0.,0.,1.));
#2578 = ADVANCED_FACE('',(#2579),#2590,.F.);
#2579 = FACE_BOUND('',#2580,.F.);
#2580 = EDGE_LOOP('',(#2581,#2582,#2583,#2589));
#2581 = ORIENTED_EDGE('',*,*,#2550,.F.);
#2582 = ORIENTED_EDGE('',*,*,#2046,.T.);
#2583 = ORIENTED_EDGE('',*,*,#2584,.T.);
#2584 = EDGE_CURVE('',#2039,#646,#2585,.T.);
#2585 = LINE('',#2586,#2587);
#2586 = CARTESIAN_POINT('',(68.7,80.6,8.8));
#2587 = VECTOR('',#2588,1.);
#2588 = DIRECTION('',(-0.,1.,0.));
#2589 = ORIENTED_EDGE('',*,*,#653,.F.);
#2590 = PLANE('',#2591);
#2591 = AXIS2_PLACEMENT_3D('',#2592,#2593,#2594);
#2592 = CARTESIAN_POINT('',(68.7,80.6,8.8));
#2593 = DIRECTION('',(1.,0.,-0.));
#2594 = DIRECTION('',(0.,0.,1.));
#2595 = ADVANCED_FACE('',(#2596),#2602,.T.);
#2596 = FACE_BOUND('',#2597,.T.);
#2597 = EDGE_LOOP('',(#2598,#2599,#2600,#2601));
#2598 = ORIENTED_EDGE('',*,*,#2567,.F.);
#2599 = ORIENTED_EDGE('',*,*,#2038,.T.);
#2600 = ORIENTED_EDGE('',*,*,#2584,.T.);
#2601 = ORIENTED_EDGE('',*,*,#645,.F.);
#2602 = PLANE('',#2603);
#2603 = AXIS2_PLACEMENT_3D('',#2604,#2605,#2606);
#2604 = CARTESIAN_POINT('',(57.9,80.6,8.8));
#2605 = DIRECTION('',(0.,0.,1.));
#2606 = DIRECTION('',(1.,0.,-0.));
#2607 = ADVANCED_FACE('',(#2608),#2624,.F.);
#2608 = FACE_BOUND('',#2609,.F.);
#2609 = EDGE_LOOP('',(#2610,#2616,#2617,#2623));
#2610 = ORIENTED_EDGE('',*,*,#2611,.F.);
#2611 = EDGE_CURVE('',#2055,#662,#2612,.T.);
#2612 = LINE('',#2613,#2614);
#2613 = CARTESIAN_POINT('',(68.9,80.6,15.4));
#2614 = VECTOR('',#2615,1.);
#2615 = DIRECTION('',(-0.,1.,0.));
#2616 = ORIENTED_EDGE('',*,*,#2054,.T.);
#2617 = ORIENTED_EDGE('',*,*,#2618,.T.);
#2618 = EDGE_CURVE('',#2057,#664,#2619,.T.);
#2619 = LINE('',#2620,#2621);
#2620 = CARTESIAN_POINT('',(79.7,80.6,15.4));
#2621 = VECTOR('',#2622,1.);
#2622 = DIRECTION('',(-0.,1.,0.));
#2623 = ORIENTED_EDGE('',*,*,#661,.F.);
#2624 = PLANE('',#2625);
#2625 = AXIS2_PLACEMENT_3D('',#2626,#2627,#2628);
#2626 = CARTESIAN_POINT('',(68.9,80.6,15.4));
#2627 = DIRECTION('',(0.,0.,1.));
#2628 = DIRECTION('',(1.,0.,-0.));
#2629 = ADVANCED_FACE('',(#2630),#2641,.T.);
#2630 = FACE_BOUND('',#2631,.T.);
#2631 = EDGE_LOOP('',(#2632,#2633,#2634,#2640));
#2632 = ORIENTED_EDGE('',*,*,#2611,.F.);
#2633 = ORIENTED_EDGE('',*,*,#2064,.T.);
#2634 = ORIENTED_EDGE('',*,*,#2635,.T.);
#2635 = EDGE_CURVE('',#2065,#672,#2636,.T.);
#2636 = LINE('',#2637,#2638);
#2637 = CARTESIAN_POINT('',(68.9,80.6,8.8));
#2638 = VECTOR('',#2639,1.);
#2639 = DIRECTION('',(-0.,1.,0.));
#2640 = ORIENTED_EDGE('',*,*,#671,.F.);
#2641 = PLANE('',#2642);
#2642 = AXIS2_PLACEMENT_3D('',#2643,#2644,#2645);
#2643 = CARTESIAN_POINT('',(68.9,80.6,8.8));
#2644 = DIRECTION('',(1.,0.,-0.));
#2645 = DIRECTION('',(0.,0.,1.));
#2646 = ADVANCED_FACE('',(#2647),#2658,.F.);
#2647 = FACE_BOUND('',#2648,.F.);
#2648 = EDGE_LOOP('',(#2649,#2650,#2651,#2657));
#2649 = ORIENTED_EDGE('',*,*,#2618,.F.);
#2650 = ORIENTED_EDGE('',*,*,#2080,.T.);
#2651 = ORIENTED_EDGE('',*,*,#2652,.T.);
#2652 = EDGE_CURVE('',#2073,#680,#2653,.T.);
#2653 = LINE('',#2654,#2655);
#2654 = CARTESIAN_POINT('',(79.7,80.6,8.8));
#2655 = VECTOR('',#2656,1.);
#2656 = DIRECTION('',(-0.,1.,0.));
#2657 = ORIENTED_EDGE('',*,*,#687,.F.);
#2658 = PLANE('',#2659);
#2659 = AXIS2_PLACEMENT_3D('',#2660,#2661,#2662);
#2660 = CARTESIAN_POINT('',(79.7,80.6,8.8));
#2661 = DIRECTION('',(1.,0.,-0.));
#2662 = DIRECTION('',(0.,0.,1.));
#2663 = ADVANCED_FACE('',(#2664),#2670,.T.);
#2664 = FACE_BOUND('',#2665,.T.);
#2665 = EDGE_LOOP('',(#2666,#2667,#2668,#2669));
#2666 = ORIENTED_EDGE('',*,*,#2635,.F.);
#2667 = ORIENTED_EDGE('',*,*,#2072,.T.);
#2668 = ORIENTED_EDGE('',*,*,#2652,.T.);
#2669 = ORIENTED_EDGE('',*,*,#679,.F.);
#2670 = PLANE('',#2671);
#2671 = AXIS2_PLACEMENT_3D('',#2672,#2673,#2674);
#2672 = CARTESIAN_POINT('',(68.9,80.6,8.8));
#2673 = DIRECTION('',(0.,0.,1.));
#2674 = DIRECTION('',(1.,0.,-0.));
#2675 = ADVANCED_FACE('',(#2676),#2692,.F.);
#2676 = FACE_BOUND('',#2677,.F.);
#2677 = EDGE_LOOP('',(#2678,#2684,#2685,#2691));
#2678 = ORIENTED_EDGE('',*,*,#2679,.F.);
#2679 = EDGE_CURVE('',#2089,#696,#2680,.T.);
#2680 = LINE('',#2681,#2682);
#2681 = CARTESIAN_POINT('',(79.9,80.6,15.4));
#2682 = VECTOR('',#2683,1.);
#2683 = DIRECTION('',(-0.,1.,0.));
#2684 = ORIENTED_EDGE('',*,*,#2088,.T.);
#2685 = ORIENTED_EDGE('',*,*,#2686,.T.);
#2686 = EDGE_CURVE('',#2091,#698,#2687,.T.);
#2687 = LINE('',#2688,#2689);
#2688 = CARTESIAN_POINT('',(90.7,80.6,15.4));
#2689 = VECTOR('',#2690,1.);
#2690 = DIRECTION('',(-0.,1.,0.));
#2691 = ORIENTED_EDGE('',*,*,#695,.F.);
#2692 = PLANE('',#2693);
#2693 = AXIS2_PLACEMENT_3D('',#2694,#2695,#2696);
#2694 = CARTESIAN_POINT('',(79.9,80.6,15.4));
#2695 = DIRECTION('',(0.,0.,1.));
#2696 = DIRECTION('',(1.,0.,-0.));
#2697 = ADVANCED_FACE('',(#2698),#2709,.F.);
#2698 = FACE_BOUND('',#2699,.F.);
#2699 = EDGE_LOOP('',(#2700,#2701,#2702,#2708));
#2700 = ORIENTED_EDGE('',*,*,#2686,.F.);
#2701 = ORIENTED_EDGE('',*,*,#2114,.T.);
#2702 = ORIENTED_EDGE('',*,*,#2703,.T.);
#2703 = EDGE_CURVE('',#2107,#714,#2704,.T.);
#2704 = LINE('',#2705,#2706);
#2705 = CARTESIAN_POINT('',(90.7,80.6,8.8));
#2706 = VECTOR('',#2707,1.);
#2707 = DIRECTION('',(-0.,1.,0.));
#2708 = ORIENTED_EDGE('',*,*,#721,.F.);
#2709 = PLANE('',#2710);
#2710 = AXIS2_PLACEMENT_3D('',#2711,#2712,#2713);
#2711 = CARTESIAN_POINT('',(90.7,80.6,8.8));
#2712 = DIRECTION('',(1.,0.,-0.));
#2713 = DIRECTION('',(0.,0.,1.));
#2714 = ADVANCED_FACE('',(#2715),#2726,.T.);
#2715 = FACE_BOUND('',#2716,.T.);
#2716 = EDGE_LOOP('',(#2717,#2723,#2724,#2725));
#2717 = ORIENTED_EDGE('',*,*,#2718,.F.);
#2718 = EDGE_CURVE('',#2099,#706,#2719,.T.);
#2719 = LINE('',#2720,#2721);
#2720 = CARTESIAN_POINT('',(79.9,80.6,8.8));
#2721 = VECTOR('',#2722,1.);
#2722 = DIRECTION('',(-0.,1.,0.));
#2723 = ORIENTED_EDGE('',*,*,#2106,.T.);
#2724 = ORIENTED_EDGE('',*,*,#2703,.T.);
#2725 = ORIENTED_EDGE('',*,*,#713,.F.);
#2726 = PLANE('',#2727);
#2727 = AXIS2_PLACEMENT_3D('',#2728,#2729,#2730);
#2728 = CARTESIAN_POINT('',(79.9,80.6,8.8));
#2729 = DIRECTION('',(0.,0.,1.));
#2730 = DIRECTION('',(1.,0.,-0.));
#2731 = ADVANCED_FACE('',(#2732),#2738,.T.);
#2732 = FACE_BOUND('',#2733,.T.);
#2733 = EDGE_LOOP('',(#2734,#2735,#2736,#2737));
#2734 = ORIENTED_EDGE('',*,*,#2679,.F.);
#2735 = ORIENTED_EDGE('',*,*,#2098,.T.);
#2736 = ORIENTED_EDGE('',*,*,#2718,.T.);
#2737 = ORIENTED_EDGE('',*,*,#705,.F.);
#2738 = PLANE('',#2739);
#2739 = AXIS2_PLACEMENT_3D('',#2740,#2741,#2742);
#2740 = CARTESIAN_POINT('',(79.9,80.6,8.8));
#2741 = DIRECTION('',(1.,0.,-0.));
#2742 = DIRECTION('',(0.,0.,1.));
#2743 = ADVANCED_FACE('',(#2744),#2760,.F.);
#2744 = FACE_BOUND('',#2745,.F.);
#2745 = EDGE_LOOP('',(#2746,#2752,#2753,#2759));
#2746 = ORIENTED_EDGE('',*,*,#2747,.F.);
#2747 = EDGE_CURVE('',#2123,#730,#2748,.T.);
#2748 = LINE('',#2749,#2750);
#2749 = CARTESIAN_POINT('',(93.15,80.6,16.2));
#2750 = VECTOR('',#2751,1.);
#2751 = DIRECTION('',(-0.,1.,0.));
#2752 = ORIENTED_EDGE('',*,*,#2122,.T.);
#2753 = ORIENTED_EDGE('',*,*,#2754,.T.);
#2754 = EDGE_CURVE('',#2125,#732,#2755,.T.);
#2755 = LINE('',#2756,#2757);
#2756 = CARTESIAN_POINT('',(101.65,80.6,16.2));
#2757 = VECTOR('',#2758,1.);
#2758 = DIRECTION('',(-0.,1.,0.));
#2759 = ORIENTED_EDGE('',*,*,#729,.F.);
#2760 = PLANE('',#2761);
#2761 = AXIS2_PLACEMENT_3D('',#2762,#2763,#2764);
#2762 = CARTESIAN_POINT('',(93.15,80.6,16.2));
#2763 = DIRECTION('',(0.,0.,1.));
#2764 = DIRECTION('',(1.,0.,-0.));
#2765 = ADVANCED_FACE('',(#2766),#2777,.T.);
#2766 = FACE_BOUND('',#2767,.T.);
#2767 = EDGE_LOOP('',(#2768,#2769,#2770,#2776));
#2768 = ORIENTED_EDGE('',*,*,#2747,.F.);
#2769 = ORIENTED_EDGE('',*,*,#2132,.T.);
#2770 = ORIENTED_EDGE('',*,*,#2771,.T.);
#2771 = EDGE_CURVE('',#2133,#740,#2772,.T.);
#2772 = LINE('',#2773,#2774);
#2773 = CARTESIAN_POINT('',(93.15,80.6,8.8));
#2774 = VECTOR('',#2775,1.);
#2775 = DIRECTION('',(-0.,1.,0.));
#2776 = ORIENTED_EDGE('',*,*,#739,.F.);
#2777 = PLANE('',#2778);
#2778 = AXIS2_PLACEMENT_3D('',#2779,#2780,#2781);
#2779 = CARTESIAN_POINT('',(93.15,80.6,8.8));
#2780 = DIRECTION('',(1.,0.,-0.));
#2781 = DIRECTION('',(0.,0.,1.));
#2782 = ADVANCED_FACE('',(#2783),#2794,.F.);
#2783 = FACE_BOUND('',#2784,.F.);
#2784 = EDGE_LOOP('',(#2785,#2786,#2787,#2793));
#2785 = ORIENTED_EDGE('',*,*,#2754,.F.);
#2786 = ORIENTED_EDGE('',*,*,#2148,.T.);
#2787 = ORIENTED_EDGE('',*,*,#2788,.T.);
#2788 = EDGE_CURVE('',#2141,#748,#2789,.T.);
#2789 = LINE('',#2790,#2791);
#2790 = CARTESIAN_POINT('',(101.65,80.6,8.8));
#2791 = VECTOR('',#2792,1.);
#2792 = DIRECTION('',(-0.,1.,0.));
#2793 = ORIENTED_EDGE('',*,*,#755,.F.);
#2794 = PLANE('',#2795);
#2795 = AXIS2_PLACEMENT_3D('',#2796,#2797,#2798);
#2796 = CARTESIAN_POINT('',(101.65,80.6,8.8));
#2797 = DIRECTION('',(1.,0.,-0.));
#2798 = DIRECTION('',(0.,0.,1.));
#2799 = ADVANCED_FACE('',(#2800),#2806,.T.);
#2800 = FACE_BOUND('',#2801,.T.);
#2801 = EDGE_LOOP('',(#2802,#2803,#2804,#2805));
#2802 = ORIENTED_EDGE('',*,*,#2771,.F.);
#2803 = ORIENTED_EDGE('',*,*,#2140,.T.);
#2804 = ORIENTED_EDGE('',*,*,#2788,.T.);
#2805 = ORIENTED_EDGE('',*,*,#747,.F.);
#2806 = PLANE('',#2807);
#2807 = AXIS2_PLACEMENT_3D('',#2808,#2809,#2810);
#2808 = CARTESIAN_POINT('',(93.15,80.6,8.8));
#2809 = DIRECTION('',(0.,0.,1.));
#2810 = DIRECTION('',(1.,0.,-0.));
#2811 = ADVANCED_FACE('',(#2812),#2828,.T.);
#2812 = FACE_BOUND('',#2813,.T.);
#2813 = EDGE_LOOP('',(#2814,#2820,#2821,#2827));
#2814 = ORIENTED_EDGE('',*,*,#2815,.F.);
#2815 = EDGE_CURVE('',#1725,#1160,#2816,.T.);
#2816 = LINE('',#2817,#2818);
#2817 = CARTESIAN_POINT('',(100.2,80.8,8.8));
#2818 = VECTOR('',#2819,1.);
#2819 = DIRECTION('',(1.,0.,-0.));
#2820 = ORIENTED_EDGE('',*,*,#1724,.T.);
#2821 = ORIENTED_EDGE('',*,*,#2822,.T.);
#2822 = EDGE_CURVE('',#1727,#1162,#2823,.T.);
#2823 = LINE('',#2824,#2825);
#2824 = CARTESIAN_POINT('',(100.2,70.5,8.8));
#2825 = VECTOR('',#2826,1.);
#2826 = DIRECTION('',(1.,0.,-0.));
#2827 = ORIENTED_EDGE('',*,*,#1159,.F.);
#2828 = PLANE('',#2829);
#2829 = AXIS2_PLACEMENT_3D('',#2830,#2831,#2832);
#2830 = CARTESIAN_POINT('',(100.2,70.5,8.8));
#2831 = DIRECTION('',(0.,0.,1.));
#2832 = DIRECTION('',(1.,0.,-0.));
#2833 = ADVANCED_FACE('',(#2834),#2845,.F.);
#2834 = FACE_BOUND('',#2835,.F.);
#2835 = EDGE_LOOP('',(#2836,#2837,#2838,#2844));
#2836 = ORIENTED_EDGE('',*,*,#2815,.F.);
#2837 = ORIENTED_EDGE('',*,*,#1750,.T.);
#2838 = ORIENTED_EDGE('',*,*,#2839,.T.);
#2839 = EDGE_CURVE('',#1743,#1178,#2840,.T.);
#2840 = LINE('',#2841,#2842);
#2841 = CARTESIAN_POINT('',(100.2,80.8,15.4));
#2842 = VECTOR('',#2843,1.);
#2843 = DIRECTION('',(1.,0.,-0.));
#2844 = ORIENTED_EDGE('',*,*,#1185,.F.);
#2845 = PLANE('',#2846);
#2846 = AXIS2_PLACEMENT_3D('',#2847,#2848,#2849);
#2847 = CARTESIAN_POINT('',(100.2,80.8,8.8));
#2848 = DIRECTION('',(-0.,1.,0.));
#2849 = DIRECTION('',(0.,0.,1.));
#2850 = ADVANCED_FACE('',(#2851),#2862,.F.);
#2851 = FACE_BOUND('',#2852,.F.);
#2852 = EDGE_LOOP('',(#2853,#2854,#2855,#2861));
#2853 = ORIENTED_EDGE('',*,*,#2839,.F.);
#2854 = ORIENTED_EDGE('',*,*,#1742,.T.);
#2855 = ORIENTED_EDGE('',*,*,#2856,.T.);
#2856 = EDGE_CURVE('',#1735,#1170,#2857,.T.);
#2857 = LINE('',#2858,#2859);
#2858 = CARTESIAN_POINT('',(100.2,70.5,15.4));
#2859 = VECTOR('',#2860,1.);
#2860 = DIRECTION('',(1.,0.,-0.));
#2861 = ORIENTED_EDGE('',*,*,#1177,.F.);
#2862 = PLANE('',#2863);
#2863 = AXIS2_PLACEMENT_3D('',#2864,#2865,#2866);
#2864 = CARTESIAN_POINT('',(100.2,70.5,15.4));
#2865 = DIRECTION('',(0.,0.,1.));
#2866 = DIRECTION('',(1.,0.,-0.));
#2867 = ADVANCED_FACE('',(#2868),#2874,.T.);
#2868 = FACE_BOUND('',#2869,.T.);
#2869 = EDGE_LOOP('',(#2870,#2871,#2872,#2873));
#2870 = ORIENTED_EDGE('',*,*,#2822,.F.);
#2871 = ORIENTED_EDGE('',*,*,#1734,.T.);
#2872 = ORIENTED_EDGE('',*,*,#2856,.T.);
#2873 = ORIENTED_EDGE('',*,*,#1169,.F.);
#2874 = PLANE('',#2875);
#2875 = AXIS2_PLACEMENT_3D('',#2876,#2877,#2878);
#2876 = CARTESIAN_POINT('',(100.2,70.5,8.8));
#2877 = DIRECTION('',(-0.,1.,0.));
#2878 = DIRECTION('',(0.,0.,1.));
#2879 = ADVANCED_FACE('',(#2880),#2896,.T.);
#2880 = FACE_BOUND('',#2881,.T.);
#2881 = EDGE_LOOP('',(#2882,#2888,#2889,#2895));
#2882 = ORIENTED_EDGE('',*,*,#2883,.F.);
#2883 = EDGE_CURVE('',#1759,#1194,#2884,.T.);
#2884 = LINE('',#2885,#2886);
#2885 = CARTESIAN_POINT('',(100.6,13.9,8.8));
#2886 = VECTOR('',#2887,1.);
#2887 = DIRECTION('',(1.,0.,-0.));
#2888 = ORIENTED_EDGE('',*,*,#1758,.T.);
#2889 = ORIENTED_EDGE('',*,*,#2890,.T.);
#2890 = EDGE_CURVE('',#1761,#1196,#2891,.T.);
#2891 = LINE('',#2892,#2893);
#2892 = CARTESIAN_POINT('',(100.6,3.9,8.8));
#2893 = VECTOR('',#2894,1.);
#2894 = DIRECTION('',(1.,0.,-0.));
#2895 = ORIENTED_EDGE('',*,*,#1193,.F.);
#2896 = PLANE('',#2897);
#2897 = AXIS2_PLACEMENT_3D('',#2898,#2899,#2900);
#2898 = CARTESIAN_POINT('',(100.6,3.9,8.8));
#2899 = DIRECTION('',(0.,0.,1.));
#2900 = DIRECTION('',(1.,0.,-0.));
#2901 = ADVANCED_FACE('',(#2902),#2913,.F.);
#2902 = FACE_BOUND('',#2903,.F.);
#2903 = EDGE_LOOP('',(#2904,#2905,#2906,#2912));
#2904 = ORIENTED_EDGE('',*,*,#2883,.F.);
#2905 = ORIENTED_EDGE('',*,*,#1784,.T.);
#2906 = ORIENTED_EDGE('',*,*,#2907,.T.);
#2907 = EDGE_CURVE('',#1777,#1212,#2908,.T.);
#2908 = LINE('',#2909,#2910);
#2909 = CARTESIAN_POINT('',(100.6,13.9,12.5));
#2910 = VECTOR('',#2911,1.);
#2911 = DIRECTION('',(1.,0.,-0.));
#2912 = ORIENTED_EDGE('',*,*,#1219,.F.);
#2913 = PLANE('',#2914);
#2914 = AXIS2_PLACEMENT_3D('',#2915,#2916,#2917);
#2915 = CARTESIAN_POINT('',(100.6,13.9,8.8));
#2916 = DIRECTION('',(-0.,1.,0.));
#2917 = DIRECTION('',(0.,0.,1.));
#2918 = ADVANCED_FACE('',(#2919),#2930,.T.);
#2919 = FACE_BOUND('',#2920,.T.);
#2920 = EDGE_LOOP('',(#2921,#2922,#2923,#2929));
#2921 = ORIENTED_EDGE('',*,*,#2890,.F.);
#2922 = ORIENTED_EDGE('',*,*,#1768,.T.);
#2923 = ORIENTED_EDGE('',*,*,#2924,.T.);
#2924 = EDGE_CURVE('',#1769,#1204,#2925,.T.);
#2925 = LINE('',#2926,#2927);
#2926 = CARTESIAN_POINT('',(100.6,3.9,12.5));
#2927 = VECTOR('',#2928,1.);
#2928 = DIRECTION('',(1.,0.,-0.));
#2929 = ORIENTED_EDGE('',*,*,#1203,.F.);
#2930 = PLANE('',#2931);
#2931 = AXIS2_PLACEMENT_3D('',#2932,#2933,#2934);
#2932 = CARTESIAN_POINT('',(100.6,3.9,8.8));
#2933 = DIRECTION('',(-0.,1.,0.));
#2934 = DIRECTION('',(0.,0.,1.));
#2935 = ADVANCED_FACE('',(#2936),#2942,.F.);
#2936 = FACE_BOUND('',#2937,.F.);
#2937 = EDGE_LOOP('',(#2938,#2939,#2940,#2941));
#2938 = ORIENTED_EDGE('',*,*,#2907,.F.);
#2939 = ORIENTED_EDGE('',*,*,#1776,.T.);
#2940 = ORIENTED_EDGE('',*,*,#2924,.T.);
#2941 = ORIENTED_EDGE('',*,*,#1211,.F.);
#2942 = PLANE('',#2943);
#2943 = AXIS2_PLACEMENT_3D('',#2944,#2945,#2946);
#2944 = CARTESIAN_POINT('',(100.6,3.9,12.5));
#2945 = DIRECTION('',(0.,0.,1.));
#2946 = DIRECTION('',(1.,0.,-0.));
#2947 = ADVANCED_FACE('',(#2948),#2964,.F.);
#2948 = FACE_BOUND('',#2949,.F.);
#2949 = EDGE_LOOP('',(#2950,#2956,#2957,#2963));
#2950 = ORIENTED_EDGE('',*,*,#2951,.F.);
#2951 = EDGE_CURVE('',#1793,#1228,#2952,.T.);
#2952 = LINE('',#2953,#2954);
#2953 = CARTESIAN_POINT('',(100.6,58.9,8.8));
#2954 = VECTOR('',#2955,1.);
#2955 = DIRECTION('',(1.,0.,-0.));
#2956 = ORIENTED_EDGE('',*,*,#1792,.T.);
#2957 = ORIENTED_EDGE('',*,*,#2958,.T.);
#2958 = EDGE_CURVE('',#1795,#1246,#2959,.T.);
#2959 = LINE('',#2960,#2961);
#2960 = CARTESIAN_POINT('',(100.6,58.9,15.4));
#2961 = VECTOR('',#2962,1.);
#2962 = DIRECTION('',(1.,0.,-0.));
#2963 = ORIENTED_EDGE('',*,*,#1253,.F.);
#2964 = PLANE('',#2965);
#2965 = AXIS2_PLACEMENT_3D('',#2966,#2967,#2968);
#2966 = CARTESIAN_POINT('',(100.6,58.9,8.8));
#2967 = DIRECTION('',(-0.,1.,0.));
#2968 = DIRECTION('',(0.,0.,1.));
#2969 = ADVANCED_FACE('',(#2970),#2986,.T.);
#2970 = FACE_BOUND('',#2971,.T.);
#2971 = EDGE_LOOP('',(#2972,#2978,#2979,#2985));
#2972 = ORIENTED_EDGE('',*,*,#2973,.F.);
#2973 = EDGE_CURVE('',#1803,#1230,#2974,.T.);
#2974 = LINE('',#2975,#2976);
#2975 = CARTESIAN_POINT('',(100.6,14.9,8.8));
#2976 = VECTOR('',#2977,1.);
#2977 = DIRECTION('',(1.,0.,-0.));
#2978 = ORIENTED_EDGE('',*,*,#1810,.T.);
#2979 = ORIENTED_EDGE('',*,*,#2980,.T.);
#2980 = EDGE_CURVE('',#1811,#1238,#2981,.T.);
#2981 = LINE('',#2982,#2983);
#2982 = CARTESIAN_POINT('',(100.6,14.9,15.4));
#2983 = VECTOR('',#2984,1.);
#2984 = DIRECTION('',(1.,0.,-0.));
#2985 = ORIENTED_EDGE('',*,*,#1237,.F.);
#2986 = PLANE('',#2987);
#2987 = AXIS2_PLACEMENT_3D('',#2988,#2989,#2990);
#2988 = CARTESIAN_POINT('',(100.6,14.9,8.8));
#2989 = DIRECTION('',(-0.,1.,0.));
#2990 = DIRECTION('',(0.,0.,1.));
#2991 = ADVANCED_FACE('',(#2992,#2998,#3009,#3020,#3031),#3042,.T.);
#2992 = FACE_BOUND('',#2993,.T.);
#2993 = EDGE_LOOP('',(#2994,#2995,#2996,#2997));
#2994 = ORIENTED_EDGE('',*,*,#2163,.F.);
#2995 = ORIENTED_EDGE('',*,*,#1659,.T.);
#2996 = ORIENTED_EDGE('',*,*,#1707,.T.);
#2997 = ORIENTED_EDGE('',*,*,#1833,.F.);
#2998 = FACE_BOUND('',#2999,.T.);
#2999 = EDGE_LOOP('',(#3000));
#3000 = ORIENTED_EDGE('',*,*,#3001,.F.);
#3001 = EDGE_CURVE('',#3002,#3002,#3004,.T.);
#3002 = VERTEX_POINT('',#3003);
#3003 = CARTESIAN_POINT('',(9.45,6.3,2.4));
#3004 = CIRCLE('',#3005,3.15);
#3005 = AXIS2_PLACEMENT_3D('',#3006,#3007,#3008);
#3006 = CARTESIAN_POINT('',(6.3,6.3,2.4));
#3007 = DIRECTION('',(0.,0.,1.));
#3008 = DIRECTION('',(1.,0.,-0.));
#3009 = FACE_BOUND('',#3010,.T.);
#3010 = EDGE_LOOP('',(#3011));
#3011 = ORIENTED_EDGE('',*,*,#3012,.F.);
#3012 = EDGE_CURVE('',#3013,#3013,#3015,.T.);
#3013 = VERTEX_POINT('',#3014);
#3014 = CARTESIAN_POINT('',(9.05,30.9,2.4));
#3015 = CIRCLE('',#3016,3.15);
#3016 = AXIS2_PLACEMENT_3D('',#3017,#3018,#3019);
#3017 = CARTESIAN_POINT('',(5.9,30.9,2.4));
#3018 = DIRECTION('',(0.,0.,1.));
#3019 = DIRECTION('',(1.,0.,-0.));
#3020 = FACE_BOUND('',#3021,.T.);
#3021 = EDGE_LOOP('',(#3022));
#3022 = ORIENTED_EDGE('',*,*,#3023,.F.);
#3023 = EDGE_CURVE('',#3024,#3024,#3026,.T.);
#3024 = VERTEX_POINT('',#3025);
#3025 = CARTESIAN_POINT('',(89.05,15.4,2.4));
#3026 = CIRCLE('',#3027,3.15);
#3027 = AXIS2_PLACEMENT_3D('',#3028,#3029,#3030);
#3028 = CARTESIAN_POINT('',(85.9,15.4,2.4));
#3029 = DIRECTION('',(0.,0.,1.));
#3030 = DIRECTION('',(1.,0.,-0.));
#3031 = FACE_BOUND('',#3032,.T.);
#3032 = EDGE_LOOP('',(#3033));
#3033 = ORIENTED_EDGE('',*,*,#3034,.F.);
#3034 = EDGE_CURVE('',#3035,#3035,#3037,.T.);
#3035 = VERTEX_POINT('',#3036);
#3036 = CARTESIAN_POINT('',(79.55,58.6,2.4));
#3037 = CIRCLE('',#3038,3.15);
#3038 = AXIS2_PLACEMENT_3D('',#3039,#3040,#3041);
#3039 = CARTESIAN_POINT('',(76.4,58.6,2.4));
#3040 = DIRECTION('',(0.,0.,1.));
#3041 = DIRECTION('',(1.,0.,-0.));
#3042 = PLANE('',#3043);
#3043 = AXIS2_PLACEMENT_3D('',#3044,#3045,#3046);
#3044 = CARTESIAN_POINT('',(2.4,2.4,2.4));
#3045 = DIRECTION('',(0.,0.,1.));
#3046 = DIRECTION('',(1.,0.,-0.));
#3047 = ADVANCED_FACE('',(#3048),#3067,.T.);
#3048 = FACE_BOUND('',#3049,.T.);
#3049 = EDGE_LOOP('',(#3050,#3059,#3065,#3066));
#3050 = ORIENTED_EDGE('',*,*,#3051,.F.);
#3051 = EDGE_CURVE('',#3052,#3052,#3054,.T.);
#3052 = VERTEX_POINT('',#3053);
#3053 = CARTESIAN_POINT('',(9.45,6.3,7.4));
#3054 = CIRCLE('',#3055,3.15);
#3055 = AXIS2_PLACEMENT_3D('',#3056,#3057,#3058);
#3056 = CARTESIAN_POINT('',(6.3,6.3,7.4));
#3057 = DIRECTION('',(0.,0.,1.));
#3058 = DIRECTION('',(1.,0.,-0.));
#3059 = ORIENTED_EDGE('',*,*,#3060,.F.);
#3060 = EDGE_CURVE('',#3002,#3052,#3061,.T.);
#3061 = LINE('',#3062,#3063);
#3062 = CARTESIAN_POINT('',(9.45,6.3,2.4));
#3063 = VECTOR('',#3064,1.);
#3064 = DIRECTION('',(0.,0.,1.));
#3065 = ORIENTED_EDGE('',*,*,#3001,.T.);
#3066 = ORIENTED_EDGE('',*,*,#3060,.T.);
#3067 = CYLINDRICAL_SURFACE('',#3068,3.15);
#3068 = AXIS2_PLACEMENT_3D('',#3069,#3070,#3071);
#3069 = CARTESIAN_POINT('',(6.3,6.3,2.4));
#3070 = DIRECTION('',(0.,0.,1.));
#3071 = DIRECTION('',(1.,0.,-0.));
#3072 = ADVANCED_FACE('',(#3073),#3092,.T.);
#3073 = FACE_BOUND('',#3074,.T.);
#3074 = EDGE_LOOP('',(#3075,#3084,#3090,#3091));
#3075 = ORIENTED_EDGE('',*,*,#3076,.F.);
#3076 = EDGE_CURVE('',#3077,#3077,#3079,.T.);
#3077 = VERTEX_POINT('',#3078);
#3078 = CARTESIAN_POINT('',(9.05,30.9,7.4));
#3079 = CIRCLE('',#3080,3.15);
#3080 = AXIS2_PLACEMENT_3D('',#3081,#3082,#3083);
#3081 = CARTESIAN_POINT('',(5.9,30.9,7.4));
#3082 = DIRECTION('',(0.,0.,1.));
#3083 = DIRECTION('',(1.,0.,-0.));
#3084 = ORIENTED_EDGE('',*,*,#3085,.F.);
#3085 = EDGE_CURVE('',#3013,#3077,#3086,.T.);
#3086 = LINE('',#3087,#3088);
#3087 = CARTESIAN_POINT('',(9.05,30.9,2.4));
#3088 = VECTOR('',#3089,1.);
#3089 = DIRECTION('',(0.,0.,1.));
#3090 = ORIENTED_EDGE('',*,*,#3012,.T.);
#3091 = ORIENTED_EDGE('',*,*,#3085,.T.);
#3092 = CYLINDRICAL_SURFACE('',#3093,3.15);
#3093 = AXIS2_PLACEMENT_3D('',#3094,#3095,#3096);
#3094 = CARTESIAN_POINT('',(5.9,30.9,2.4));
#3095 = DIRECTION('',(0.,0.,1.));
#3096 = DIRECTION('',(1.,0.,-0.));
#3097 = ADVANCED_FACE('',(#3098),#3117,.T.);
#3098 = FACE_BOUND('',#3099,.T.);
#3099 = EDGE_LOOP('',(#3100,#3109,#3115,#3116));
#3100 = ORIENTED_EDGE('',*,*,#3101,.F.);
#3101 = EDGE_CURVE('',#3102,#3102,#3104,.T.);
#3102 = VERTEX_POINT('',#3103);
#3103 = CARTESIAN_POINT('',(89.05,15.4,7.4));
#3104 = CIRCLE('',#3105,3.15);
#3105 = AXIS2_PLACEMENT_3D('',#3106,#3107,#3108);
#3106 = CARTESIAN_POINT('',(85.9,15.4,7.4));
#3107 = DIRECTION('',(0.,0.,1.));
#3108 = DIRECTION('',(1.,0.,-0.));
#3109 = ORIENTED_EDGE('',*,*,#3110,.F.);
#3110 = EDGE_CURVE('',#3024,#3102,#3111,.T.);
#3111 = LINE('',#3112,#3113);
#3112 = CARTESIAN_POINT('',(89.05,15.4,2.4));
#3113 = VECTOR('',#3114,1.);
#3114 = DIRECTION('',(0.,0.,1.));
#3115 = ORIENTED_EDGE('',*,*,#3023,.T.);
#3116 = ORIENTED_EDGE('',*,*,#3110,.T.);
#3117 = CYLINDRICAL_SURFACE('',#3118,3.15);
#3118 = AXIS2_PLACEMENT_3D('',#3119,#3120,#3121);
#3119 = CARTESIAN_POINT('',(85.9,15.4,2.4));
#3120 = DIRECTION('',(0.,0.,1.));
#3121 = DIRECTION('',(1.,0.,-0.));
#3122 = ADVANCED_FACE('',(#3123),#3142,.T.);
#3123 = FACE_BOUND('',#3124,.T.);
#3124 = EDGE_LOOP('',(#3125,#3134,#3140,#3141));
#3125 = ORIENTED_EDGE('',*,*,#3126,.F.);
#3126 = EDGE_CURVE('',#3127,#3127,#3129,.T.);
#3127 = VERTEX_POINT('',#3128);
#3128 = CARTESIAN_POINT('',(79.55,58.6,7.4));
#3129 = CIRCLE('',#3130,3.15);
#3130 = AXIS2_PLACEMENT_3D('',#3131,#3132,#3133);
#3131 = CARTESIAN_POINT('',(76.4,58.6,7.4));
#3132 = DIRECTION('',(0.,0.,1.));
#3133 = DIRECTION('',(1.,0.,-0.));
#3134 = ORIENTED_EDGE('',*,*,#3135,.F.);
#3135 = EDGE_CURVE('',#3035,#3127,#3136,.T.);
#3136 = LINE('',#3137,#3138);
#3137 = CARTESIAN_POINT('',(79.55,58.6,2.4));
#3138 = VECTOR('',#3139,1.);
#3139 = DIRECTION('',(0.,0.,1.));
#3140 = ORIENTED_EDGE('',*,*,#3034,.T.);
#3141 = ORIENTED_EDGE('',*,*,#3135,.T.);
#3142 = CYLINDRICAL_SURFACE('',#3143,3.15);
#3143 = AXIS2_PLACEMENT_3D('',#3144,#3145,#3146);
#3144 = CARTESIAN_POINT('',(76.4,58.6,2.4));
#3145 = DIRECTION('',(0.,0.,1.));
#3146 = DIRECTION('',(1.,0.,-0.));
#3147 = ADVANCED_FACE('',(#3148,#3151),#3162,.T.);
#3148 = FACE_BOUND('',#3149,.T.);
#3149 = EDGE_LOOP('',(#3150));
#3150 = ORIENTED_EDGE('',*,*,#3051,.T.);
#3151 = FACE_BOUND('',#3152,.T.);
#3152 = EDGE_LOOP('',(#3153));
#3153 = ORIENTED_EDGE('',*,*,#3154,.F.);
#3154 = EDGE_CURVE('',#3155,#3155,#3157,.T.);
#3155 = VERTEX_POINT('',#3156);
#3156 = CARTESIAN_POINT('',(7.7,6.3,7.4));
#3157 = CIRCLE('',#3158,1.4);
#3158 = AXIS2_PLACEMENT_3D('',#3159,#3160,#3161);
#3159 = CARTESIAN_POINT('',(6.3,6.3,7.4));
#3160 = DIRECTION('',(0.,0.,1.));
#3161 = DIRECTION('',(1.,0.,-0.));
#3162 = PLANE('',#3163);
#3163 = AXIS2_PLACEMENT_3D('',#3164,#3165,#3166);
#3164 = CARTESIAN_POINT('',(6.3,6.3,7.4));
#3165 = DIRECTION('',(0.,0.,1.));
#3166 = DIRECTION('',(1.,0.,-0.));
#3167 = ADVANCED_FACE('',(#3168,#3171),#3182,.T.);
#3168 = FACE_BOUND('',#3169,.T.);
#3169 = EDGE_LOOP('',(#3170));
#3170 = ORIENTED_EDGE('',*,*,#3076,.T.);
#3171 = FACE_BOUND('',#3172,.T.);
#3172 = EDGE_LOOP('',(#3173));
#3173 = ORIENTED_EDGE('',*,*,#3174,.F.);
#3174 = EDGE_CURVE('',#3175,#3175,#3177,.T.);
#3175 = VERTEX_POINT('',#3176);
#3176 = CARTESIAN_POINT('',(7.3,30.9,7.4));
#3177 = CIRCLE('',#3178,1.4);
#3178 = AXIS2_PLACEMENT_3D('',#3179,#3180,#3181);
#3179 = CARTESIAN_POINT('',(5.9,30.9,7.4));
#3180 = DIRECTION('',(0.,0.,1.));
#3181 = DIRECTION('',(1.,0.,-0.));
#3182 = PLANE('',#3183);
#3183 = AXIS2_PLACEMENT_3D('',#3184,#3185,#3186);
#3184 = CARTESIAN_POINT('',(5.9,30.9,7.4));
#3185 = DIRECTION('',(0.,0.,1.));
#3186 = DIRECTION('',(1.,0.,-0.));
#3187 = ADVANCED_FACE('',(#3188,#3191),#3202,.T.);
#3188 = FACE_BOUND('',#3189,.T.);
#3189 = EDGE_LOOP('',(#3190));
#3190 = ORIENTED_EDGE('',*,*,#3101,.T.);
#3191 = FACE_BOUND('',#3192,.T.);
#3192 = EDGE_LOOP('',(#3193));
#3193 = ORIENTED_EDGE('',*,*,#3194,.F.);
#3194 = EDGE_CURVE('',#3195,#3195,#3197,.T.);
#3195 = VERTEX_POINT('',#3196);
#3196 = CARTESIAN_POINT('',(87.3,15.4,7.4));
#3197 = CIRCLE('',#3198,1.4);
#3198 = AXIS2_PLACEMENT_3D('',#3199,#3200,#3201);
#3199 = CARTESIAN_POINT('',(85.9,15.4,7.4));
#3200 = DIRECTION('',(0.,0.,1.));
#3201 = DIRECTION('',(1.,0.,-0.));
#3202 = PLANE('',#3203);
#3203 = AXIS2_PLACEMENT_3D('',#3204,#3205,#3206);
#3204 = CARTESIAN_POINT('',(85.9,15.4,7.4));
#3205 = DIRECTION('',(0.,0.,1.));
#3206 = DIRECTION('',(1.,0.,-0.));
#3207 = ADVANCED_FACE('',(#3208,#3211),#3222,.T.);
#3208 = FACE_BOUND('',#3209,.T.);
#3209 = EDGE_LOOP('',(#3210));
#3210 = ORIENTED_EDGE('',*,*,#3126,.T.);
#3211 = FACE_BOUND('',#3212,.T.);
#3212 = EDGE_LOOP('',(#3213));
#3213 = ORIENTED_EDGE('',*,*,#3214,.F.);
#3214 = EDGE_CURVE('',#3215,#3215,#3217,.T.);
#3215 = VERTEX_POINT('',#3216);
#3216 = CARTESIAN_POINT('',(77.8,58.6,7.4));
#3217 = CIRCLE('',#3218,1.4);
#3218 = AXIS2_PLACEMENT_3D('',#3219,#3220,#3221);
#3219 = CARTESIAN_POINT('',(76.4,58.6,7.4));
#3220 = DIRECTION('',(0.,0.,1.));
#3221 = DIRECTION('',(1.,0.,-0.));
#3222 = PLANE('',#3223);
#3223 = AXIS2_PLACEMENT_3D('',#3224,#3225,#3226);
#3224 = CARTESIAN_POINT('',(76.4,58.6,7.4));
#3225 = DIRECTION('',(0.,0.,1.));
#3226 = DIRECTION('',(1.,0.,-0.));
#3227 = ADVANCED_FACE('',(#3228),#3247,.F.);
#3228 = FACE_BOUND('',#3229,.F.);
#3229 = EDGE_LOOP('',(#3230,#3231,#3239,#3246));
#3230 = ORIENTED_EDGE('',*,*,#3154,.F.);
#3231 = ORIENTED_EDGE('',*,*,#3232,.F.);
#3232 = EDGE_CURVE('',#3233,#3155,#3235,.T.);
#3233 = VERTEX_POINT('',#3234);
#3234 = CARTESIAN_POINT('',(7.7,6.3,2.4));
#3235 = LINE('',#3236,#3237);
#3236 = CARTESIAN_POINT('',(7.7,6.3,1.9));
#3237 = VECTOR('',#3238,1.);
#3238 = DIRECTION('',(0.,0.,1.));
#3239 = ORIENTED_EDGE('',*,*,#3240,.T.);
#3240 = EDGE_CURVE('',#3233,#3233,#3241,.T.);
#3241 = CIRCLE('',#3242,1.4);
#3242 = AXIS2_PLACEMENT_3D('',#3243,#3244,#3245);
#3243 = CARTESIAN_POINT('',(6.3,6.3,2.4));
#3244 = DIRECTION('',(0.,0.,1.));
#3245 = DIRECTION('',(1.,0.,-0.));
#3246 = ORIENTED_EDGE('',*,*,#3232,.T.);
#3247 = CYLINDRICAL_SURFACE('',#3248,1.4);
#3248 = AXIS2_PLACEMENT_3D('',#3249,#3250,#3251);
#3249 = CARTESIAN_POINT('',(6.3,6.3,1.9));
#3250 = DIRECTION('',(0.,0.,1.));
#3251 = DIRECTION('',(1.,0.,-0.));
#3252 = ADVANCED_FACE('',(#3253),#3272,.F.);
#3253 = FACE_BOUND('',#3254,.F.);
#3254 = EDGE_LOOP('',(#3255,#3256,#3264,#3271));
#3255 = ORIENTED_EDGE('',*,*,#3174,.F.);
#3256 = ORIENTED_EDGE('',*,*,#3257,.F.);
#3257 = EDGE_CURVE('',#3258,#3175,#3260,.T.);
#3258 = VERTEX_POINT('',#3259);
#3259 = CARTESIAN_POINT('',(7.3,30.9,2.4));
#3260 = LINE('',#3261,#3262);
#3261 = CARTESIAN_POINT('',(7.3,30.9,1.9));
#3262 = VECTOR('',#3263,1.);
#3263 = DIRECTION('',(0.,0.,1.));
#3264 = ORIENTED_EDGE('',*,*,#3265,.T.);
#3265 = EDGE_CURVE('',#3258,#3258,#3266,.T.);
#3266 = CIRCLE('',#3267,1.4);
#3267 = AXIS2_PLACEMENT_3D('',#3268,#3269,#3270);
#3268 = CARTESIAN_POINT('',(5.9,30.9,2.4));
#3269 = DIRECTION('',(0.,0.,1.));
#3270 = DIRECTION('',(1.,0.,-0.));
#3271 = ORIENTED_EDGE('',*,*,#3257,.T.);
#3272 = CYLINDRICAL_SURFACE('',#3273,1.4);
#3273 = AXIS2_PLACEMENT_3D('',#3274,#3275,#3276);
#3274 = CARTESIAN_POINT('',(5.9,30.9,1.9));
#3275 = DIRECTION('',(0.,0.,1.));
#3276 = DIRECTION('',(1.,0.,-0.));
#3277 = ADVANCED_FACE('',(#3278),#3297,.F.);
#3278 = FACE_BOUND('',#3279,.F.);
#3279 = EDGE_LOOP('',(#3280,#3281,#3289,#3296));
#3280 = ORIENTED_EDGE('',*,*,#3194,.F.);
#3281 = ORIENTED_EDGE('',*,*,#3282,.F.);
#3282 = EDGE_CURVE('',#3283,#3195,#3285,.T.);
#3283 = VERTEX_POINT('',#3284);
#3284 = CARTESIAN_POINT('',(87.3,15.4,2.4));
#3285 = LINE('',#3286,#3287);
#3286 = CARTESIAN_POINT('',(87.3,15.4,1.9));
#3287 = VECTOR('',#3288,1.);
#3288 = DIRECTION('',(0.,0.,1.));
#3289 = ORIENTED_EDGE('',*,*,#3290,.T.);
#3290 = EDGE_CURVE('',#3283,#3283,#3291,.T.);
#3291 = CIRCLE('',#3292,1.4);
#3292 = AXIS2_PLACEMENT_3D('',#3293,#3294,#3295);
#3293 = CARTESIAN_POINT('',(85.9,15.4,2.4));
#3294 = DIRECTION('',(0.,0.,1.));
#3295 = DIRECTION('',(1.,0.,-0.));
#3296 = ORIENTED_EDGE('',*,*,#3282,.T.);
#3297 = CYLINDRICAL_SURFACE('',#3298,1.4);
#3298 = AXIS2_PLACEMENT_3D('',#3299,#3300,#3301);
#3299 = CARTESIAN_POINT('',(85.9,15.4,1.9));
#3300 = DIRECTION('',(0.,0.,1.));
#3301 = DIRECTION('',(1.,0.,-0.));
#3302 = ADVANCED_FACE('',(#3303),#3322,.F.);
#3303 = FACE_BOUND('',#3304,.F.);
#3304 = EDGE_LOOP('',(#3305,#3306,#3314,#3321));
#3305 = ORIENTED_EDGE('',*,*,#3214,.F.);
#3306 = ORIENTED_EDGE('',*,*,#3307,.F.);
#3307 = EDGE_CURVE('',#3308,#3215,#3310,.T.);
#3308 = VERTEX_POINT('',#3309);
#3309 = CARTESIAN_POINT('',(77.8,58.6,2.4));
#3310 = LINE('',#3311,#3312);
#3311 = CARTESIAN_POINT('',(77.8,58.6,1.9));
#3312 = VECTOR('',#3313,1.);
#3313 = DIRECTION('',(0.,0.,1.));
#3314 = ORIENTED_EDGE('',*,*,#3315,.T.);
#3315 = EDGE_CURVE('',#3308,#3308,#3316,.T.);
#3316 = CIRCLE('',#3317,1.4);
#3317 = AXIS2_PLACEMENT_3D('',#3318,#3319,#3320);
#3318 = CARTESIAN_POINT('',(76.4,58.6,2.4));
#3319 = DIRECTION('',(0.,0.,1.));
#3320 = DIRECTION('',(1.,0.,-0.));
#3321 = ORIENTED_EDGE('',*,*,#3307,.T.);
#3322 = CYLINDRICAL_SURFACE('',#3323,1.4);
#3323 = AXIS2_PLACEMENT_3D('',#3324,#3325,#3326);
#3324 = CARTESIAN_POINT('',(76.4,58.6,1.9));
#3325 = DIRECTION('',(0.,0.,1.));
#3326 = DIRECTION('',(1.,0.,-0.));
#3327 = ADVANCED_FACE('',(#3328),#3331,.T.);
#3328 = FACE_BOUND('',#3329,.T.);
#3329 = EDGE_LOOP('',(#3330));
#3330 = ORIENTED_EDGE('',*,*,#3240,.T.);
#3331 = PLANE('',#3332);
#3332 = AXIS2_PLACEMENT_3D('',#3333,#3334,#3335);
#3333 = CARTESIAN_POINT('',(2.4,2.4,2.4));
#3334 = DIRECTION('',(0.,0.,1.));
#3335 = DIRECTION('',(1.,0.,-0.));
#3336 = ADVANCED_FACE('',(#3337),#3340,.T.);
#3337 = FACE_BOUND('',#3338,.T.);
#3338 = EDGE_LOOP('',(#3339));
#3339 = ORIENTED_EDGE('',*,*,#3265,.T.);
#3340 = PLANE('',#3341);
#3341 = AXIS2_PLACEMENT_3D('',#3342,#3343,#3344);
#3342 = CARTESIAN_POINT('',(2.4,2.4,2.4));
#3343 = DIRECTION('',(0.,0.,1.));
#3344 = DIRECTION('',(1.,0.,-0.));
#3345 = ADVANCED_FACE('',(#3346),#3349,.T.);
#3346 = FACE_BOUND('',#3347,.T.);
#3347 = EDGE_LOOP('',(#3348));
#3348 = ORIENTED_EDGE('',*,*,#3290,.T.);
#3349 = PLANE('',#3350);
#3350 = AXIS2_PLACEMENT_3D('',#3351,#3352,#3353);
#3351 = CARTESIAN_POINT('',(2.4,2.4,2.4));
#3352 = DIRECTION('',(0.,0.,1.));
#3353 = DIRECTION('',(1.,0.,-0.));
#3354 = ADVANCED_FACE('',(#3355),#3358,.T.);
#3355 = FACE_BOUND('',#3356,.T.);
#3356 = EDGE_LOOP('',(#3357));
#3357 = ORIENTED_EDGE('',*,*,#3315,.T.);
#3358 = PLANE('',#3359);
#3359 = AXIS2_PLACEMENT_3D('',#3360,#3361,#3362);
#3360 = CARTESIAN_POINT('',(2.4,2.4,2.4));
#3361 = DIRECTION('',(0.,0.,1.));
#3362 = DIRECTION('',(1.,0.,-0.));
#3363 = ADVANCED_FACE('',(#3364),#3370,.T.);
#3364 = FACE_BOUND('',#3365,.T.);
#3365 = EDGE_LOOP('',(#3366,#3367,#3368,#3369));
#3366 = ORIENTED_EDGE('',*,*,#2951,.F.);
#3367 = ORIENTED_EDGE('',*,*,#1802,.T.);
#3368 = ORIENTED_EDGE('',*,*,#2973,.T.);
#3369 = ORIENTED_EDGE('',*,*,#1227,.F.);
#3370 = PLANE('',#3371);
#3371 = AXIS2_PLACEMENT_3D('',#3372,#3373,#3374);
#3372 = CARTESIAN_POINT('',(104.6,36.9,8.8));
#3373 = DIRECTION('',(0.,0.,1.));
#3374 = DIRECTION('',(1.,0.,-0.));
#3375 = ADVANCED_FACE('',(#3376),#3382,.T.);
#3376 = FACE_BOUND('',#3377,.T.);
#3377 = EDGE_LOOP('',(#3378,#3379,#3380,#3381));
#3378 = ORIENTED_EDGE('',*,*,#2958,.T.);
#3379 = ORIENTED_EDGE('',*,*,#1245,.T.);
#3380 = ORIENTED_EDGE('',*,*,#2980,.F.);
#3381 = ORIENTED_EDGE('',*,*,#1818,.F.);
#3382 = PLANE('',#3383);
#3383 = AXIS2_PLACEMENT_3D('',#3384,#3385,#3386);
#3384 = CARTESIAN_POINT('',(104.6,36.9,15.4));
#3385 = DIRECTION('',(-0.,-0.,-1.));
#3386 = DIRECTION('',(-1.,0.,0.));
#3387 = ( GEOMETRIC_REPRESENTATION_CONTEXT(3) 
GLOBAL_UNCERTAINTY_ASSIGNED_CONTEXT((#3391)) 
GLOBAL_UNIT_ASSIGNED_CONTEXT((#3388,#3389,#3390)) REPRESENTATION_CONTEXT
('Context #1','3D Context with UNIT and UNCERTAINTY') );
#3388 = ( LENGTH_UNIT() NAMED_UNIT(*) SI_UNIT(.MILLI.,.METRE.) );
#3389 = ( NAMED_UNIT(*) PLANE_ANGLE_UNIT() SI_UNIT($,.RADIAN.) );
#3390 = ( NAMED_UNIT(*) SI_UNIT($,.STERADIAN.) SOLID_ANGLE_UNIT() );
#3391 = UNCERTAINTY_MEASURE_WITH_UNIT(LENGTH_MEASURE(2.E-07),#3388,
  'distance_accuracy_value','confusion accuracy');
#3392 = PRODUCT_RELATED_PRODUCT_CATEGORY('part',$,(#7));
ENDSEC;
END-ISO-10303-21;
