ISO-10303-21;
HEADER;
FILE_DESCRIPTION(('FreeCAD Model'),'2;1');
FILE_NAME('Open CASCADE Shape Model','2026-10-05T06:31:26',('FreeCAD'),(
    'FreeCAD'),'Open CASCADE STEP processor 7.8','FreeCAD','Unknown');
FILE_SCHEMA(('AUTOMOTIVE_DESIGN { 1 0 10303 214 1 1 1 1 }'));
ENDSEC;
DATA;
#1 = APPLICATION_PROTOCOL_DEFINITION('international standard',
  'automotive_design',2000,#2);
#2 = APPLICATION_CONTEXT(
  'core data for automotive mechanical design processes');
#3 = SHAPE_DEFINITION_REPRESENTATION(#4,#10);
#4 = PRODUCT_DEFINITION_SHAPE('','',#5);
#5 = PRODUCT_DEFINITION('design','',#6,#9);
#6 = PRODUCT_DEFINITION_FORMATION('','',#7);
#7 = PRODUCT('Open CASCADE STEP translator 7.8 1',
  'Open CASCADE STEP translator 7.8 1','',(#8));
#8 = PRODUCT_CONTEXT('',#2,'mechanical');
#9 = PRODUCT_DEFINITION_CONTEXT('part definition',#2,'design');
#10 = ADVANCED_BREP_SHAPE_REPRESENTATION('',(#11,#15),#3906);
#11 = AXIS2_PLACEMENT_3D('',#12,#13,#14);
#12 = CARTESIAN_POINT('',(0.,0.,0.));
#13 = DIRECTION('',(0.,0.,1.));
#14 = DIRECTION('',(1.,0.,-0.));
#15 = MANIFOLD_SOLID_BREP('',#16);
#16 = CLOSED_SHELL('',(#17,#50,#214,#239,#257,#379,#748,#768,#1204,#1253
    ,#1277,#1308,#1410,#1504,#1528,#1552,#1577,#1625,#1649,#1666,#1690,
    #1714,#1734,#1745,#1762,#1773,#1793,#1810,#1830,#1850,#2131,#2142,
    #2162,#2182,#2202,#2219,#2236,#2253,#2270,#2347,#2394,#2418,#2442,
    #2466,#2490,#2507,#2524,#2548,#2583,#2607,#2647,#2664,#2688,#2712,
    #2729,#2754,#2779,#2804,#2821,#2838,#2855,#2867,#2879,#2891,#2903,
    #2928,#2940,#2960,#3129,#3149,#3169,#3273,#3315,#3638,#3648,#3666,
    #3691,#3708,#3718,#3727,#3770,#3813,#3829,#3870,#3885,#3896));
#17 = ADVANCED_FACE('',(#18),#45,.F.);
#18 = FACE_BOUND('',#19,.F.);
#19 = EDGE_LOOP('',(#20,#31,#39));
#20 = ORIENTED_EDGE('',*,*,#21,.T.);
#21 = EDGE_CURVE('',#22,#24,#26,.T.);
#22 = VERTEX_POINT('',#23);
#23 = CARTESIAN_POINT('',(18.4,45.,54.5));
#24 = VERTEX_POINT('',#25);
#25 = CARTESIAN_POINT('',(20.,43.4,54.5));
#26 = CIRCLE('',#27,1.6);
#27 = AXIS2_PLACEMENT_3D('',#28,#29,#30);
#28 = CARTESIAN_POINT('',(20.,45.,54.5));
#29 = DIRECTION('',(0.,0.,1.));
#30 = DIRECTION('',(1.,0.,-0.));
#31 = ORIENTED_EDGE('',*,*,#32,.T.);
#32 = EDGE_CURVE('',#24,#33,#35,.T.);
#33 = VERTEX_POINT('',#34);
#34 = CARTESIAN_POINT('',(20.,45.,54.5));
#35 = LINE('',#36,#37);
#36 = CARTESIAN_POINT('',(20.,45.,54.5));
#37 = VECTOR('',#38,1.);
#38 = DIRECTION('',(0.,1.,0.));
#39 = ORIENTED_EDGE('',*,*,#40,.T.);
#40 = EDGE_CURVE('',#33,#22,#41,.T.);
#41 = LINE('',#42,#43);
#42 = CARTESIAN_POINT('',(20.,45.,54.5));
#43 = VECTOR('',#44,1.);
#44 = DIRECTION('',(-1.,0.,0.));
#45 = PLANE('',#46);
#46 = AXIS2_PLACEMENT_3D('',#47,#48,#49);
#47 = CARTESIAN_POINT('',(20.,45.,54.5));
#48 = DIRECTION('',(0.,0.,1.));
#49 = DIRECTION('',(1.,0.,-0.));
#50 = ADVANCED_FACE('',(#51),#209,.F.);
#51 = FACE_BOUND('',#52,.F.);
#52 = EDGE_LOOP('',(#53,#117,#149,#156,#163,#164,#196,#202,#203));
#53 = ORIENTED_EDGE('',*,*,#54,.F.);
#54 = EDGE_CURVE('',#55,#57,#59,.T.);
#55 = VERTEX_POINT('',#56);
#56 = CARTESIAN_POINT('',(21.131370848877,46.131370847392,
    52.850757749052));
#57 = VERTEX_POINT('',#58);
#58 = CARTESIAN_POINT('',(18.4,45.,53.3));
#59 = B_SPLINE_CURVE_WITH_KNOTS('',6,(#60,#61,#62,#63,#64,#65,#66,#67,
    #68,#69,#70,#71,#72,#73,#74,#75,#76,#77,#78,#79,#80,#81,#82,#83,#84,
    #85,#86,#87,#88,#89,#90,#91,#92,#93,#94,#95,#96,#97,#98,#99,#100,
    #101,#102,#103,#104,#105,#106,#107,#108,#109,#110,#111,#112,#113,
    #114,#115,#116),.UNSPECIFIED.,.F.,.F.,(7,5,5,5,5,5,5,5,5,5,5,7),(0.,
    8.834175786012E-02,0.213486833466,0.329076737183,0.38064175785,
    0.448810634231,0.551235613001,0.61831403982,0.669541198992,
    0.787335815125,0.912628588599,1.),.UNSPECIFIED.);
#60 = CARTESIAN_POINT('',(21.6,45.,53.3));
#61 = CARTESIAN_POINT('',(21.6,45.072649687101,53.3));
#62 = CARTESIAN_POINT('',(21.596041548545,45.144944585068,
    53.294722179572));
#63 = CARTESIAN_POINT('',(21.588196924709,45.216611810588,
    53.284262152539));
#64 = CARTESIAN_POINT('',(21.576564417128,45.287329371622,
    53.269025401522));
#65 = CARTESIAN_POINT('',(21.561304426113,45.35663455245,53.249731730403
    ));
#66 = CARTESIAN_POINT('',(21.51667632203,45.519081126927,53.195629216116
    ));
#67 = CARTESIAN_POINT('',(21.483899807933,45.610776496265,
    53.157487454778));
#68 = CARTESIAN_POINT('',(21.444958101553,45.699040798712,
    53.114801845804));
#69 = CARTESIAN_POINT('',(21.400057429131,45.78388150288,53.069190529464
    ));
#70 = CARTESIAN_POINT('',(21.349303130133,45.865261864127,
    53.021849787744));
#71 = CARTESIAN_POINT('',(21.239968348435,46.015091137196,52.92926426034
    ));
#72 = CARTESIAN_POINT('',(21.182284097133,46.084048613903,
    52.884137378034));
#73 = CARTESIAN_POINT('',(21.119274094363,46.149936906444,
    52.839112353326));
#74 = CARTESIAN_POINT('',(21.050708522681,46.212505221895,
    52.794876523608));
#75 = CARTESIAN_POINT('',(20.976313258822,46.271315867009,
    52.752169218006));
#76 = CARTESIAN_POINT('',(20.859950275534,46.349949069517,
    52.693872237921));
#77 = CARTESIAN_POINT('',(20.822843213654,46.373325508246,
    52.676363615846));
#78 = CARTESIAN_POINT('',(20.784518396233,46.395750714827,
    52.659414620785));
#79 = CARTESIAN_POINT('',(20.74497282556,46.41714804526,52.643112930707)
  );
#80 = CARTESIAN_POINT('',(20.70420759754,46.437434608951,52.627549477919
    ));
#81 = CARTESIAN_POINT('',(20.606730809684,46.48175380296,52.593344052027
    ));
#82 = CARTESIAN_POINT('',(20.549052013698,46.504916216816,
    52.575303629728));
#83 = CARTESIAN_POINT('',(20.489340538483,46.525728158458,
    52.558971761658));
#84 = CARTESIAN_POINT('',(20.427766838094,46.543936936717,52.54459937854
    ));
#85 = CARTESIAN_POINT('',(20.364520859027,46.559315364325,
    52.532410538883));
#86 = CARTESIAN_POINT('',(20.202581013911,46.590207041926,52.50785749843
    ));
#87 = CARTESIAN_POINT('',(20.102120132382,46.601890368176,
    52.498494569725));
#88 = CARTESIAN_POINT('',(19.999999739948,46.60587431263,52.495283684965
    ));
#89 = CARTESIAN_POINT('',(19.897879611477,46.601890286585,
    52.498494634687));
#90 = CARTESIAN_POINT('',(19.79741919851,46.590207082448,52.507857466223
    ));
#91 = CARTESIAN_POINT('',(19.636514134296,46.55951279986,52.532253614978
    ));
#92 = CARTESIAN_POINT('',(19.574248351753,46.544426504049,
    52.544211348385));
#93 = CARTESIAN_POINT('',(19.513594549576,46.526594179307,
    52.558288181772));
#94 = CARTESIAN_POINT('',(19.454738327069,46.506232589802,
    52.574270510522));
#95 = CARTESIAN_POINT('',(19.397846956639,46.483583817589,
    52.591918393744));
#96 = CARTESIAN_POINT('',(19.30123287402,46.440079682253,52.625517059615
    ));
#97 = CARTESIAN_POINT('',(19.260595378036,46.420049692685,
    52.640895457653));
#98 = CARTESIAN_POINT('',(19.221161022939,46.398915234804,
    52.657011110542));
#99 = CARTESIAN_POINT('',(19.182931807497,46.376758293986,
    52.673774406998));
#100 = CARTESIAN_POINT('',(19.145905676494,46.353654919377,
    52.691098806637));
#101 = CARTESIAN_POINT('',(19.027688941215,46.274534961001,
    52.749835838464));
#102 = CARTESIAN_POINT('',(18.951618478728,46.214752838264,
    52.793302440128));
#103 = CARTESIAN_POINT('',(18.881612040692,46.151055246656,
    52.838379023736));
#104 = CARTESIAN_POINT('',(18.817378565987,46.083909259966,
    52.884281964909));
#105 = CARTESIAN_POINT('',(18.758674100541,46.013580083609,
    52.930285445923));
#106 = CARTESIAN_POINT('',(18.648637678408,45.862053450442,
    53.023735628104));
#107 = CARTESIAN_POINT('',(18.598013380722,45.780450435954,
    53.071087866623));
#108 = CARTESIAN_POINT('',(18.553257400082,45.695376457803,
    53.116676806146));
#109 = CARTESIAN_POINT('',(18.51448176182,45.606871075661,
    53.159292247067));
#110 = CARTESIAN_POINT('',(18.481896503665,45.514928535543,
    53.197300049618));
#111 = CARTESIAN_POINT('',(18.437870646818,45.352863123874,
    53.250775549212));
#112 = CARTESIAN_POINT('',(18.422932596715,45.284254551645,
    53.269684235977));
#113 = CARTESIAN_POINT('',(18.411547844916,45.214271898295,
    53.284602488499));
#114 = CARTESIAN_POINT('',(18.403871968355,45.143365583905,
    53.294837482167));
#115 = CARTESIAN_POINT('',(18.399999973056,45.071851569088,
    53.300000035926));
#116 = CARTESIAN_POINT('',(18.4,44.9999994,53.3));
#117 = ORIENTED_EDGE('',*,*,#118,.F.);
#118 = EDGE_CURVE('',#119,#55,#121,.T.);
#119 = VERTEX_POINT('',#120);
#120 = CARTESIAN_POINT('',(21.6,45.,52.5));
#121 = B_SPLINE_CURVE_WITH_KNOTS('',6,(#122,#123,#124,#125,#126,#127,
    #128,#129,#130,#131,#132,#133,#134,#135,#136,#137,#138,#139,#140,
    #141,#142,#143,#144,#145,#146,#147,#148),.UNSPECIFIED.,.F.,.F.,(7,5,
    5,5,5,7),(0.,0.236159196948,0.338682252339,0.574429542199,
    0.84598676542,1.),.UNSPECIFIED.);
#122 = CARTESIAN_POINT('',(21.6,45.,52.5));
#123 = CARTESIAN_POINT('',(21.6,45.117389827271,52.5));
#124 = CARTESIAN_POINT('',(21.589664665127,45.233840204454,
    52.508268513876));
#125 = CARTESIAN_POINT('',(21.569304516753,45.347615532454,
    52.524555510115));
#126 = CARTESIAN_POINT('',(21.539742541088,45.457033645028,
    52.548063578818));
#127 = CARTESIAN_POINT('',(21.502309203694,45.560567663342,
    52.577456596349));
#128 = CARTESIAN_POINT('',(21.440079682274,45.698767125933,
    52.625517059598));
#129 = CARTESIAN_POINT('',(21.420049692677,45.739404621971,
    52.640895457659));
#130 = CARTESIAN_POINT('',(21.398915234781,45.778838977103,
    52.65701111056));
#131 = CARTESIAN_POINT('',(21.376758293981,45.817068192518,
    52.673774407002));
#132 = CARTESIAN_POINT('',(21.353654919402,45.854094323468,
    52.691098806619));
#133 = CARTESIAN_POINT('',(21.274534961001,45.972311058785,
    52.749835838464));
#134 = CARTESIAN_POINT('',(21.214752838264,46.048381521272,
    52.793302440128));
#135 = CARTESIAN_POINT('',(21.151055246656,46.118387959308,
    52.838379023736));
#136 = CARTESIAN_POINT('',(21.083909259966,46.182621434013,
    52.884281964909));
#137 = CARTESIAN_POINT('',(21.013580083609,46.241325899459,
    52.930285445923));
#138 = CARTESIAN_POINT('',(20.85557392968,46.356067654686,
    53.027731707097));
#139 = CARTESIAN_POINT('',(20.766832724765,46.410382072723,
    53.078971786381));
#140 = CARTESIAN_POINT('',(20.674024492959,46.457819829447,
    53.128045824077));
#141 = CARTESIAN_POINT('',(20.577180750617,46.498208520499,
    53.173390173276));
#142 = CARTESIAN_POINT('',(20.476382504828,46.531243124279,
    53.212799436767));
#143 = CARTESIAN_POINT('',(20.311882321837,46.570501630818,
    53.261437801895));
#144 = CARTESIAN_POINT('',(20.250906563113,46.582165318641,
    53.276376998312));
#145 = CARTESIAN_POINT('',(20.188937235084,46.591033859895,
    53.288044985764));
#146 = CARTESIAN_POINT('',(20.126301173727,46.596999863047,
    53.295999862209));
#147 = CARTESIAN_POINT('',(20.063246996111,46.600000023718,
    53.300000031624));
#148 = CARTESIAN_POINT('',(19.9999994,46.6,53.3));
#149 = ORIENTED_EDGE('',*,*,#150,.F.);
#150 = EDGE_CURVE('',#151,#119,#153,.T.);
#151 = VERTEX_POINT('',#152);
#152 = CARTESIAN_POINT('',(21.6,45.,36.5));
#153 = B_SPLINE_CURVE_WITH_KNOTS('',1,(#154,#155),.UNSPECIFIED.,.F.,.F.,
  (2,2),(0.,16.),.PIECEWISE_BEZIER_KNOTS.);
#154 = CARTESIAN_POINT('',(21.6,45.,36.5));
#155 = CARTESIAN_POINT('',(21.6,45.,52.5));
#156 = ORIENTED_EDGE('',*,*,#157,.T.);
#157 = EDGE_CURVE('',#151,#151,#158,.T.);
#158 = CIRCLE('',#159,1.6);
#159 = AXIS2_PLACEMENT_3D('',#160,#161,#162);
#160 = CARTESIAN_POINT('',(20.,45.,36.5));
#161 = DIRECTION('',(0.,0.,1.));
#162 = DIRECTION('',(1.,0.,-0.));
#163 = ORIENTED_EDGE('',*,*,#150,.T.);
#164 = ORIENTED_EDGE('',*,*,#165,.F.);
#165 = EDGE_CURVE('',#166,#119,#168,.T.);
#166 = VERTEX_POINT('',#167);
#167 = CARTESIAN_POINT('',(20.,43.4,53.3));
#168 = B_SPLINE_CURVE_WITH_KNOTS('',6,(#169,#170,#171,#172,#173,#174,
    #175,#176,#177,#178,#179,#180,#181,#182,#183,#184,#185,#186,#187,
    #188,#189,#190,#191,#192,#193,#194,#195),.UNSPECIFIED.,.F.,.F.,(7,5,
    5,5,5,7),(0.,0.176780903807,0.42720867184,0.65851558867,
    0.761702317686,1.),.UNSPECIFIED.);
#169 = CARTESIAN_POINT('',(19.9999994,43.4,53.3));
#170 = CARTESIAN_POINT('',(20.072649187727,43.399999972756,
    53.300000036325));
#171 = CARTESIAN_POINT('',(20.14494418866,43.403958408067,
    53.294722237425));
#172 = CARTESIAN_POINT('',(20.216611517553,43.411803027033,
    53.284262215753));
#173 = CARTESIAN_POINT('',(20.287329180721,43.42343554079,
    53.269025454713));
#174 = CARTESIAN_POINT('',(20.356634460299,43.438695548571,
    53.249731761094));
#175 = CARTESIAN_POINT('',(20.519081126927,43.48332367797,
    53.195629216116));
#176 = CARTESIAN_POINT('',(20.610776496265,43.516100192067,
    53.157487454778));
#177 = CARTESIAN_POINT('',(20.699040798712,43.555041898447,
    53.114801845804));
#178 = CARTESIAN_POINT('',(20.78388150288,43.599942570869,
    53.069190529464));
#179 = CARTESIAN_POINT('',(20.865261864127,43.650696869867,
    53.021849787744));
#180 = CARTESIAN_POINT('',(21.015091137196,43.760031651565,
    52.92926426034));
#181 = CARTESIAN_POINT('',(21.084048613903,43.817715902867,
    52.884137378034));
#182 = CARTESIAN_POINT('',(21.149936906444,43.880725905637,
    52.839112353326));
#183 = CARTESIAN_POINT('',(21.212505221895,43.949291477319,
    52.794876523608));
#184 = CARTESIAN_POINT('',(21.271315867009,44.023686741178,
    52.752169218006));
#185 = CARTESIAN_POINT('',(21.349949065704,44.140049718823,
    52.693872240748));
#186 = CARTESIAN_POINT('',(21.373325508973,44.177156788627,
    52.676363615256));
#187 = CARTESIAN_POINT('',(21.395750718376,44.215481610127,
    52.659414618104));
#188 = CARTESIAN_POINT('',(21.417148046444,44.25502717553,
    52.643112929856));
#189 = CARTESIAN_POINT('',(21.437434605709,44.295792395329,
    52.627549480421));
#190 = CARTESIAN_POINT('',(21.500599684617,44.434719312533,
    52.578798855012));
#191 = CARTESIAN_POINT('',(21.538663908468,44.538990397824,
    52.548921240186));
#192 = CARTESIAN_POINT('',(21.568745203649,44.649280259679,
    52.525002885044));
#193 = CARTESIAN_POINT('',(21.589473764244,44.764033085987,
    52.508421259519));
#194 = CARTESIAN_POINT('',(21.6,44.881530984872,52.5));
#195 = CARTESIAN_POINT('',(21.6,45.,52.5));
#196 = ORIENTED_EDGE('',*,*,#197,.T.);
#197 = EDGE_CURVE('',#166,#24,#198,.T.);
#198 = LINE('',#199,#200);
#199 = CARTESIAN_POINT('',(20.,43.4,46.));
#200 = VECTOR('',#201,1.);
#201 = DIRECTION('',(0.,0.,1.));
#202 = ORIENTED_EDGE('',*,*,#21,.F.);
#203 = ORIENTED_EDGE('',*,*,#204,.F.);
#204 = EDGE_CURVE('',#57,#22,#205,.T.);
#205 = LINE('',#206,#207);
#206 = CARTESIAN_POINT('',(18.4,45.,46.));
#207 = VECTOR('',#208,1.);
#208 = DIRECTION('',(0.,0.,1.));
#209 = CYLINDRICAL_SURFACE('',#210,1.6);
#210 = AXIS2_PLACEMENT_3D('',#211,#212,#213);
#211 = CARTESIAN_POINT('',(20.,45.,36.5));
#212 = DIRECTION('',(0.,0.,1.));
#213 = DIRECTION('',(1.,0.,-0.));
#214 = ADVANCED_FACE('',(#215),#234,.T.);
#215 = FACE_BOUND('',#216,.T.);
#216 = EDGE_LOOP('',(#217,#226,#232,#233));
#217 = ORIENTED_EDGE('',*,*,#218,.T.);
#218 = EDGE_CURVE('',#57,#219,#221,.T.);
#219 = VERTEX_POINT('',#220);
#220 = CARTESIAN_POINT('',(20.,45.,56.5));
#221 = CIRCLE('',#222,2.);
#222 = AXIS2_PLACEMENT_3D('',#223,#224,#225);
#223 = CARTESIAN_POINT('',(20.,45.,54.5));
#224 = DIRECTION('',(0.,1.,0.));
#225 = DIRECTION('',(0.,-0.,1.));
#226 = ORIENTED_EDGE('',*,*,#227,.F.);
#227 = EDGE_CURVE('',#33,#219,#228,.T.);
#228 = LINE('',#229,#230);
#229 = CARTESIAN_POINT('',(20.,45.,54.5));
#230 = VECTOR('',#231,1.);
#231 = DIRECTION('',(0.,0.,1.));
#232 = ORIENTED_EDGE('',*,*,#40,.T.);
#233 = ORIENTED_EDGE('',*,*,#204,.F.);
#234 = PLANE('',#235);
#235 = AXIS2_PLACEMENT_3D('',#236,#237,#238);
#236 = CARTESIAN_POINT('',(20.,45.,54.5));
#237 = DIRECTION('',(0.,1.,0.));
#238 = DIRECTION('',(0.,-0.,1.));
#239 = ADVANCED_FACE('',(#240),#252,.T.);
#240 = FACE_BOUND('',#241,.T.);
#241 = EDGE_LOOP('',(#242,#243,#250,#251));
#242 = ORIENTED_EDGE('',*,*,#227,.T.);
#243 = ORIENTED_EDGE('',*,*,#244,.T.);
#244 = EDGE_CURVE('',#219,#166,#245,.T.);
#245 = CIRCLE('',#246,2.);
#246 = AXIS2_PLACEMENT_3D('',#247,#248,#249);
#247 = CARTESIAN_POINT('',(20.,45.,54.5));
#248 = DIRECTION('',(1.,0.,0.));
#249 = DIRECTION('',(-0.,0.,1.));
#250 = ORIENTED_EDGE('',*,*,#197,.T.);
#251 = ORIENTED_EDGE('',*,*,#32,.T.);
#252 = PLANE('',#253);
#253 = AXIS2_PLACEMENT_3D('',#254,#255,#256);
#254 = CARTESIAN_POINT('',(20.,45.,54.5));
#255 = DIRECTION('',(1.,0.,0.));
#256 = DIRECTION('',(-0.,0.,1.));
#257 = ADVANCED_FACE('',(#258),#374,.F.);
#258 = FACE_BOUND('',#259,.F.);
#259 = EDGE_LOOP('',(#260,#268,#277,#339,#348,#355,#356,#365,#372,#373)
  );
#260 = ORIENTED_EDGE('',*,*,#261,.T.);
#261 = EDGE_CURVE('',#219,#262,#264,.T.);
#262 = VERTEX_POINT('',#263);
#263 = CARTESIAN_POINT('',(20.,70.,56.5));
#264 = LINE('',#265,#266);
#265 = CARTESIAN_POINT('',(20.,45.,56.5));
#266 = VECTOR('',#267,1.);
#267 = DIRECTION('',(0.,1.,0.));
#268 = ORIENTED_EDGE('',*,*,#269,.F.);
#269 = EDGE_CURVE('',#270,#262,#272,.T.);
#270 = VERTEX_POINT('',#271);
#271 = CARTESIAN_POINT('',(18.4,70.,53.300000000001));
#272 = CIRCLE('',#273,2.);
#273 = AXIS2_PLACEMENT_3D('',#274,#275,#276);
#274 = CARTESIAN_POINT('',(20.,70.,54.5));
#275 = DIRECTION('',(0.,1.,0.));
#276 = DIRECTION('',(0.,-0.,1.));
#277 = ORIENTED_EDGE('',*,*,#278,.T.);
#278 = EDGE_CURVE('',#270,#279,#281,.T.);
#279 = VERTEX_POINT('',#280);
#280 = CARTESIAN_POINT('',(21.131370830617,68.868629147743,
    52.850757736526));
#281 = B_SPLINE_CURVE_WITH_KNOTS('',6,(#282,#283,#284,#285,#286,#287,
    #288,#289,#290,#291,#292,#293,#294,#295,#296,#297,#298,#299,#300,
    #301,#302,#303,#304,#305,#306,#307,#308,#309,#310,#311,#312,#313,
    #314,#315,#316,#317,#318,#319,#320,#321,#322,#323,#324,#325,#326,
    #327,#328,#329,#330,#331,#332,#333,#334,#335,#336,#337,#338),
  .UNSPECIFIED.,.F.,.F.,(7,5,5,5,5,5,5,5,5,5,5,7),(0.,8.138881118467E-02
    ,0.213484888709,0.329075113847,0.380640277901,0.448809343839,
    0.551234607423,0.618313220767,0.66954051333,0.78733541698,
    0.912628496273,1.),.UNSPECIFIED.);
#282 = CARTESIAN_POINT('',(18.4,70.0000006,53.3));
#283 = CARTESIAN_POINT('',(18.399999974914,69.933105020376,
    53.300000033448));
#284 = CARTESIAN_POINT('',(18.403356198386,69.866457374794,
    53.295525134805));
#285 = CARTESIAN_POINT('',(18.410022128058,69.800302942158,
    53.286636925295));
#286 = CARTESIAN_POINT('',(18.419921822154,69.73491899666,
    53.273633586558));
#287 = CARTESIAN_POINT('',(18.432928435815,69.670682264195,
    53.257054457761));
#288 = CARTESIAN_POINT('',(18.474381793124,69.506586875346,
    53.206114187814));
#289 = CARTESIAN_POINT('',(18.50751709941,69.409000298285,
    53.166964117971));
#290 = CARTESIAN_POINT('',(18.547582220233,69.31518433714,
    53.122417740023));
#291 = CARTESIAN_POINT('',(18.594300916242,69.22520174661,
    53.074466449995));
#292 = CARTESIAN_POINT('',(18.647540095066,69.139064090216,
    53.024522968733));
#293 = CARTESIAN_POINT('',(18.760031651565,68.984908862804,
    52.92926426034));
#294 = CARTESIAN_POINT('',(18.817715902867,68.915951386097,
    52.884137378034));
#295 = CARTESIAN_POINT('',(18.880725905637,68.850063093556,
    52.839112353326));
#296 = CARTESIAN_POINT('',(18.949291477319,68.787494778105,
    52.794876523608));
#297 = CARTESIAN_POINT('',(19.023686741178,68.728684132991,
    52.752169218006));
#298 = CARTESIAN_POINT('',(19.140049724466,68.650050930483,
    52.693872237921));
#299 = CARTESIAN_POINT('',(19.177156786347,68.626674491754,
    52.676363615846));
#300 = CARTESIAN_POINT('',(19.215481603767,68.604249285172,
    52.659414620784));
#301 = CARTESIAN_POINT('',(19.25502717444,68.58285195474,52.643112930707
    ));
#302 = CARTESIAN_POINT('',(19.29579240246,68.562565391049,
    52.627549477919));
#303 = CARTESIAN_POINT('',(19.393269190317,68.51824619704,
    52.593344052027));
#304 = CARTESIAN_POINT('',(19.450947986302,68.495083783184,
    52.575303629728));
#305 = CARTESIAN_POINT('',(19.510659461518,68.474271841542,
    52.558971761658));
#306 = CARTESIAN_POINT('',(19.572233161906,68.456063063283,
    52.54459937854));
#307 = CARTESIAN_POINT('',(19.635479140973,68.440684635675,
    52.532410538883));
#308 = CARTESIAN_POINT('',(19.797418986089,68.409792958074,
    52.50785749843));
#309 = CARTESIAN_POINT('',(19.897879867618,68.398109631824,
    52.498494569725));
#310 = CARTESIAN_POINT('',(20.000000260052,68.39412568737,
    52.495283684965));
#311 = CARTESIAN_POINT('',(20.102120388523,68.398109713415,
    52.498494634687));
#312 = CARTESIAN_POINT('',(20.20258080149,68.409792917552,
    52.507857466223));
#313 = CARTESIAN_POINT('',(20.363485865704,68.44048720014,
    52.532253614978));
#314 = CARTESIAN_POINT('',(20.425751648247,68.455573495951,
    52.544211348385));
#315 = CARTESIAN_POINT('',(20.486405450424,68.473405820693,
    52.558288181772));
#316 = CARTESIAN_POINT('',(20.545261672931,68.493767410198,
    52.574270510522));
#317 = CARTESIAN_POINT('',(20.602153043361,68.516416182411,
    52.591918393744));
#318 = CARTESIAN_POINT('',(20.698767118585,68.559920314417,
    52.625517057043));
#319 = CARTESIAN_POINT('',(20.739404623088,68.579950308527,
    52.640895458527));
#320 = CARTESIAN_POINT('',(20.77883898365,68.601084768838,
    52.657011113296));
#321 = CARTESIAN_POINT('',(20.817068194869,68.623241706762,
    52.673774407606));
#322 = CARTESIAN_POINT('',(20.854094317663,68.646345076712,
    52.691098803734));
#323 = CARTESIAN_POINT('',(20.972311058785,68.725465038999,
    52.749835838465));
#324 = CARTESIAN_POINT('',(21.048381521272,68.785247161736,
    52.793302440128));
#325 = CARTESIAN_POINT('',(21.118387959308,68.848944753345,
    52.838379023736));
#326 = CARTESIAN_POINT('',(21.182621434013,68.916090740034,
    52.884281964909));
#327 = CARTESIAN_POINT('',(21.241325899459,68.986419916391,
    52.930285445923));
#328 = CARTESIAN_POINT('',(21.351362321592,69.137946549558,
    53.023735628105));
#329 = CARTESIAN_POINT('',(21.401986619278,69.219549564046,
    53.071087866622));
#330 = CARTESIAN_POINT('',(21.446742599918,69.304623542198,
    53.116676806146));
#331 = CARTESIAN_POINT('',(21.48551823818,69.393128924338,
    53.159292247067));
#332 = CARTESIAN_POINT('',(21.518103496335,69.485071464457,
    53.197300049618));
#333 = CARTESIAN_POINT('',(21.562129328146,69.647136783967,
    53.250775518803));
#334 = CARTESIAN_POINT('',(21.577067361614,69.715745257254,
    53.269684183246));
#335 = CARTESIAN_POINT('',(21.58845210732,69.785727808407,
    53.284602425905));
#336 = CARTESIAN_POINT('',(21.596127988735,69.856634019557,
    53.294837424952));
#337 = CARTESIAN_POINT('',(21.6,69.928147931601,53.3));
#338 = CARTESIAN_POINT('',(21.6,70.,53.3));
#339 = ORIENTED_EDGE('',*,*,#340,.F.);
#340 = EDGE_CURVE('',#341,#279,#343,.T.);
#341 = VERTEX_POINT('',#342);
#342 = CARTESIAN_POINT('',(22.,68.,54.5));
#343 = ELLIPSE('',#344,2.828427124746,2.);
#344 = AXIS2_PLACEMENT_3D('',#345,#346,#347);
#345 = CARTESIAN_POINT('',(20.,70.,54.5));
#346 = DIRECTION('',(0.707106781187,0.707106781187,0.));
#347 = DIRECTION('',(0.707106781187,-0.707106781187,0.));
#348 = ORIENTED_EDGE('',*,*,#349,.F.);
#349 = EDGE_CURVE('',#262,#341,#350,.T.);
#350 = ELLIPSE('',#351,2.828427124746,2.);
#351 = AXIS2_PLACEMENT_3D('',#352,#353,#354);
#352 = CARTESIAN_POINT('',(20.,70.,54.5));
#353 = DIRECTION('',(0.707106781187,0.707106781187,0.));
#354 = DIRECTION('',(0.707106781187,-0.707106781187,0.));
#355 = ORIENTED_EDGE('',*,*,#261,.F.);
#356 = ORIENTED_EDGE('',*,*,#357,.F.);
#357 = EDGE_CURVE('',#358,#219,#360,.T.);
#358 = VERTEX_POINT('',#359);
#359 = CARTESIAN_POINT('',(22.,47.,54.5));
#360 = ELLIPSE('',#361,2.828427124746,2.);
#361 = AXIS2_PLACEMENT_3D('',#362,#363,#364);
#362 = CARTESIAN_POINT('',(20.,45.,54.5));
#363 = DIRECTION('',(0.707106781187,-0.707106781187,0.));
#364 = DIRECTION('',(0.707106781187,0.707106781187,0.));
#365 = ORIENTED_EDGE('',*,*,#366,.F.);
#366 = EDGE_CURVE('',#55,#358,#367,.T.);
#367 = ELLIPSE('',#368,2.828427124746,2.);
#368 = AXIS2_PLACEMENT_3D('',#369,#370,#371);
#369 = CARTESIAN_POINT('',(20.,45.,54.5));
#370 = DIRECTION('',(0.707106781187,-0.707106781187,0.));
#371 = DIRECTION('',(0.707106781187,0.707106781187,0.));
#372 = ORIENTED_EDGE('',*,*,#54,.T.);
#373 = ORIENTED_EDGE('',*,*,#218,.T.);
#374 = CYLINDRICAL_SURFACE('',#375,2.);
#375 = AXIS2_PLACEMENT_3D('',#376,#377,#378);
#376 = CARTESIAN_POINT('',(20.,45.,54.5));
#377 = DIRECTION('',(0.,1.,0.));
#378 = DIRECTION('',(0.,-0.,1.));
#379 = ADVANCED_FACE('',(#380,#485,#614),#743,.F.);
#380 = FACE_BOUND('',#381,.F.);
#381 = EDGE_LOOP('',(#382,#383,#384,#392,#401,#474,#481,#482,#483,#484)
  );
#382 = ORIENTED_EDGE('',*,*,#366,.T.);
#383 = ORIENTED_EDGE('',*,*,#357,.T.);
#384 = ORIENTED_EDGE('',*,*,#385,.T.);
#385 = EDGE_CURVE('',#219,#386,#388,.T.);
#386 = VERTEX_POINT('',#387);
#387 = CARTESIAN_POINT('',(77.,45.,56.5));
#388 = LINE('',#389,#390);
#389 = CARTESIAN_POINT('',(20.,45.,56.5));
#390 = VECTOR('',#391,1.);
#391 = DIRECTION('',(1.,0.,0.));
#392 = ORIENTED_EDGE('',*,*,#393,.F.);
#393 = EDGE_CURVE('',#394,#386,#396,.T.);
#394 = VERTEX_POINT('',#395);
#395 = CARTESIAN_POINT('',(75.868629150942,46.131370847791,
    52.850757749177));
#396 = ELLIPSE('',#397,2.828427124746,2.);
#397 = AXIS2_PLACEMENT_3D('',#398,#399,#400);
#398 = CARTESIAN_POINT('',(77.,45.,54.5));
#399 = DIRECTION('',(0.707106781187,0.707106781187,0.));
#400 = DIRECTION('',(0.707106781187,-0.707106781187,0.));
#401 = ORIENTED_EDGE('',*,*,#402,.T.);
#402 = EDGE_CURVE('',#394,#403,#405,.T.);
#403 = VERTEX_POINT('',#404);
#404 = CARTESIAN_POINT('',(77.,43.4,53.300000000001));
#405 = B_SPLINE_CURVE_WITH_KNOTS('',7,(#406,#407,#408,#409,#410,#411,
    #412,#413,#414,#415,#416,#417,#418,#419,#420,#421,#422,#423,#424,
    #425,#426,#427,#428,#429,#430,#431,#432,#433,#434,#435,#436,#437,
    #438,#439,#440,#441,#442,#443,#444,#445,#446,#447,#448,#449,#450,
    #451,#452,#453,#454,#455,#456,#457,#458,#459,#460,#461,#462,#463,
    #464,#465,#466,#467,#468,#469,#470,#471,#472,#473),.UNSPECIFIED.,.F.
  ,.F.,(8,6,6,6,6,6,6,6,6,6,6,8),(0.,7.448483613031E-02,0.213465960738,
    0.329063704969,0.380632215208,0.44880569322,0.551237586024,
    0.618320540884,0.669551149034,0.787353676731,0.924766304686,1.),
  .UNSPECIFIED.);
#406 = CARTESIAN_POINT('',(77.0000006,46.6,53.3));
#407 = CARTESIAN_POINT('',(76.947538591452,46.600000019673,
    53.300000026231));
#408 = CARTESIAN_POINT('',(76.895196017873,46.597993186428,
    53.297324274081));
#409 = CARTESIAN_POINT('',(76.843094250404,46.593995920606,
    53.291994502973));
#410 = CARTESIAN_POINT('',(76.791363286767,46.588036672393,
    53.284107660465));
#411 = CARTESIAN_POINT('',(76.740155367762,46.58015943239,
    53.273836977131));
#412 = CARTESIAN_POINT('',(76.689657499543,46.570437537989,
    53.261428459048));
#413 = CARTESIAN_POINT('',(76.547639007456,46.537652343006,
    53.220630445477));
#414 = CARTESIAN_POINT('',(76.458300229697,46.510289415848,
    53.187661265179));
#415 = CARTESIAN_POINT('',(76.371947119675,46.477308792292,
    53.149783852606));
#416 = CARTESIAN_POINT('',(76.288583861246,46.438940289005,
    53.108404091963));
#417 = CARTESIAN_POINT('',(76.208253180027,46.395345923149,
    53.064680661755));
#418 = CARTESIAN_POINT('',(76.130987361033,46.346566080557,
    53.019532033278));
#419 = CARTESIAN_POINT('',(75.995186169941,46.247467998598,
    52.935615021324));
#420 = CARTESIAN_POINT('',(75.935653522299,46.198765311791,
    52.897030772979));
#421 = CARTESIAN_POINT('',(75.878300933216,46.146278381264,
    52.858408792487));
#422 = CARTESIAN_POINT('',(75.823248101219,46.089888849356,
    52.82015414059));
#423 = CARTESIAN_POINT('',(75.770691736644,46.029452733007,
    52.782674436293));
#424 = CARTESIAN_POINT('',(75.720916143128,45.964818032305,
    52.746410195915));
#425 = CARTESIAN_POINT('',(75.653516258532,45.86507833718,
    52.696441358265));
#426 = CARTESIAN_POINT('',(75.633353474818,45.833445231317,
    52.681366079682));
#427 = CARTESIAN_POINT('',(75.613860085654,45.800943313373,
    52.666678474026));
#428 = CARTESIAN_POINT('',(75.595078998166,45.767570290415,
    52.652428180284));
#429 = CARTESIAN_POINT('',(75.577055793766,45.733325618812,
    52.638666230018));
#430 = CARTESIAN_POINT('',(75.559838728147,45.698210504245,
    52.625445047369));
#431 = CARTESIAN_POINT('',(75.521850844789,45.614658965685,
    52.596126108745));
#432 = CARTESIAN_POINT('',(75.501701615714,45.565531669694,
    52.580458036099));
#433 = CARTESIAN_POINT('',(75.483191245103,45.514931170718,
    52.565971133688));
#434 = CARTESIAN_POINT('',(75.466468079431,45.462951809744,
    52.552812168893));
#435 = CARTESIAN_POINT('',(75.451669226823,45.40969655836,
    52.541116852924));
#436 = CARTESIAN_POINT('',(75.438921173269,45.355276465357,
    52.531008919834));
#437 = CARTESIAN_POINT('',(75.412442592468,45.216470883829,
    52.509963456588));
#438 = CARTESIAN_POINT('',(75.401447725038,45.13082324139,
    52.501169692212));
#439 = CARTESIAN_POINT('',(75.395833092136,45.04376562242,
    52.496659778434));
#440 = CARTESIAN_POINT('',(75.395833127104,44.956233970603,
    52.496659806274));
#441 = CARTESIAN_POINT('',(75.40144777174,44.869176636343,
    52.501169729411));
#442 = CARTESIAN_POINT('',(75.412442557735,44.783529298246,
    52.509963428982));
#443 = CARTESIAN_POINT('',(75.438751942813,44.645610671761,
    52.530874413632));
#444 = CARTESIAN_POINT('',(75.451263125721,44.592038575334,
    52.540794853127));
#445 = CARTESIAN_POINT('',(75.465763395801,44.539589036234,
    52.552255253176));
#446 = CARTESIAN_POINT('',(75.482132216191,44.488370454227,
    52.565137751233));
#447 = CARTESIAN_POINT('',(75.500238487973,44.438483649803,
    52.579312762871));
#448 = CARTESIAN_POINT('',(75.519939973229,44.390021313985,
    52.594639851586));
#449 = CARTESIAN_POINT('',(75.557229229228,44.307209249518,
    52.623438705838));
#450 = CARTESIAN_POINT('',(75.574227453067,44.272206092485,
    52.636501629531));
#451 = CARTESIAN_POINT('',(75.592027142991,44.238061456591,
    52.650104404109));
#452 = CARTESIAN_POINT('',(75.610580599377,44.204777068685,
    52.664195382286));
#453 = CARTESIAN_POINT('',(75.629842669605,44.172352912905,
    52.678724235072));
#454 = CARTESIAN_POINT('',(75.649770748054,44.140787230679,
    52.693641951768));
#455 = CARTESIAN_POINT('',(75.717587858585,44.039458595431,
    52.743987981537));
#456 = CARTESIAN_POINT('',(75.768166555239,43.973352896581,
    52.780883411081));
#457 = CARTESIAN_POINT('',(75.821645785512,43.91161479985,
    52.819060487904));
#458 = CARTESIAN_POINT('',(75.877721604783,43.854083408675,
    52.85805171281));
#459 = CARTESIAN_POINT('',(75.936184790422,43.800605861574,
    52.897425816627));
#460 = CARTESIAN_POINT('',(75.996909396043,43.75105679402,
    52.936754564678));
#461 = CARTESIAN_POINT('',(76.133259993997,43.652040986429,
    53.020845314621));
#462 = CARTESIAN_POINT('',(76.209728850046,43.603928952096,
    53.065450133596));
#463 = CARTESIAN_POINT('',(76.289194040805,43.56088518946,
    53.108643045486));
#464 = CARTESIAN_POINT('',(76.371623416719,43.522957934973,
    53.149538567585));
#465 = CARTESIAN_POINT('',(76.456979690397,43.490292014819,
    53.187010434065));
#466 = CARTESIAN_POINT('',(76.545257626824,43.463118496316,
    53.219707161685));
#467 = CARTESIAN_POINT('',(76.68659499156,43.430154851191,
    53.260672649216));
#468 = CARTESIAN_POINT('',(76.73756940199,43.420240298797,
    53.273315917474));
#469 = CARTESIAN_POINT('',(76.78927306168,43.41220541908,53.28378729755)
  );
#470 = CARTESIAN_POINT('',(76.841513728527,43.406126112525,
    53.29183178799));
#471 = CARTESIAN_POINT('',(76.894135459531,43.402047797512,
    53.297269630648));
#472 = CARTESIAN_POINT('',(76.947005599475,43.399999980127,
    53.300000026497));
#473 = CARTESIAN_POINT('',(77.0000006,43.4,53.3));
#474 = ORIENTED_EDGE('',*,*,#475,.F.);
#475 = EDGE_CURVE('',#386,#403,#476,.T.);
#476 = CIRCLE('',#477,2.);
#477 = AXIS2_PLACEMENT_3D('',#478,#479,#480);
#478 = CARTESIAN_POINT('',(77.,45.,54.5));
#479 = DIRECTION('',(1.,0.,0.));
#480 = DIRECTION('',(-0.,0.,1.));
#481 = ORIENTED_EDGE('',*,*,#385,.F.);
#482 = ORIENTED_EDGE('',*,*,#244,.T.);
#483 = ORIENTED_EDGE('',*,*,#165,.T.);
#484 = ORIENTED_EDGE('',*,*,#118,.T.);
#485 = FACE_BOUND('',#486,.F.);
#486 = EDGE_LOOP('',(#487));
#487 = ORIENTED_EDGE('',*,*,#488,.T.);
#488 = EDGE_CURVE('',#489,#489,#491,.T.);
#489 = VERTEX_POINT('',#490);
#490 = CARTESIAN_POINT('',(40.6,45.,52.5));
#491 = B_SPLINE_CURVE_WITH_KNOTS('',6,(#492,#493,#494,#495,#496,#497,
    #498,#499,#500,#501,#502,#503,#504,#505,#506,#507,#508,#509,#510,
    #511,#512,#513,#514,#515,#516,#517,#518,#519,#520,#521,#522,#523,
    #524,#525,#526,#527,#528,#529,#530,#531,#532,#533,#534,#535,#536,
    #537,#538,#539,#540,#541,#542,#543,#544,#545,#546,#547,#548,#549,
    #550,#551,#552,#553,#554,#555,#556,#557,#558,#559,#560,#561,#562,
    #563,#564,#565,#566,#567,#568,#569,#570,#571,#572,#573,#574,#575,
    #576,#577,#578,#579,#580,#581,#582,#583,#584,#585,#586,#587,#588,
    #589,#590,#591,#592,#593,#594,#595,#596,#597,#598,#599,#600,#601,
    #602,#603,#604,#605,#606,#607,#608,#609,#610,#611,#612,#613),
  .UNSPECIFIED.,.T.,.F.,(7,5,5,5,5,5,5,5,5,5,5,5,5,5,5,5,5,5,5,5,5,5,5,5
    ,7),(0.,5.993216510763E-02,8.610144050881E-02,0.143626535259,
    0.205479842302,0.221808193492,0.24999285663,0.277975934523,
    0.294258278136,0.356750779599,0.413865828051,0.439932855386,
    0.499991098541,0.559925415161,0.586095625432,0.64362276602,
    0.705478272831,0.721807201769,0.749992856997,0.777976919884,
    0.794259839877,0.85675456582,0.913871647336,0.939939605343,1.),
  .UNSPECIFIED.);
#492 = CARTESIAN_POINT('',(40.6,45.,52.5));
#493 = CARTESIAN_POINT('',(40.6,45.119251987719,52.5));
#494 = CARTESIAN_POINT('',(40.589334164133,45.237559126617,
    52.508532919075));
#495 = CARTESIAN_POINT('',(40.568319767772,45.353091873893,
    52.525343252024));
#496 = CARTESIAN_POINT('',(40.537826020871,45.464076781674,
    52.54958762473));
#497 = CARTESIAN_POINT('',(40.499268025674,45.568908022295,
    52.579843776823));
#498 = CARTESIAN_POINT('',(40.435224939238,45.708741517143,
    52.629246888983));
#499 = CARTESIAN_POINT('',(40.414530843316,45.749989741946,
    52.645112771195));
#500 = CARTESIAN_POINT('',(40.392700286759,45.789981386106,
    52.661731068425));
#501 = CARTESIAN_POINT('',(40.369819180109,45.828716235123,
    52.679007208613));
#502 = CARTESIAN_POINT('',(40.345966669989,45.866198316841,
    52.696850160382));
#503 = CARTESIAN_POINT('',(40.26680651915,45.982093074058,
    52.755448308258));
#504 = CARTESIAN_POINT('',(40.2080448729,46.055749261633,52.798046777908
    ));
#505 = CARTESIAN_POINT('',(40.145587201578,46.123646057947,
    52.842120483456));
#506 = CARTESIAN_POINT('',(40.079856287527,46.186053902787,
    52.886944518314));
#507 = CARTESIAN_POINT('',(40.011092842293,46.243197319446,
    52.931841886021));
#508 = CARTESIAN_POINT('',(39.862267567348,46.3511359679,53.023579132929
    ));
#509 = CARTESIAN_POINT('',(39.781748672499,46.401127761046,
    53.070309496068));
#510 = CARTESIAN_POINT('',(39.697850735369,46.445400192542,
    53.115326199518));
#511 = CARTESIAN_POINT('',(39.610608236197,46.483850995545,
    53.157469426914));
#512 = CARTESIAN_POINT('',(39.520013586085,46.516279779251,
    53.195178177866));
#513 = CARTESIAN_POINT('',(39.40114635442,46.549111012393,
    53.234942271208));
#514 = CARTESIAN_POINT('',(39.376089198786,46.555515564672,
    53.242808780937));
#515 = CARTESIAN_POINT('',(39.350814820361,46.561456533605,
    53.250198841457));
#516 = CARTESIAN_POINT('',(39.325335366255,46.566923569413,
    53.257076408982));
#517 = CARTESIAN_POINT('',(39.299660789265,46.571907258151,
    53.26340756708));
#518 = CARTESIAN_POINT('',(39.229158081779,46.584152608847,
    53.279090814571));
#519 = CARTESIAN_POINT('',(39.183918756548,46.590447283534,
    53.287307894997));
#520 = CARTESIAN_POINT('',(39.138246185362,46.59521062443,
    53.293613352935));
#521 = CARTESIAN_POINT('',(39.092286866609,46.598401317797,53.2978688663
    ));
#522 = CARTESIAN_POINT('',(39.046168499554,46.6,53.3));
#523 = CARTESIAN_POINT('',(38.954161711534,46.6,53.3));
#524 = CARTESIAN_POINT('',(38.908371900078,46.598424105569,
    53.297899233167));
#525 = CARTESIAN_POINT('',(38.862737795403,46.595278720652,
    53.293704179124));
#526 = CARTESIAN_POINT('',(38.817384811983,46.590582735314,
    53.287487222632));
#527 = CARTESIAN_POINT('',(38.772456555983,46.58437641758,
    53.279383010433));
#528 = CARTESIAN_POINT('',(38.702313982697,46.572281308327,
    53.263883587612));
#529 = CARTESIAN_POINT('',(38.676698623386,46.567342731693,
    53.257605764552));
#530 = CARTESIAN_POINT('',(38.651276580004,46.561922974889,
    53.25078277816));
#531 = CARTESIAN_POINT('',(38.626057863189,46.556031380257,
    53.243448219249));
#532 = CARTESIAN_POINT('',(38.601054668516,46.549678232962,
    53.235637830215));
#533 = CARTESIAN_POINT('',(38.481200163117,46.516762673428,
    53.195731993945));
#534 = CARTESIAN_POINT('',(38.389638042767,46.484055035478,53.1576655895
    ));
#535 = CARTESIAN_POINT('',(38.301496241369,46.445200345292,
    53.115064787315));
#536 = CARTESIAN_POINT('',(38.216767430539,46.400404370048,
    53.06954103019));
#537 = CARTESIAN_POINT('',(38.135488285977,46.349772659949,
    53.022286703064));
#538 = CARTESIAN_POINT('',(37.986586786642,46.241263152799,
    52.930325183986));
#539 = CARTESIAN_POINT('',(37.918395280614,46.18438644221,
    52.885750560662));
#540 = CARTESIAN_POINT('',(37.853197787985,46.122315534901,
    52.841261512902));
#541 = CARTESIAN_POINT('',(37.791232324156,46.054829920863,
    52.797521267998));
#542 = CARTESIAN_POINT('',(37.732914416576,45.981665259531,
    52.755240331455));
#543 = CARTESIAN_POINT('',(37.654229260746,45.866493928853,
    52.696995834761));
#544 = CARTESIAN_POINT('',(37.630463498759,45.829167929374,
    52.679219098486));
#545 = CARTESIAN_POINT('',(37.607661118951,45.790599161804,
    52.662004207519));
#546 = CARTESIAN_POINT('',(37.58590016414,45.750783416768,
    52.645441004803));
#547 = CARTESIAN_POINT('',(37.565265389254,45.709720644348,
    52.629622854791));
#548 = CARTESIAN_POINT('',(37.501111338518,45.569942948553,
    52.580141560424));
#549 = CARTESIAN_POINT('',(37.462413832616,45.464949045753,52.5497782722
    ));
#550 = CARTESIAN_POINT('',(37.431806370479,45.353777558425,
    52.525444136933));
#551 = CARTESIAN_POINT('',(37.410709985094,45.238035375292,
    52.508568247745));
#552 = CARTESIAN_POINT('',(37.4,45.119498565748,52.5));
#553 = CARTESIAN_POINT('',(37.4,44.880748012282,52.5));
#554 = CARTESIAN_POINT('',(37.410665835867,44.762440873382,
    52.508532919075));
#555 = CARTESIAN_POINT('',(37.431680232229,44.646908126105,
    52.525343252024));
#556 = CARTESIAN_POINT('',(37.462173979129,44.535923218326,
    52.54958762473));
#557 = CARTESIAN_POINT('',(37.500731974325,44.431091977706,
    52.579843776822));
#558 = CARTESIAN_POINT('',(37.564775057353,44.2912584903,52.629246886354
    ));
#559 = CARTESIAN_POINT('',(37.585469157904,44.250010257011,
    52.645112772068));
#560 = CARTESIAN_POINT('',(37.607299716953,44.210018607367,
    52.661731071223));
#561 = CARTESIAN_POINT('',(37.630180820676,44.171283762508,
    52.679007209249));
#562 = CARTESIAN_POINT('',(37.654033326059,44.133801688945,
    52.696850157456));
#563 = CARTESIAN_POINT('',(37.73319348085,44.017906925942,
    52.755448308258));
#564 = CARTESIAN_POINT('',(37.7919551271,43.944250738367,52.798046777908
    ));
#565 = CARTESIAN_POINT('',(37.854412798422,43.876353942053,
    52.842120483456));
#566 = CARTESIAN_POINT('',(37.920143712473,43.813946097213,
    52.886944518314));
#567 = CARTESIAN_POINT('',(37.988907157708,43.756802680554,
    52.931841886021));
#568 = CARTESIAN_POINT('',(38.137732432652,43.6488640321,53.023579132928
    ));
#569 = CARTESIAN_POINT('',(38.2182513275,43.598872238954,53.070309496068
    ));
#570 = CARTESIAN_POINT('',(38.302149264632,43.554599807458,
    53.115326199518));
#571 = CARTESIAN_POINT('',(38.389391763802,43.516149004455,
    53.157469426914));
#572 = CARTESIAN_POINT('',(38.479986413915,43.483720220749,
    53.195178177866));
#573 = CARTESIAN_POINT('',(38.598853641083,43.450888988849,
    53.234942269704));
#574 = CARTESIAN_POINT('',(38.623910802548,43.444484435219,53.2428087811
    ));
#575 = CARTESIAN_POINT('',(38.649185184265,43.438543465361,
    53.25019884274));
#576 = CARTESIAN_POINT('',(38.674664634882,43.433076430143,
    53.257076409505));
#577 = CARTESIAN_POINT('',(38.70033920599,43.428092742673,
    53.263407566025));
#578 = CARTESIAN_POINT('',(38.770841918221,43.415847391153,
    53.279090814571));
#579 = CARTESIAN_POINT('',(38.816081243452,43.409552716466,
    53.287307894997));
#580 = CARTESIAN_POINT('',(38.861753814638,43.40478937557,
    53.293613352935));
#581 = CARTESIAN_POINT('',(38.907713133391,43.401598682203,53.2978688663
    ));
#582 = CARTESIAN_POINT('',(38.953831500446,43.4,53.3));
#583 = CARTESIAN_POINT('',(39.045838288465,43.4,53.3));
#584 = CARTESIAN_POINT('',(39.091628099922,43.401575894431,
    53.297899233167));
#585 = CARTESIAN_POINT('',(39.137262204598,43.404721279348,
    53.293704179124));
#586 = CARTESIAN_POINT('',(39.182615188017,43.409417264686,
    53.287487222632));
#587 = CARTESIAN_POINT('',(39.227543444016,43.41562358242,
    53.279383010433));
#588 = CARTESIAN_POINT('',(39.297686022448,43.427718692561,
    53.263883586475));
#589 = CARTESIAN_POINT('',(39.32330137538,43.432657267828,
    53.257605765118));
#590 = CARTESIAN_POINT('',(39.348723414978,43.438077023996,
    53.250782779544));
#591 = CARTESIAN_POINT('',(39.373942135364,43.443968619626,
    53.243448219425));
#592 = CARTESIAN_POINT('',(39.398945336362,43.450321768378,
    53.235637828591));
#593 = CARTESIAN_POINT('',(39.518799836883,43.483237326572,
    53.195731993945));
#594 = CARTESIAN_POINT('',(39.610361957233,43.515944964522,
    53.157665589501));
#595 = CARTESIAN_POINT('',(39.698503758631,43.554799654708,
    53.115064787315));
#596 = CARTESIAN_POINT('',(39.783232569461,43.599595629952,
    53.06954103019));
#597 = CARTESIAN_POINT('',(39.864511714023,43.650227340051,
    53.022286703064));
#598 = CARTESIAN_POINT('',(40.013413213358,43.758736847201,
    52.930325183986));
#599 = CARTESIAN_POINT('',(40.081604719386,43.815613557791,
    52.885750560662));
#600 = CARTESIAN_POINT('',(40.146802212015,43.877684465099,
    52.841261512902));
#601 = CARTESIAN_POINT('',(40.208767675844,43.945170079137,
    52.797521267998));
#602 = CARTESIAN_POINT('',(40.267085583424,44.018334740468,
    52.755240331455));
#603 = CARTESIAN_POINT('',(40.345770741894,44.133506075011,
    52.696995832807));
#604 = CARTESIAN_POINT('',(40.369536500671,44.170832068936,
    52.679219098946));
#605 = CARTESIAN_POINT('',(40.392338878554,44.209400833787,52.6620042094
    ));
#606 = CARTESIAN_POINT('',(40.414099835141,44.249216582728,
    52.645441005312));
#607 = CARTESIAN_POINT('',(40.434734613199,44.290279360998,
    52.629622852898));
#608 = CARTESIAN_POINT('',(40.498888661222,44.430057050881,
    52.580141560624));
#609 = CARTESIAN_POINT('',(40.537586167585,44.535050954445,
    52.54977827205));
#610 = CARTESIAN_POINT('',(40.568193629655,44.646222442218,
    52.525444136821));
#611 = CARTESIAN_POINT('',(40.58929001479,44.761964624848,52.50856824784
    ));
#612 = CARTESIAN_POINT('',(40.6,44.880501433596,52.5));
#613 = CARTESIAN_POINT('',(40.6,45.,52.5));
#614 = FACE_BOUND('',#615,.F.);
#615 = EDGE_LOOP('',(#616));
#616 = ORIENTED_EDGE('',*,*,#617,.T.);
#617 = EDGE_CURVE('',#618,#618,#620,.T.);
#618 = VERTEX_POINT('',#619);
#619 = CARTESIAN_POINT('',(59.6,45.,52.5));
#620 = B_SPLINE_CURVE_WITH_KNOTS('',6,(#621,#622,#623,#624,#625,#626,
    #627,#628,#629,#630,#631,#632,#633,#634,#635,#636,#637,#638,#639,
    #640,#641,#642,#643,#644,#645,#646,#647,#648,#649,#650,#651,#652,
    #653,#654,#655,#656,#657,#658,#659,#660,#661,#662,#663,#664,#665,
    #666,#667,#668,#669,#670,#671,#672,#673,#674,#675,#676,#677,#678,
    #679,#680,#681,#682,#683,#684,#685,#686,#687,#688,#689,#690,#691,
    #692,#693,#694,#695,#696,#697,#698,#699,#700,#701,#702,#703,#704,
    #705,#706,#707,#708,#709,#710,#711,#712,#713,#714,#715,#716,#717,
    #718,#719,#720,#721,#722,#723,#724,#725,#726,#727,#728,#729,#730,
    #731,#732,#733,#734,#735,#736,#737,#738,#739,#740,#741,#742),
  .UNSPECIFIED.,.T.,.F.,(7,5,5,5,5,5,5,5,5,5,5,5,5,5,5,5,5,5,5,5,5,5,5,5
    ,7),(0.,5.993217561229E-02,8.610145101705E-02,0.14362653659,
    0.205479833764,0.221808182349,0.249992840985,0.277975914352,
    0.294258255303,0.356750746545,0.413865785656,0.439932808726,
    0.499991041702,0.559925347833,0.586095558091,0.643622707804,
    0.705478224426,0.721807158912,0.749992828882,0.77797690635,
    0.794259831552,0.85675456518,0.913871653719,0.939939612114,1.),
  .UNSPECIFIED.);
#621 = CARTESIAN_POINT('',(59.6,45.,52.5));
#622 = CARTESIAN_POINT('',(59.6,45.119251987719,52.5));
#623 = CARTESIAN_POINT('',(59.589334164133,45.237559126617,
    52.508532919075));
#624 = CARTESIAN_POINT('',(59.568319767772,45.353091873894,
    52.525343252024));
#625 = CARTESIAN_POINT('',(59.537826020871,45.464076781674,
    52.54958762473));
#626 = CARTESIAN_POINT('',(59.499268025674,45.568908022295,
    52.579843776823));
#627 = CARTESIAN_POINT('',(59.435224942647,45.7087415097,52.629246886354
    ));
#628 = CARTESIAN_POINT('',(59.414530842096,45.749989742989,
    52.645112772068));
#629 = CARTESIAN_POINT('',(59.392700283047,45.789981392633,
    52.661731071223));
#630 = CARTESIAN_POINT('',(59.369819179324,45.828716237492,
    52.679007209249));
#631 = CARTESIAN_POINT('',(59.345966673941,45.866198311055,
    52.696850157456));
#632 = CARTESIAN_POINT('',(59.26680651915,45.982093074058,
    52.755448308258));
#633 = CARTESIAN_POINT('',(59.2080448729,46.055749261633,52.798046777908
    ));
#634 = CARTESIAN_POINT('',(59.145587201578,46.123646057947,
    52.842120483456));
#635 = CARTESIAN_POINT('',(59.079856287527,46.186053902787,
    52.886944518314));
#636 = CARTESIAN_POINT('',(59.011092842292,46.243197319446,
    52.931841886021));
#637 = CARTESIAN_POINT('',(58.862267567348,46.3511359679,53.023579132929
    ));
#638 = CARTESIAN_POINT('',(58.781748672499,46.401127761046,
    53.070309496068));
#639 = CARTESIAN_POINT('',(58.697850735369,46.445400192542,
    53.115326199518));
#640 = CARTESIAN_POINT('',(58.610608236197,46.483850995545,
    53.157469426914));
#641 = CARTESIAN_POINT('',(58.520013586085,46.516279779251,
    53.195178177866));
#642 = CARTESIAN_POINT('',(58.40114635442,46.549111012393,
    53.234942271208));
#643 = CARTESIAN_POINT('',(58.376089198786,46.555515564673,
    53.242808780937));
#644 = CARTESIAN_POINT('',(58.350814820361,46.561456533605,
    53.250198841457));
#645 = CARTESIAN_POINT('',(58.325335366255,46.566923569413,
    53.257076408982));
#646 = CARTESIAN_POINT('',(58.299660789265,46.571907258151,
    53.26340756708));
#647 = CARTESIAN_POINT('',(58.229158081787,46.584152608845,
    53.279090814569));
#648 = CARTESIAN_POINT('',(58.183918756546,46.590447283535,
    53.287307894998));
#649 = CARTESIAN_POINT('',(58.138246185353,46.59521062443,
    53.293613352936));
#650 = CARTESIAN_POINT('',(58.092286866607,46.598401317797,
    53.297868866299));
#651 = CARTESIAN_POINT('',(58.046168499563,46.6,53.3));
#652 = CARTESIAN_POINT('',(57.954161711618,46.6,53.3));
#653 = CARTESIAN_POINT('',(57.908371900056,46.598424105574,
    53.297899233174));
#654 = CARTESIAN_POINT('',(57.862737795321,46.595278720645,
    53.293704179115));
#655 = CARTESIAN_POINT('',(57.817384811962,46.590582735305,
    53.28748722262));
#656 = CARTESIAN_POINT('',(57.772456556063,46.584376417594,
    53.279383010451));
#657 = CARTESIAN_POINT('',(57.702313982698,46.572281308327,
    53.263883587612));
#658 = CARTESIAN_POINT('',(57.676698623386,46.567342731693,
    53.257605764552));
#659 = CARTESIAN_POINT('',(57.651276580004,46.561922974889,
    53.25078277816));
#660 = CARTESIAN_POINT('',(57.626057863189,46.556031380257,
    53.243448219249));
#661 = CARTESIAN_POINT('',(57.601054668516,46.549678232962,
    53.235637830215));
#662 = CARTESIAN_POINT('',(57.481200163117,46.516762673428,
    53.195731993945));
#663 = CARTESIAN_POINT('',(57.389638042767,46.484055035478,53.1576655895
    ));
#664 = CARTESIAN_POINT('',(57.301496241369,46.445200345293,
    53.115064787315));
#665 = CARTESIAN_POINT('',(57.216767430539,46.400404370048,
    53.06954103019));
#666 = CARTESIAN_POINT('',(57.135488285977,46.349772659949,
    53.022286703064));
#667 = CARTESIAN_POINT('',(56.986586786642,46.241263152799,
    52.930325183986));
#668 = CARTESIAN_POINT('',(56.918395280614,46.18438644221,
    52.885750560662));
#669 = CARTESIAN_POINT('',(56.853197787984,46.122315534901,
    52.841261512902));
#670 = CARTESIAN_POINT('',(56.791232324156,46.054829920863,
    52.797521267998));
#671 = CARTESIAN_POINT('',(56.732914416576,45.981665259531,
    52.755240331455));
#672 = CARTESIAN_POINT('',(56.654229260747,45.866493928855,
    52.696995834762));
#673 = CARTESIAN_POINT('',(56.630463498759,45.829167929373,
    52.679219098486));
#674 = CARTESIAN_POINT('',(56.60766111895,45.790599161802,
    52.662004207518));
#675 = CARTESIAN_POINT('',(56.58590016414,45.750783416767,
    52.645441004803));
#676 = CARTESIAN_POINT('',(56.565265389256,45.709720644351,
    52.629622854792));
#677 = CARTESIAN_POINT('',(56.501111338779,45.569942949123,
    52.580141560625));
#678 = CARTESIAN_POINT('',(56.462413832414,45.464949045554,
    52.549778272049));
#679 = CARTESIAN_POINT('',(56.431806370344,45.353777557778,
    52.52544413682));
#680 = CARTESIAN_POINT('',(56.410709985211,45.238035375152,
    52.50856824784));
#681 = CARTESIAN_POINT('',(56.4,45.119498566407,52.5));
#682 = CARTESIAN_POINT('',(56.4,44.880748012281,52.5));
#683 = CARTESIAN_POINT('',(56.410665835867,44.762440873383,
    52.508532919075));
#684 = CARTESIAN_POINT('',(56.431680232228,44.646908126107,
    52.525343252024));
#685 = CARTESIAN_POINT('',(56.462173979129,44.535923218326,
    52.54958762473));
#686 = CARTESIAN_POINT('',(56.500731974326,44.431091977705,
    52.579843776823));
#687 = CARTESIAN_POINT('',(56.56477506075,44.291258482884,
    52.629246888974));
#688 = CARTESIAN_POINT('',(56.585469156689,44.25001025805,
    52.645112771198));
#689 = CARTESIAN_POINT('',(56.607299713254,44.21001861387,
    52.661731068436));
#690 = CARTESIAN_POINT('',(56.630180819893,44.171283764868,
    52.679007208616));
#691 = CARTESIAN_POINT('',(56.654033329997,44.13380168318,
    52.696850160371));
#692 = CARTESIAN_POINT('',(56.73319348085,44.017906925942,
    52.755448308258));
#693 = CARTESIAN_POINT('',(56.7919551271,43.944250738367,52.798046777908
    ));
#694 = CARTESIAN_POINT('',(56.854412798422,43.876353942053,
    52.842120483456));
#695 = CARTESIAN_POINT('',(56.920143712473,43.813946097213,
    52.886944518314));
#696 = CARTESIAN_POINT('',(56.988907157708,43.756802680554,
    52.931841886021));
#697 = CARTESIAN_POINT('',(57.137732432652,43.6488640321,53.023579132929
    ));
#698 = CARTESIAN_POINT('',(57.218251327501,43.598872238954,
    53.070309496068));
#699 = CARTESIAN_POINT('',(57.302149264631,43.554599807458,
    53.115326199518));
#700 = CARTESIAN_POINT('',(57.389391763803,43.516149004455,
    53.157469426914));
#701 = CARTESIAN_POINT('',(57.479986413915,43.483720220749,
    53.195178177866));
#702 = CARTESIAN_POINT('',(57.59885364558,43.450888987607,
    53.234942271208));
#703 = CARTESIAN_POINT('',(57.623910801214,43.444484435328,
    53.242808780937));
#704 = CARTESIAN_POINT('',(57.649185179639,43.438543466395,
    53.250198841457));
#705 = CARTESIAN_POINT('',(57.674664633745,43.433076430587,
    53.257076408982));
#706 = CARTESIAN_POINT('',(57.700339210735,43.428092741849,
    53.26340756708));
#707 = CARTESIAN_POINT('',(57.770841918213,43.415847391155,
    53.279090814569));
#708 = CARTESIAN_POINT('',(57.816081243454,43.409552716465,
    53.287307894998));
#709 = CARTESIAN_POINT('',(57.861753814647,43.40478937557,
    53.293613352936));
#710 = CARTESIAN_POINT('',(57.907713133393,43.401598682203,
    53.297868866299));
#711 = CARTESIAN_POINT('',(57.953831500437,43.4,53.3));
#712 = CARTESIAN_POINT('',(58.045838288383,43.4,53.3));
#713 = CARTESIAN_POINT('',(58.091628099944,43.401575894426,
    53.297899233174));
#714 = CARTESIAN_POINT('',(58.137262204678,43.404721279355,
    53.293704179115));
#715 = CARTESIAN_POINT('',(58.182615188038,43.409417264695,
    53.28748722262));
#716 = CARTESIAN_POINT('',(58.227543443938,43.415623582407,
    53.279383010451));
#717 = CARTESIAN_POINT('',(58.297686017303,43.427718691673,
    53.263883587612));
#718 = CARTESIAN_POINT('',(58.323301376614,43.432657268307,
    53.257605764552));
#719 = CARTESIAN_POINT('',(58.348723419996,43.438077025111,
    53.25078277816));
#720 = CARTESIAN_POINT('',(58.373942136811,43.443968619743,
    53.243448219249));
#721 = CARTESIAN_POINT('',(58.398945331484,43.450321767038,
    53.235637830215));
#722 = CARTESIAN_POINT('',(58.518799836883,43.483237326572,
    53.195731993945));
#723 = CARTESIAN_POINT('',(58.610361957233,43.515944964522,53.1576655895
    ));
#724 = CARTESIAN_POINT('',(58.69850375863,43.554799654707,
    53.115064787315));
#725 = CARTESIAN_POINT('',(58.783232569461,43.599595629952,
    53.06954103019));
#726 = CARTESIAN_POINT('',(58.864511714024,43.650227340051,
    53.022286703064));
#727 = CARTESIAN_POINT('',(59.013413213358,43.758736847201,
    52.930325183986));
#728 = CARTESIAN_POINT('',(59.081604719386,43.815613557791,
    52.885750560662));
#729 = CARTESIAN_POINT('',(59.146802212016,43.877684465099,
    52.841261512902));
#730 = CARTESIAN_POINT('',(59.208767675844,43.945170079138,
    52.797521267998));
#731 = CARTESIAN_POINT('',(59.267085583424,44.018334740469,
    52.755240331455));
#732 = CARTESIAN_POINT('',(59.345770739229,44.13350607111,52.69699583478
    ));
#733 = CARTESIAN_POINT('',(59.369536501246,44.170832070643,
    52.679219098481));
#734 = CARTESIAN_POINT('',(59.392338881073,44.209400838239,
    52.662004207501));
#735 = CARTESIAN_POINT('',(59.414099835867,44.249216583237,
    52.645441004798));
#736 = CARTESIAN_POINT('',(59.434734610722,44.290279355601,
    52.629622854809));
#737 = CARTESIAN_POINT('',(59.49888866122,44.430057050876,
    52.580141560626));
#738 = CARTESIAN_POINT('',(59.537586167586,44.535050954447,
    52.549778272049));
#739 = CARTESIAN_POINT('',(59.568193629656,44.646222442223,
    52.52544413682));
#740 = CARTESIAN_POINT('',(59.589290014789,44.761964624849,
    52.50856824784));
#741 = CARTESIAN_POINT('',(59.6,44.880501433591,52.5));
#742 = CARTESIAN_POINT('',(59.6,45.,52.5));
#743 = CYLINDRICAL_SURFACE('',#744,2.);
#744 = AXIS2_PLACEMENT_3D('',#745,#746,#747);
#745 = CARTESIAN_POINT('',(20.,45.,54.5));
#746 = DIRECTION('',(1.,0.,0.));
#747 = DIRECTION('',(-0.,0.,1.));
#748 = ADVANCED_FACE('',(#749,#760),#763,.F.);
#749 = FACE_BOUND('',#750,.F.);
#750 = EDGE_LOOP('',(#751));
#751 = ORIENTED_EDGE('',*,*,#752,.T.);
#752 = EDGE_CURVE('',#753,#753,#755,.T.);
#753 = VERTEX_POINT('',#754);
#754 = CARTESIAN_POINT('',(23.1,45.,36.5));
#755 = CIRCLE('',#756,3.1);
#756 = AXIS2_PLACEMENT_3D('',#757,#758,#759);
#757 = CARTESIAN_POINT('',(20.,45.,36.5));
#758 = DIRECTION('',(0.,0.,1.));
#759 = DIRECTION('',(1.,0.,-0.));
#760 = FACE_BOUND('',#761,.F.);
#761 = EDGE_LOOP('',(#762));
#762 = ORIENTED_EDGE('',*,*,#157,.F.);
#763 = PLANE('',#764);
#764 = AXIS2_PLACEMENT_3D('',#765,#766,#767);
#765 = CARTESIAN_POINT('',(20.,45.,36.5));
#766 = DIRECTION('',(0.,0.,1.));
#767 = DIRECTION('',(1.,0.,-0.));
#768 = ADVANCED_FACE('',(#769,#941,#1070),#1199,.F.);
#769 = FACE_BOUND('',#770,.F.);
#770 = EDGE_LOOP('',(#771,#810,#817,#825,#834,#901,#908,#909,#910,#911)
  );
#771 = ORIENTED_EDGE('',*,*,#772,.T.);
#772 = EDGE_CURVE('',#773,#775,#777,.T.);
#773 = VERTEX_POINT('',#774);
#774 = CARTESIAN_POINT('',(21.6,70.,52.5));
#775 = VERTEX_POINT('',#776);
#776 = CARTESIAN_POINT('',(20.,71.6,53.300000000001));
#777 = B_SPLINE_CURVE_WITH_KNOTS('',6,(#778,#779,#780,#781,#782,#783,
    #784,#785,#786,#787,#788,#789,#790,#791,#792,#793,#794,#795,#796,
    #797,#798,#799,#800,#801,#802,#803,#804,#805,#806,#807,#808,#809),
  .UNSPECIFIED.,.F.,.F.,(7,5,5,5,5,5,7),(0.,0.236042063301,
    0.338514250293,0.574144532308,0.796493248744,0.9033790424,1.),
  .UNSPECIFIED.);
#778 = CARTESIAN_POINT('',(21.6,70.,52.5));
#779 = CARTESIAN_POINT('',(21.6,70.117389827874,52.5));
#780 = CARTESIAN_POINT('',(21.589664665022,70.233840204379,
    52.508268513962));
#781 = CARTESIAN_POINT('',(21.569304516856,70.347615531917,
    52.524555510027));
#782 = CARTESIAN_POINT('',(21.53974254126,70.45703364483,52.548063578688
    ));
#783 = CARTESIAN_POINT('',(21.502309203498,70.560567663779,52.5774565965
    ));
#784 = CARTESIAN_POINT('',(21.440079685583,70.698767118585,
    52.625517057043));
#785 = CARTESIAN_POINT('',(21.420049691473,70.739404623087,
    52.640895458527));
#786 = CARTESIAN_POINT('',(21.398915231162,70.778838983649,
    52.657011113296));
#787 = CARTESIAN_POINT('',(21.376758293238,70.817068194869,
    52.673774407606));
#788 = CARTESIAN_POINT('',(21.353654923288,70.854094317663,
    52.691098803734));
#789 = CARTESIAN_POINT('',(21.274534961001,70.972311058785,
    52.749835838464));
#790 = CARTESIAN_POINT('',(21.214752838264,71.048381521272,
    52.793302440128));
#791 = CARTESIAN_POINT('',(21.151055246656,71.118387959308,
    52.838379023736));
#792 = CARTESIAN_POINT('',(21.083909259966,71.182621434013,
    52.884281964909));
#793 = CARTESIAN_POINT('',(21.013580083609,71.241325899459,
    52.930285445923));
#794 = CARTESIAN_POINT('',(20.870866127626,71.344962684469,
    53.018300634459));
#795 = CARTESIAN_POINT('',(20.798840036721,71.390470858833,
    53.060379608913));
#796 = CARTESIAN_POINT('',(20.724094965561,71.431336757896,
    53.101148899139));
#797 = CARTESIAN_POINT('',(20.64663906433,71.467522385131,
    53.139795720259));
#798 = CARTESIAN_POINT('',(20.566456286354,71.498900049529,
    53.175254168954));
#799 = CARTESIAN_POINT('',(20.443615590877,71.537841168744,
    53.221162053462));
#800 = CARTESIAN_POINT('',(20.403068465728,71.549317727352,
    53.235046125666));
#801 = CARTESIAN_POINT('',(20.361922473259,71.559572127448,
    53.247739463845));
#802 = CARTESIAN_POINT('',(20.320230784365,71.568561458633,
    53.259081265858));
#803 = CARTESIAN_POINT('',(20.278031454849,71.576248947353,
    53.26892444136));
#804 = CARTESIAN_POINT('',(20.196762220338,71.588334459837,
    53.284565216759));
#805 = CARTESIAN_POINT('',(20.157791741688,71.592975882774,
    53.290658636922));
#806 = CARTESIAN_POINT('',(20.1185398762,71.596480956685,53.295307595901
    ));
#807 = CARTESIAN_POINT('',(20.079101570745,71.598826082748,
    53.298434966382));
#808 = CARTESIAN_POINT('',(20.039562579473,71.600000014836,
    53.300000019781));
#809 = CARTESIAN_POINT('',(19.9999994,71.6,53.3));
#810 = ORIENTED_EDGE('',*,*,#811,.T.);
#811 = EDGE_CURVE('',#775,#262,#812,.T.);
#812 = CIRCLE('',#813,2.);
#813 = AXIS2_PLACEMENT_3D('',#814,#815,#816);
#814 = CARTESIAN_POINT('',(20.,70.,54.5));
#815 = DIRECTION('',(1.,0.,0.));
#816 = DIRECTION('',(-0.,0.,1.));
#817 = ORIENTED_EDGE('',*,*,#818,.T.);
#818 = EDGE_CURVE('',#262,#819,#821,.T.);
#819 = VERTEX_POINT('',#820);
#820 = CARTESIAN_POINT('',(77.,70.,56.5));
#821 = LINE('',#822,#823);
#822 = CARTESIAN_POINT('',(20.,70.,56.5));
#823 = VECTOR('',#824,1.);
#824 = DIRECTION('',(1.,0.,0.));
#825 = ORIENTED_EDGE('',*,*,#826,.F.);
#826 = EDGE_CURVE('',#827,#819,#829,.T.);
#827 = VERTEX_POINT('',#828);
#828 = CARTESIAN_POINT('',(77.,71.599999999999,53.299999999999));
#829 = CIRCLE('',#830,2.);
#830 = AXIS2_PLACEMENT_3D('',#831,#832,#833);
#831 = CARTESIAN_POINT('',(77.,70.,54.5));
#832 = DIRECTION('',(1.,0.,0.));
#833 = DIRECTION('',(-0.,0.,1.));
#834 = ORIENTED_EDGE('',*,*,#835,.T.);
#835 = EDGE_CURVE('',#827,#836,#838,.T.);
#836 = VERTEX_POINT('',#837);
#837 = CARTESIAN_POINT('',(75.868629171225,68.868629147662,
    52.850757735262));
#838 = B_SPLINE_CURVE_WITH_KNOTS('',6,(#839,#840,#841,#842,#843,#844,
    #845,#846,#847,#848,#849,#850,#851,#852,#853,#854,#855,#856,#857,
    #858,#859,#860,#861,#862,#863,#864,#865,#866,#867,#868,#869,#870,
    #871,#872,#873,#874,#875,#876,#877,#878,#879,#880,#881,#882,#883,
    #884,#885,#886,#887,#888,#889,#890,#891,#892,#893,#894,#895,#896,
    #897,#898,#899,#900),.UNSPECIFIED.,.F.,.F.,(7,5,5,5,5,5,5,5,5,5,5,5,
    7),(0.,4.75557611162E-02,0.100829692767,0.213515407963,
    0.328997919267,0.380515031841,0.448620573797,0.550950391439,
    0.617966496949,0.787002302174,0.896417366541,0.946647075375,1.),
  .UNSPECIFIED.);
#839 = CARTESIAN_POINT('',(77.0000006,71.6,53.3));
#840 = CARTESIAN_POINT('',(76.961016721667,71.600000014619,
    53.300000019492));
#841 = CARTESIAN_POINT('',(76.922055476876,71.598860210152,
    53.298480454598));
#842 = CARTESIAN_POINT('',(76.883190660756,71.596583124829,
    53.295443847708));
#843 = CARTESIAN_POINT('',(76.844504700553,71.593179425925,
    53.290928640629));
#844 = CARTESIAN_POINT('',(76.806088600126,71.588671457078,
    53.285007729626));
#845 = CARTESIAN_POINT('',(76.725420379018,71.576851807943,
    53.269698083217));
#846 = CARTESIAN_POINT('',(76.683277320455,71.569270368737,
    53.259980626749));
#847 = CARTESIAN_POINT('',(76.641636114897,71.560390183878,
    53.24876259689));
#848 = CARTESIAN_POINT('',(76.600535541758,71.550247799492,
    53.236189765874));
#849 = CARTESIAN_POINT('',(76.560029561974,71.538886056997,
    53.222422067374));
#850 = CARTESIAN_POINT('',(76.435911886447,71.499869574788,
    53.176341412898));
#851 = CARTESIAN_POINT('',(76.354496732683,71.468140996757,
    53.140428546679));
#852 = CARTESIAN_POINT('',(76.275887730361,71.431461683172,
    53.101217968607));
#853 = CARTESIAN_POINT('',(76.200068593266,71.38996525298,53.05982559545
    ));
#854 = CARTESIAN_POINT('',(76.127048866631,71.343692046552,
    53.017098279353));
#855 = CARTESIAN_POINT('',(75.984908862804,71.239968348435,
    52.92926426034));
#856 = CARTESIAN_POINT('',(75.915951386097,71.182284097133,
    52.884137378034));
#857 = CARTESIAN_POINT('',(75.850063093556,71.119274094363,
    52.839112353326));
#858 = CARTESIAN_POINT('',(75.787494778105,71.050708522681,
    52.794876523608));
#859 = CARTESIAN_POINT('',(75.728684132991,70.976313258822,
    52.752169218006));
#860 = CARTESIAN_POINT('',(75.650050930482,70.859950275534,
    52.693872237921));
#861 = CARTESIAN_POINT('',(75.626674491754,70.822843213653,
    52.676363615846));
#862 = CARTESIAN_POINT('',(75.604249285172,70.784518396233,
    52.659414620784));
#863 = CARTESIAN_POINT('',(75.58285195474,70.74497282556,52.643112930707
    ));
#864 = CARTESIAN_POINT('',(75.562565391049,70.70420759754,
    52.627549477919));
#865 = CARTESIAN_POINT('',(75.51824619704,70.606730809683,
    52.593344052027));
#866 = CARTESIAN_POINT('',(75.495083783184,70.549052013698,
    52.575303629728));
#867 = CARTESIAN_POINT('',(75.474271841541,70.489340538482,
    52.558971761658));
#868 = CARTESIAN_POINT('',(75.456063063283,70.427766838094,
    52.54459937854));
#869 = CARTESIAN_POINT('',(75.440684635675,70.364520859027,
    52.532410538883));
#870 = CARTESIAN_POINT('',(75.409792958074,70.202581013911,
    52.50785749843));
#871 = CARTESIAN_POINT('',(75.398109631824,70.102120132382,
    52.498494569725));
#872 = CARTESIAN_POINT('',(75.39412568737,69.999999739948,
    52.495283684965));
#873 = CARTESIAN_POINT('',(75.398109713415,69.897879611477,
    52.498494634687));
#874 = CARTESIAN_POINT('',(75.409792917552,69.79741919851,
    52.507857466223));
#875 = CARTESIAN_POINT('',(75.44048720014,69.636514134296,
    52.532253614978));
#876 = CARTESIAN_POINT('',(75.455573495951,69.574248351753,
    52.544211348385));
#877 = CARTESIAN_POINT('',(75.473405820693,69.513594549576,
    52.558288181772));
#878 = CARTESIAN_POINT('',(75.493767410198,69.454738327069,
    52.574270510522));
#879 = CARTESIAN_POINT('',(75.516416182411,69.397846956639,
    52.591918393744));
#880 = CARTESIAN_POINT('',(75.60329951941,69.204896244384,
    52.659019237998));
#881 = CARTESIAN_POINT('',(75.678350476466,69.080167436927,
    52.71598892726));
#882 = CARTESIAN_POINT('',(75.763094813108,68.968603342525,
    52.778574725226));
#883 = CARTESIAN_POINT('',(75.855524787603,68.869430721331,
    52.844149606618));
#884 = CARTESIAN_POINT('',(75.954526922859,68.78183432542,
    52.910616256464));
#885 = CARTESIAN_POINT('',(76.12801836071,68.655847383767,
    53.017612671122));
#886 = CARTESIAN_POINT('',(76.198840470697,68.610996472815,
    53.059023869813));
#887 = CARTESIAN_POINT('',(76.272293719879,68.570642622476,
    53.099176921058));
#888 = CARTESIAN_POINT('',(76.348371704299,68.534817679094,
    53.137300878605));
#889 = CARTESIAN_POINT('',(76.427090607871,68.503640271479,
    53.172389313384));
#890 = CARTESIAN_POINT('',(76.54586935671,68.465298874998,
    53.217409407238));
#891 = CARTESIAN_POINT('',(76.583825086662,68.454262302854,
    53.230688789971));
#892 = CARTESIAN_POINT('',(76.622314259485,68.444296775678,
    53.242944371801));
#893 = CARTESIAN_POINT('',(76.661297401853,68.435437200519,
    53.254043949055));
#894 = CARTESIAN_POINT('',(76.700746114378,68.427714452637,
    53.263864024943));
#895 = CARTESIAN_POINT('',(76.783021013998,68.414199110543,
    53.28124483729));
#896 = CARTESIAN_POINT('',(76.825910438888,68.408555462465,
    53.288628619378));
#897 = CARTESIAN_POINT('',(76.869171376025,68.404288129646,
    53.294281893399));
#898 = CARTESIAN_POINT('',(76.912678268599,68.401430978837,
    53.298092355563));
#899 = CARTESIAN_POINT('',(76.95632013312,68.39999998362,53.30000002184)
  );
#900 = CARTESIAN_POINT('',(77.0000006,68.4,53.3));
#901 = ORIENTED_EDGE('',*,*,#902,.F.);
#902 = EDGE_CURVE('',#819,#836,#903,.T.);
#903 = ELLIPSE('',#904,2.828427124746,2.);
#904 = AXIS2_PLACEMENT_3D('',#905,#906,#907);
#905 = CARTESIAN_POINT('',(77.,70.,54.5));
#906 = DIRECTION('',(0.707106781187,-0.707106781187,0.));
#907 = DIRECTION('',(0.707106781187,0.707106781187,0.));
#908 = ORIENTED_EDGE('',*,*,#818,.F.);
#909 = ORIENTED_EDGE('',*,*,#349,.T.);
#910 = ORIENTED_EDGE('',*,*,#340,.T.);
#911 = ORIENTED_EDGE('',*,*,#912,.T.);
#912 = EDGE_CURVE('',#279,#773,#913,.T.);
#913 = B_SPLINE_CURVE_WITH_KNOTS('',6,(#914,#915,#916,#917,#918,#919,
    #920,#921,#922,#923,#924,#925,#926,#927,#928,#929,#930,#931,#932,
    #933,#934,#935,#936,#937,#938,#939,#940),.UNSPECIFIED.,.F.,.F.,(7,5,
    5,5,5,7),(0.,0.115378682366,0.212719117095,0.427668411031,
    0.762026533265,1.),.UNSPECIFIED.);
#914 = CARTESIAN_POINT('',(19.9999994,68.4,53.3));
#915 = CARTESIAN_POINT('',(20.047228467647,68.399999982289,
    53.300000023614));
#916 = CARTESIAN_POINT('',(20.094401841497,68.40167294282,
    53.297769910026));
#917 = CARTESIAN_POINT('',(20.14140515455,68.405011298312,
    53.293317348596));
#918 = CARTESIAN_POINT('',(20.188103220492,68.409994116938,
    53.28672364416));
#919 = CARTESIAN_POINT('',(20.234339997197,68.416576603663,
    53.278139402811));
#920 = CARTESIAN_POINT('',(20.318408247455,68.431515751205,
    53.259040582587));
#921 = CARTESIAN_POINT('',(20.35644105573,68.439437211226,
    53.249033354929));
#922 = CARTESIAN_POINT('',(20.394023278022,68.448414694387,
    53.237863521311));
#923 = CARTESIAN_POINT('',(20.431132060745,68.458420174669,
    53.225644133921));
#924 = CARTESIAN_POINT('',(20.467735476278,68.469422747943,
    53.212494204283));
#925 = CARTESIAN_POINT('',(20.583414753044,68.507798732233,
    53.167715100925));
#926 = CARTESIAN_POINT('',(20.660444900091,68.538914109071,
    53.132927068865));
#927 = CARTESIAN_POINT('',(20.734927420053,68.574500902212,
    53.095294139141));
#928 = CARTESIAN_POINT('',(20.80687836249,68.614452626837,
    53.055755216724));
#929 = CARTESIAN_POINT('',(20.876292467233,68.658746222026,
    53.015033534916));
#930 = CARTESIAN_POINT('',(21.047148257879,68.783424665627,
    52.909454877536));
#931 = CARTESIAN_POINT('',(21.144961847941,68.870190802682,
    52.843756296215));
#932 = CARTESIAN_POINT('',(21.236334460625,68.968283491878,
    52.778944662896));
#933 = CARTESIAN_POINT('',(21.320188713673,69.078489992297,
    52.717052867828));
#934 = CARTESIAN_POINT('',(21.394590093856,69.201559061756,
    52.660616750886));
#935 = CARTESIAN_POINT('',(21.500599684639,69.434719312583,
    52.578798854995));
#936 = CARTESIAN_POINT('',(21.538663908447,69.5389903978,52.548921240201
    ));
#937 = CARTESIAN_POINT('',(21.568745203637,69.649280259616,
    52.525002885055));
#938 = CARTESIAN_POINT('',(21.589473764256,69.764033085977,
    52.508421259509));
#939 = CARTESIAN_POINT('',(21.6,69.881530984941,52.5));
#940 = CARTESIAN_POINT('',(21.6,70.,52.5));
#941 = FACE_BOUND('',#942,.F.);
#942 = EDGE_LOOP('',(#943));
#943 = ORIENTED_EDGE('',*,*,#944,.T.);
#944 = EDGE_CURVE('',#945,#945,#947,.T.);
#945 = VERTEX_POINT('',#946);
#946 = CARTESIAN_POINT('',(40.6,70.,52.5));
#947 = B_SPLINE_CURVE_WITH_KNOTS('',6,(#948,#949,#950,#951,#952,#953,
    #954,#955,#956,#957,#958,#959,#960,#961,#962,#963,#964,#965,#966,
    #967,#968,#969,#970,#971,#972,#973,#974,#975,#976,#977,#978,#979,
    #980,#981,#982,#983,#984,#985,#986,#987,#988,#989,#990,#991,#992,
    #993,#994,#995,#996,#997,#998,#999,#1000,#1001,#1002,#1003,#1004,
    #1005,#1006,#1007,#1008,#1009,#1010,#1011,#1012,#1013,#1014,#1015,
    #1016,#1017,#1018,#1019,#1020,#1021,#1022,#1023,#1024,#1025,#1026,
    #1027,#1028,#1029,#1030,#1031,#1032,#1033,#1034,#1035,#1036,#1037,
    #1038,#1039,#1040,#1041,#1042,#1043,#1044,#1045,#1046,#1047,#1048,
    #1049,#1050,#1051,#1052,#1053,#1054,#1055,#1056,#1057,#1058,#1059,
    #1060,#1061,#1062,#1063,#1064,#1065,#1066,#1067,#1068,#1069),
  .UNSPECIFIED.,.T.,.F.,(7,5,5,5,5,5,5,5,5,5,5,5,5,5,5,5,5,5,5,5,5,5,5,5
    ,7),(0.,5.993219994521E-02,8.610148597455E-02,0.143626594902,
    0.205479917189,0.221808269445,0.249992929254,0.27797600379,
    0.294258345422,0.356750839278,0.413865880777,0.439932904939,
    0.499991140781,0.559925450102,0.586095657187,0.64362279077,
    0.705478290048,0.721807219955,0.749992882022,0.777976951644,
    0.794259872279,0.856754588381,0.913871660902,0.939939614804,1.),
  .UNSPECIFIED.);
#948 = CARTESIAN_POINT('',(40.6,70.,52.5));
#949 = CARTESIAN_POINT('',(40.6,70.119251987718,52.5));
#950 = CARTESIAN_POINT('',(40.589334164133,70.237559126618,
    52.508532919075));
#951 = CARTESIAN_POINT('',(40.568319767771,70.353091873895,
    52.525343252024));
#952 = CARTESIAN_POINT('',(40.537826020871,70.464076781675,
    52.54958762473));
#953 = CARTESIAN_POINT('',(40.499268025675,70.568908022293,
    52.579843776822));
#954 = CARTESIAN_POINT('',(40.435224942647,70.7087415097,52.629246886354
    ));
#955 = CARTESIAN_POINT('',(40.414530842096,70.749989742989,
    52.645112772068));
#956 = CARTESIAN_POINT('',(40.392700283047,70.789981392633,
    52.661731071223));
#957 = CARTESIAN_POINT('',(40.369819179324,70.828716237492,
    52.679007209249));
#958 = CARTESIAN_POINT('',(40.345966673941,70.866198311055,
    52.696850157456));
#959 = CARTESIAN_POINT('',(40.26680651915,70.982093074058,
    52.755448308258));
#960 = CARTESIAN_POINT('',(40.2080448729,71.055749261633,52.798046777908
    ));
#961 = CARTESIAN_POINT('',(40.145587201578,71.123646057947,
    52.842120483456));
#962 = CARTESIAN_POINT('',(40.079856287527,71.186053902787,
    52.886944518314));
#963 = CARTESIAN_POINT('',(40.011092842293,71.243197319446,
    52.931841886021));
#964 = CARTESIAN_POINT('',(39.862267567348,71.3511359679,53.023579132929
    ));
#965 = CARTESIAN_POINT('',(39.781748672499,71.401127761046,
    53.070309496068));
#966 = CARTESIAN_POINT('',(39.697850735369,71.445400192542,
    53.115326199518));
#967 = CARTESIAN_POINT('',(39.610608236198,71.483850995545,
    53.157469426914));
#968 = CARTESIAN_POINT('',(39.520013586085,71.516279779251,
    53.195178177866));
#969 = CARTESIAN_POINT('',(39.401146358917,71.549111011151,
    53.234942269704));
#970 = CARTESIAN_POINT('',(39.376089197452,71.555515564781,53.2428087811
    ));
#971 = CARTESIAN_POINT('',(39.350814815735,71.561456534639,
    53.25019884274));
#972 = CARTESIAN_POINT('',(39.325335365118,71.566923569857,
    53.257076409505));
#973 = CARTESIAN_POINT('',(39.29966079401,71.571907257327,
    53.263407566025));
#974 = CARTESIAN_POINT('',(39.229158081779,71.584152608847,
    53.279090814571));
#975 = CARTESIAN_POINT('',(39.183918756548,71.590447283534,
    53.287307894997));
#976 = CARTESIAN_POINT('',(39.138246185362,71.59521062443,
    53.293613352935));
#977 = CARTESIAN_POINT('',(39.092286866609,71.598401317797,53.2978688663
    ));
#978 = CARTESIAN_POINT('',(39.046168499554,71.6,53.3));
#979 = CARTESIAN_POINT('',(38.954161711617,71.6,53.3));
#980 = CARTESIAN_POINT('',(38.908371900056,71.598424105574,
    53.297899233174));
#981 = CARTESIAN_POINT('',(38.862737795322,71.595278720645,
    53.293704179115));
#982 = CARTESIAN_POINT('',(38.817384811962,71.590582735305,
    53.28748722262));
#983 = CARTESIAN_POINT('',(38.772456556062,71.584376417593,
    53.279383010451));
#984 = CARTESIAN_POINT('',(38.702313982698,71.572281308327,
    53.263883587612));
#985 = CARTESIAN_POINT('',(38.676698623386,71.567342731693,
    53.257605764552));
#986 = CARTESIAN_POINT('',(38.651276580004,71.561922974889,
    53.25078277816));
#987 = CARTESIAN_POINT('',(38.626057863189,71.556031380257,
    53.243448219249));
#988 = CARTESIAN_POINT('',(38.601054668516,71.549678232962,
    53.235637830215));
#989 = CARTESIAN_POINT('',(38.481200163117,71.516762673428,
    53.195731993945));
#990 = CARTESIAN_POINT('',(38.389638042767,71.484055035478,53.1576655895
    ));
#991 = CARTESIAN_POINT('',(38.30149624137,71.445200345293,
    53.115064787315));
#992 = CARTESIAN_POINT('',(38.216767430539,71.400404370048,
    53.06954103019));
#993 = CARTESIAN_POINT('',(38.135488285977,71.349772659949,
    53.022286703064));
#994 = CARTESIAN_POINT('',(37.986586786642,71.241263152799,
    52.930325183986));
#995 = CARTESIAN_POINT('',(37.918395280614,71.18438644221,
    52.885750560662));
#996 = CARTESIAN_POINT('',(37.853197787984,71.122315534901,
    52.841261512902));
#997 = CARTESIAN_POINT('',(37.791232324156,71.054829920863,
    52.797521267998));
#998 = CARTESIAN_POINT('',(37.732914416576,70.981665259531,
    52.755240331455));
#999 = CARTESIAN_POINT('',(37.654229260747,70.866493928854,
    52.696995834762));
#1000 = CARTESIAN_POINT('',(37.630463498759,70.829167929373,
    52.679219098486));
#1001 = CARTESIAN_POINT('',(37.607661118951,70.790599161803,
    52.662004207519));
#1002 = CARTESIAN_POINT('',(37.58590016414,70.750783416768,
    52.645441004803));
#1003 = CARTESIAN_POINT('',(37.565265389255,70.709720644349,
    52.629622854791));
#1004 = CARTESIAN_POINT('',(37.501111338518,70.569942948553,
    52.580141560424));
#1005 = CARTESIAN_POINT('',(37.462413832616,70.464949045753,
    52.5497782722));
#1006 = CARTESIAN_POINT('',(37.431806370479,70.353777558425,
    52.525444136933));
#1007 = CARTESIAN_POINT('',(37.410709985094,70.238035375292,
    52.508568247745));
#1008 = CARTESIAN_POINT('',(37.4,70.119498565748,52.5));
#1009 = CARTESIAN_POINT('',(37.4,69.880748012283,52.5));
#1010 = CARTESIAN_POINT('',(37.410665835867,69.762440873382,
    52.508532919075));
#1011 = CARTESIAN_POINT('',(37.431680232229,69.646908126105,
    52.525343252024));
#1012 = CARTESIAN_POINT('',(37.46217397913,69.535923218325,
    52.54958762473));
#1013 = CARTESIAN_POINT('',(37.500731974325,69.431091977707,
    52.579843776822));
#1014 = CARTESIAN_POINT('',(37.564775057353,69.2912584903,
    52.629246886354));
#1015 = CARTESIAN_POINT('',(37.585469157904,69.250010257011,
    52.645112772067));
#1016 = CARTESIAN_POINT('',(37.607299716953,69.210018607367,
    52.661731071223));
#1017 = CARTESIAN_POINT('',(37.630180820676,69.171283762508,
    52.679007209249));
#1018 = CARTESIAN_POINT('',(37.654033326059,69.133801688945,
    52.696850157456));
#1019 = CARTESIAN_POINT('',(37.73319348085,69.017906925942,
    52.755448308258));
#1020 = CARTESIAN_POINT('',(37.7919551271,68.944250738367,
    52.798046777908));
#1021 = CARTESIAN_POINT('',(37.854412798422,68.876353942053,
    52.842120483456));
#1022 = CARTESIAN_POINT('',(37.920143712473,68.813946097213,
    52.886944518314));
#1023 = CARTESIAN_POINT('',(37.988907157707,68.756802680554,
    52.931841886021));
#1024 = CARTESIAN_POINT('',(38.137732432652,68.648864032101,
    53.023579132928));
#1025 = CARTESIAN_POINT('',(38.218251327501,68.598872238954,
    53.070309496068));
#1026 = CARTESIAN_POINT('',(38.302149264631,68.554599807458,
    53.115326199518));
#1027 = CARTESIAN_POINT('',(38.389391763803,68.516149004455,
    53.157469426914));
#1028 = CARTESIAN_POINT('',(38.479986413915,68.483720220749,
    53.195178177866));
#1029 = CARTESIAN_POINT('',(38.59885364558,68.450888987607,
    53.234942271208));
#1030 = CARTESIAN_POINT('',(38.623910801214,68.444484435327,
    53.242808780937));
#1031 = CARTESIAN_POINT('',(38.649185179639,68.438543466395,
    53.250198841457));
#1032 = CARTESIAN_POINT('',(38.674664633745,68.433076430587,
    53.257076408982));
#1033 = CARTESIAN_POINT('',(38.700339210735,68.428092741849,
    53.26340756708));
#1034 = CARTESIAN_POINT('',(38.770841918213,68.415847391155,
    53.279090814569));
#1035 = CARTESIAN_POINT('',(38.816081243454,68.409552716465,
    53.287307894998));
#1036 = CARTESIAN_POINT('',(38.861753814647,68.40478937557,
    53.293613352936));
#1037 = CARTESIAN_POINT('',(38.907713133393,68.401598682203,
    53.297868866299));
#1038 = CARTESIAN_POINT('',(38.953831500437,68.4,53.3));
#1039 = CARTESIAN_POINT('',(39.045838288382,68.4,53.3));
#1040 = CARTESIAN_POINT('',(39.091628099944,68.401575894426,
    53.297899233174));
#1041 = CARTESIAN_POINT('',(39.137262204679,68.404721279355,
    53.293704179115));
#1042 = CARTESIAN_POINT('',(39.182615188038,68.409417264695,
    53.28748722262));
#1043 = CARTESIAN_POINT('',(39.227543443937,68.415623582406,
    53.279383010451));
#1044 = CARTESIAN_POINT('',(39.297686017302,68.427718691673,
    53.263883587612));
#1045 = CARTESIAN_POINT('',(39.323301376614,68.432657268307,
    53.257605764552));
#1046 = CARTESIAN_POINT('',(39.348723419996,68.438077025111,
    53.25078277816));
#1047 = CARTESIAN_POINT('',(39.373942136811,68.443968619743,
    53.243448219249));
#1048 = CARTESIAN_POINT('',(39.398945331484,68.450321767038,
    53.235637830215));
#1049 = CARTESIAN_POINT('',(39.518799836883,68.483237326572,
    53.195731993945));
#1050 = CARTESIAN_POINT('',(39.610361957233,68.515944964522,
    53.1576655895));
#1051 = CARTESIAN_POINT('',(39.69850375863,68.554799654707,
    53.115064787315));
#1052 = CARTESIAN_POINT('',(39.783232569461,68.599595629952,
    53.06954103019));
#1053 = CARTESIAN_POINT('',(39.864511714023,68.650227340051,
    53.022286703064));
#1054 = CARTESIAN_POINT('',(40.013413213358,68.7587368472,
    52.930325183986));
#1055 = CARTESIAN_POINT('',(40.081604719386,68.81561355779,
    52.885750560662));
#1056 = CARTESIAN_POINT('',(40.146802212016,68.877684465099,
    52.841261512902));
#1057 = CARTESIAN_POINT('',(40.208767675844,68.945170079137,
    52.797521267998));
#1058 = CARTESIAN_POINT('',(40.267085583424,69.018334740468,
    52.755240331455));
#1059 = CARTESIAN_POINT('',(40.345770741894,69.133506075011,
    52.696995832807));
#1060 = CARTESIAN_POINT('',(40.369536500671,69.170832068936,
    52.679219098946));
#1061 = CARTESIAN_POINT('',(40.392338878554,69.209400833787,
    52.6620042094));
#1062 = CARTESIAN_POINT('',(40.414099835141,69.249216582728,
    52.645441005312));
#1063 = CARTESIAN_POINT('',(40.434734613199,69.290279360998,
    52.629622852898));
#1064 = CARTESIAN_POINT('',(40.498888661221,69.430057050877,
    52.580141560626));
#1065 = CARTESIAN_POINT('',(40.537586167586,69.535050954446,
    52.549778272049));
#1066 = CARTESIAN_POINT('',(40.568193629656,69.646222442223,
    52.52544413682));
#1067 = CARTESIAN_POINT('',(40.589290014789,69.761964624848,
    52.50856824784));
#1068 = CARTESIAN_POINT('',(40.6,69.880501433592,52.5));
#1069 = CARTESIAN_POINT('',(40.6,70.,52.5));
#1070 = FACE_BOUND('',#1071,.F.);
#1071 = EDGE_LOOP('',(#1072));
#1072 = ORIENTED_EDGE('',*,*,#1073,.T.);
#1073 = EDGE_CURVE('',#1074,#1074,#1076,.T.);
#1074 = VERTEX_POINT('',#1075);
#1075 = CARTESIAN_POINT('',(59.6,70.,52.5));
#1076 = B_SPLINE_CURVE_WITH_KNOTS('',6,(#1077,#1078,#1079,#1080,#1081,
    #1082,#1083,#1084,#1085,#1086,#1087,#1088,#1089,#1090,#1091,#1092,
    #1093,#1094,#1095,#1096,#1097,#1098,#1099,#1100,#1101,#1102,#1103,
    #1104,#1105,#1106,#1107,#1108,#1109,#1110,#1111,#1112,#1113,#1114,
    #1115,#1116,#1117,#1118,#1119,#1120,#1121,#1122,#1123,#1124,#1125,
    #1126,#1127,#1128,#1129,#1130,#1131,#1132,#1133,#1134,#1135,#1136,
    #1137,#1138,#1139,#1140,#1141,#1142,#1143,#1144,#1145,#1146,#1147,
    #1148,#1149,#1150,#1151,#1152,#1153,#1154,#1155,#1156,#1157,#1158,
    #1159,#1160,#1161,#1162,#1163,#1164,#1165,#1166,#1167,#1168,#1169,
    #1170,#1171,#1172,#1173,#1174,#1175,#1176,#1177,#1178,#1179,#1180,
    #1181,#1182,#1183,#1184,#1185,#1186,#1187,#1188,#1189,#1190,#1191,
    #1192,#1193,#1194,#1195,#1196,#1197,#1198),.UNSPECIFIED.,.T.,.F.,(7,
    5,5,5,5,5,5,5,5,5,5,5,5,5,5,5,5,5,5,5,5,5,5,5,7),(0.,
    5.99321720785E-02,8.610144593961E-02,0.143626528119,0.205479821645,
    0.221808169267,0.249992826246,0.277975897973,0.29425823797,
    0.356750725552,0.413865761317,0.439932785653,0.499991029487,
    0.559925346785,0.586095561936,0.64362272244,0.705478250664,
    0.721807185254,0.749992850241,0.777976922766,0.794259845091,
    0.856754567679,0.913871646129,0.939939603705,1.),.UNSPECIFIED.);
#1077 = CARTESIAN_POINT('',(59.6,70.,52.5));
#1078 = CARTESIAN_POINT('',(59.6,70.119251987716,52.5));
#1079 = CARTESIAN_POINT('',(59.589334164133,70.237559126618,
    52.508532919075));
#1080 = CARTESIAN_POINT('',(59.568319767771,70.353091873896,
    52.525343252024));
#1081 = CARTESIAN_POINT('',(59.53782602087,70.464076781675,
    52.54958762473));
#1082 = CARTESIAN_POINT('',(59.499268025675,70.568908022292,
    52.579843776822));
#1083 = CARTESIAN_POINT('',(59.435224942647,70.7087415097,
    52.629246886354));
#1084 = CARTESIAN_POINT('',(59.414530842096,70.749989742989,
    52.645112772068));
#1085 = CARTESIAN_POINT('',(59.392700283047,70.789981392633,
    52.661731071223));
#1086 = CARTESIAN_POINT('',(59.369819179324,70.828716237492,
    52.679007209249));
#1087 = CARTESIAN_POINT('',(59.345966673941,70.866198311055,
    52.696850157456));
#1088 = CARTESIAN_POINT('',(59.26680651915,70.982093074058,
    52.755448308258));
#1089 = CARTESIAN_POINT('',(59.2080448729,71.055749261633,
    52.798046777908));
#1090 = CARTESIAN_POINT('',(59.145587201578,71.123646057947,
    52.842120483456));
#1091 = CARTESIAN_POINT('',(59.079856287527,71.186053902787,
    52.886944518314));
#1092 = CARTESIAN_POINT('',(59.011092842292,71.243197319446,
    52.931841886021));
#1093 = CARTESIAN_POINT('',(58.862267567348,71.3511359679,
    53.023579132929));
#1094 = CARTESIAN_POINT('',(58.781748672499,71.401127761046,
    53.070309496068));
#1095 = CARTESIAN_POINT('',(58.697850735369,71.445400192542,
    53.115326199518));
#1096 = CARTESIAN_POINT('',(58.610608236197,71.483850995545,
    53.157469426914));
#1097 = CARTESIAN_POINT('',(58.520013586085,71.516279779251,
    53.195178177866));
#1098 = CARTESIAN_POINT('',(58.40114635442,71.549111012393,
    53.234942271208));
#1099 = CARTESIAN_POINT('',(58.376089198786,71.555515564673,
    53.242808780937));
#1100 = CARTESIAN_POINT('',(58.350814820361,71.561456533605,
    53.250198841457));
#1101 = CARTESIAN_POINT('',(58.325335366255,71.566923569413,
    53.257076408982));
#1102 = CARTESIAN_POINT('',(58.299660789265,71.571907258151,
    53.26340756708));
#1103 = CARTESIAN_POINT('',(58.229158081779,71.584152608847,
    53.279090814571));
#1104 = CARTESIAN_POINT('',(58.183918756548,71.590447283534,
    53.287307894997));
#1105 = CARTESIAN_POINT('',(58.138246185362,71.59521062443,
    53.293613352935));
#1106 = CARTESIAN_POINT('',(58.092286866609,71.598401317797,
    53.2978688663));
#1107 = CARTESIAN_POINT('',(58.046168499554,71.6,53.3));
#1108 = CARTESIAN_POINT('',(57.954161711617,71.6,53.3));
#1109 = CARTESIAN_POINT('',(57.908371900056,71.598424105574,
    53.297899233174));
#1110 = CARTESIAN_POINT('',(57.862737795322,71.595278720645,
    53.293704179115));
#1111 = CARTESIAN_POINT('',(57.817384811962,71.590582735305,
    53.28748722262));
#1112 = CARTESIAN_POINT('',(57.772456556062,71.584376417593,
    53.279383010451));
#1113 = CARTESIAN_POINT('',(57.702313982697,71.572281308327,
    53.263883587612));
#1114 = CARTESIAN_POINT('',(57.676698623386,71.567342731693,
    53.257605764552));
#1115 = CARTESIAN_POINT('',(57.651276580004,71.561922974889,
    53.25078277816));
#1116 = CARTESIAN_POINT('',(57.626057863189,71.556031380257,
    53.243448219249));
#1117 = CARTESIAN_POINT('',(57.601054668516,71.549678232962,
    53.235637830215));
#1118 = CARTESIAN_POINT('',(57.481200163117,71.516762673428,
    53.195731993945));
#1119 = CARTESIAN_POINT('',(57.389638042767,71.484055035478,
    53.1576655895));
#1120 = CARTESIAN_POINT('',(57.30149624137,71.445200345293,
    53.115064787315));
#1121 = CARTESIAN_POINT('',(57.216767430539,71.400404370048,
    53.06954103019));
#1122 = CARTESIAN_POINT('',(57.135488285977,71.349772659949,
    53.022286703064));
#1123 = CARTESIAN_POINT('',(56.986586786642,71.241263152799,
    52.930325183986));
#1124 = CARTESIAN_POINT('',(56.918395280614,71.18438644221,
    52.885750560662));
#1125 = CARTESIAN_POINT('',(56.853197787984,71.1223155349,
    52.841261512902));
#1126 = CARTESIAN_POINT('',(56.791232324156,71.054829920863,
    52.797521267998));
#1127 = CARTESIAN_POINT('',(56.732914416576,70.981665259531,
    52.755240331455));
#1128 = CARTESIAN_POINT('',(56.654229258106,70.866493924989,
    52.696995832807));
#1129 = CARTESIAN_POINT('',(56.630463499329,70.829167931063,
    52.679219098946));
#1130 = CARTESIAN_POINT('',(56.607661121446,70.790599166212,
    52.6620042094));
#1131 = CARTESIAN_POINT('',(56.585900164859,70.750783417272,
    52.645441005312));
#1132 = CARTESIAN_POINT('',(56.565265386801,70.709720639002,
    52.629622852898));
#1133 = CARTESIAN_POINT('',(56.501111338518,70.569942948553,
    52.580141560424));
#1134 = CARTESIAN_POINT('',(56.462413832616,70.464949045753,
    52.5497782722));
#1135 = CARTESIAN_POINT('',(56.431806370479,70.353777558424,
    52.525444136933));
#1136 = CARTESIAN_POINT('',(56.410709985094,70.238035375292,
    52.508568247745));
#1137 = CARTESIAN_POINT('',(56.4,70.119498565748,52.5));
#1138 = CARTESIAN_POINT('',(56.4,69.880748012282,52.5));
#1139 = CARTESIAN_POINT('',(56.410665835867,69.762440873383,
    52.508532919075));
#1140 = CARTESIAN_POINT('',(56.431680232228,69.646908126106,
    52.525343252024));
#1141 = CARTESIAN_POINT('',(56.462173979129,69.535923218326,
    52.54958762473));
#1142 = CARTESIAN_POINT('',(56.500731974325,69.431091977706,
    52.579843776822));
#1143 = CARTESIAN_POINT('',(56.564775060763,69.291258482856,
    52.629246888984));
#1144 = CARTESIAN_POINT('',(56.585469156684,69.250010258054,
    52.645112771195));
#1145 = CARTESIAN_POINT('',(56.60729971324,69.210018613895,
    52.661731068425));
#1146 = CARTESIAN_POINT('',(56.630180819891,69.171283764877,
    52.679007208613));
#1147 = CARTESIAN_POINT('',(56.654033330012,69.133801683158,
    52.696850160382));
#1148 = CARTESIAN_POINT('',(56.73319348085,69.017906925942,
    52.755448308258));
#1149 = CARTESIAN_POINT('',(56.7919551271,68.944250738367,
    52.798046777908));
#1150 = CARTESIAN_POINT('',(56.854412798421,68.876353942053,
    52.842120483455));
#1151 = CARTESIAN_POINT('',(56.920143712473,68.813946097213,
    52.886944518314));
#1152 = CARTESIAN_POINT('',(56.988907157707,68.756802680554,
    52.931841886021));
#1153 = CARTESIAN_POINT('',(57.137732432652,68.6488640321,
    53.023579132929));
#1154 = CARTESIAN_POINT('',(57.218251327501,68.598872238954,
    53.070309496068));
#1155 = CARTESIAN_POINT('',(57.302149264631,68.554599807458,
    53.115326199518));
#1156 = CARTESIAN_POINT('',(57.389391763803,68.516149004455,
    53.157469426914));
#1157 = CARTESIAN_POINT('',(57.479986413915,68.483720220749,
    53.195178177866));
#1158 = CARTESIAN_POINT('',(57.598853641083,68.450888988849,
    53.234942269704));
#1159 = CARTESIAN_POINT('',(57.623910802548,68.444484435219,
    53.2428087811));
#1160 = CARTESIAN_POINT('',(57.649185184265,68.438543465361,
    53.25019884274));
#1161 = CARTESIAN_POINT('',(57.674664634882,68.433076430143,
    53.257076409505));
#1162 = CARTESIAN_POINT('',(57.700339205991,68.428092742673,
    53.263407566025));
#1163 = CARTESIAN_POINT('',(57.770841918221,68.415847391153,
    53.279090814571));
#1164 = CARTESIAN_POINT('',(57.816081243452,68.409552716466,
    53.287307894997));
#1165 = CARTESIAN_POINT('',(57.861753814638,68.40478937557,
    53.293613352935));
#1166 = CARTESIAN_POINT('',(57.907713133391,68.401598682203,
    53.2978688663));
#1167 = CARTESIAN_POINT('',(57.953831500446,68.4,53.3));
#1168 = CARTESIAN_POINT('',(58.045838288382,68.4,53.3));
#1169 = CARTESIAN_POINT('',(58.091628099944,68.401575894426,
    53.297899233174));
#1170 = CARTESIAN_POINT('',(58.137262204679,68.404721279355,
    53.293704179115));
#1171 = CARTESIAN_POINT('',(58.182615188038,68.409417264695,
    53.28748722262));
#1172 = CARTESIAN_POINT('',(58.227543443937,68.415623582406,
    53.279383010451));
#1173 = CARTESIAN_POINT('',(58.297686017303,68.427718691673,
    53.263883587612));
#1174 = CARTESIAN_POINT('',(58.323301376614,68.432657268307,
    53.257605764552));
#1175 = CARTESIAN_POINT('',(58.348723419996,68.438077025111,
    53.25078277816));
#1176 = CARTESIAN_POINT('',(58.373942136811,68.443968619743,
    53.243448219249));
#1177 = CARTESIAN_POINT('',(58.398945331484,68.450321767038,
    53.235637830215));
#1178 = CARTESIAN_POINT('',(58.518799836883,68.483237326572,
    53.195731993945));
#1179 = CARTESIAN_POINT('',(58.610361957233,68.515944964522,
    53.1576655895));
#1180 = CARTESIAN_POINT('',(58.698503758631,68.554799654708,
    53.115064787315));
#1181 = CARTESIAN_POINT('',(58.783232569461,68.599595629952,
    53.06954103019));
#1182 = CARTESIAN_POINT('',(58.864511714023,68.650227340051,
    53.022286703064));
#1183 = CARTESIAN_POINT('',(59.013413213358,68.758736847201,
    52.930325183986));
#1184 = CARTESIAN_POINT('',(59.081604719386,68.815613557791,
    52.885750560662));
#1185 = CARTESIAN_POINT('',(59.146802212016,68.877684465099,
    52.841261512902));
#1186 = CARTESIAN_POINT('',(59.208767675844,68.945170079138,
    52.797521267998));
#1187 = CARTESIAN_POINT('',(59.267085583424,69.018334740469,
    52.755240331455));
#1188 = CARTESIAN_POINT('',(59.34577074281,69.133506076352,
    52.696995832129));
#1189 = CARTESIAN_POINT('',(59.369536500473,69.17083206835,
    52.679219099105));
#1190 = CARTESIAN_POINT('',(59.392338877689,69.209400832258,
    52.662004210053));
#1191 = CARTESIAN_POINT('',(59.414099834892,69.249216582553,
    52.645441005489));
#1192 = CARTESIAN_POINT('',(59.434734614051,69.290279362853,
    52.629622852242));
#1193 = CARTESIAN_POINT('',(59.49888866122,69.430057050876,
    52.580141560626));
#1194 = CARTESIAN_POINT('',(59.537586167586,69.535050954447,
    52.549778272049));
#1195 = CARTESIAN_POINT('',(59.568193629656,69.646222442223,
    52.52544413682));
#1196 = CARTESIAN_POINT('',(59.589290014789,69.761964624849,
    52.50856824784));
#1197 = CARTESIAN_POINT('',(59.6,69.880501433591,52.5));
#1198 = CARTESIAN_POINT('',(59.6,70.,52.5));
#1199 = CYLINDRICAL_SURFACE('',#1200,2.);
#1200 = AXIS2_PLACEMENT_3D('',#1201,#1202,#1203);
#1201 = CARTESIAN_POINT('',(20.,70.,54.5));
#1202 = DIRECTION('',(1.,0.,0.));
#1203 = DIRECTION('',(-0.,0.,1.));
#1204 = ADVANCED_FACE('',(#1205),#1248,.F.);
#1205 = FACE_BOUND('',#1206,.F.);
#1206 = EDGE_LOOP('',(#1207,#1208,#1215,#1222,#1223,#1224,#1225,#1233,
    #1242));
#1207 = ORIENTED_EDGE('',*,*,#772,.F.);
#1208 = ORIENTED_EDGE('',*,*,#1209,.F.);
#1209 = EDGE_CURVE('',#1210,#773,#1212,.T.);
#1210 = VERTEX_POINT('',#1211);
#1211 = CARTESIAN_POINT('',(21.6,70.,36.5));
#1212 = B_SPLINE_CURVE_WITH_KNOTS('',1,(#1213,#1214),.UNSPECIFIED.,.F.,
  .F.,(2,2),(0.,16.),.PIECEWISE_BEZIER_KNOTS.);
#1213 = CARTESIAN_POINT('',(21.6,70.,36.5));
#1214 = CARTESIAN_POINT('',(21.6,70.,52.5));
#1215 = ORIENTED_EDGE('',*,*,#1216,.T.);
#1216 = EDGE_CURVE('',#1210,#1210,#1217,.T.);
#1217 = CIRCLE('',#1218,1.6);
#1218 = AXIS2_PLACEMENT_3D('',#1219,#1220,#1221);
#1219 = CARTESIAN_POINT('',(20.,70.,36.5));
#1220 = DIRECTION('',(0.,0.,1.));
#1221 = DIRECTION('',(1.,0.,-0.));
#1222 = ORIENTED_EDGE('',*,*,#1209,.T.);
#1223 = ORIENTED_EDGE('',*,*,#912,.F.);
#1224 = ORIENTED_EDGE('',*,*,#278,.F.);
#1225 = ORIENTED_EDGE('',*,*,#1226,.T.);
#1226 = EDGE_CURVE('',#270,#1227,#1229,.T.);
#1227 = VERTEX_POINT('',#1228);
#1228 = CARTESIAN_POINT('',(18.4,70.,54.5));
#1229 = LINE('',#1230,#1231);
#1230 = CARTESIAN_POINT('',(18.4,70.,46.));
#1231 = VECTOR('',#1232,1.);
#1232 = DIRECTION('',(0.,0.,1.));
#1233 = ORIENTED_EDGE('',*,*,#1234,.F.);
#1234 = EDGE_CURVE('',#1235,#1227,#1237,.T.);
#1235 = VERTEX_POINT('',#1236);
#1236 = CARTESIAN_POINT('',(20.,71.6,54.5));
#1237 = CIRCLE('',#1238,1.6);
#1238 = AXIS2_PLACEMENT_3D('',#1239,#1240,#1241);
#1239 = CARTESIAN_POINT('',(20.,70.,54.5));
#1240 = DIRECTION('',(0.,0.,1.));
#1241 = DIRECTION('',(1.,0.,-0.));
#1242 = ORIENTED_EDGE('',*,*,#1243,.F.);
#1243 = EDGE_CURVE('',#775,#1235,#1244,.T.);
#1244 = LINE('',#1245,#1246);
#1245 = CARTESIAN_POINT('',(20.,71.6,46.));
#1246 = VECTOR('',#1247,1.);
#1247 = DIRECTION('',(0.,0.,1.));
#1248 = CYLINDRICAL_SURFACE('',#1249,1.6);
#1249 = AXIS2_PLACEMENT_3D('',#1250,#1251,#1252);
#1250 = CARTESIAN_POINT('',(20.,70.,36.5));
#1251 = DIRECTION('',(0.,0.,1.));
#1252 = DIRECTION('',(1.,0.,-0.));
#1253 = ADVANCED_FACE('',(#1254),#1272,.F.);
#1254 = FACE_BOUND('',#1255,.F.);
#1255 = EDGE_LOOP('',(#1256,#1257,#1265,#1271));
#1256 = ORIENTED_EDGE('',*,*,#269,.T.);
#1257 = ORIENTED_EDGE('',*,*,#1258,.F.);
#1258 = EDGE_CURVE('',#1259,#262,#1261,.T.);
#1259 = VERTEX_POINT('',#1260);
#1260 = CARTESIAN_POINT('',(20.,70.,54.5));
#1261 = LINE('',#1262,#1263);
#1262 = CARTESIAN_POINT('',(20.,70.,54.5));
#1263 = VECTOR('',#1264,1.);
#1264 = DIRECTION('',(0.,0.,1.));
#1265 = ORIENTED_EDGE('',*,*,#1266,.T.);
#1266 = EDGE_CURVE('',#1259,#1227,#1267,.T.);
#1267 = LINE('',#1268,#1269);
#1268 = CARTESIAN_POINT('',(20.,70.,54.5));
#1269 = VECTOR('',#1270,1.);
#1270 = DIRECTION('',(-1.,0.,0.));
#1271 = ORIENTED_EDGE('',*,*,#1226,.F.);
#1272 = PLANE('',#1273);
#1273 = AXIS2_PLACEMENT_3D('',#1274,#1275,#1276);
#1274 = CARTESIAN_POINT('',(20.,70.,54.5));
#1275 = DIRECTION('',(0.,1.,0.));
#1276 = DIRECTION('',(0.,-0.,1.));
#1277 = ADVANCED_FACE('',(#1278),#1303,.F.);
#1278 = FACE_BOUND('',#1279,.F.);
#1279 = EDGE_LOOP('',(#1280,#1288,#1289,#1297));
#1280 = ORIENTED_EDGE('',*,*,#1281,.T.);
#1281 = EDGE_CURVE('',#1282,#386,#1284,.T.);
#1282 = VERTEX_POINT('',#1283);
#1283 = CARTESIAN_POINT('',(77.,45.,54.5));
#1284 = LINE('',#1285,#1286);
#1285 = CARTESIAN_POINT('',(77.,45.,54.5));
#1286 = VECTOR('',#1287,1.);
#1287 = DIRECTION('',(0.,0.,1.));
#1288 = ORIENTED_EDGE('',*,*,#475,.T.);
#1289 = ORIENTED_EDGE('',*,*,#1290,.T.);
#1290 = EDGE_CURVE('',#403,#1291,#1293,.T.);
#1291 = VERTEX_POINT('',#1292);
#1292 = CARTESIAN_POINT('',(77.,43.4,54.5));
#1293 = LINE('',#1294,#1295);
#1294 = CARTESIAN_POINT('',(77.,43.4,46.));
#1295 = VECTOR('',#1296,1.);
#1296 = DIRECTION('',(0.,0.,1.));
#1297 = ORIENTED_EDGE('',*,*,#1298,.T.);
#1298 = EDGE_CURVE('',#1291,#1282,#1299,.T.);
#1299 = LINE('',#1300,#1301);
#1300 = CARTESIAN_POINT('',(77.,45.,54.5));
#1301 = VECTOR('',#1302,1.);
#1302 = DIRECTION('',(0.,1.,0.));
#1303 = PLANE('',#1304);
#1304 = AXIS2_PLACEMENT_3D('',#1305,#1306,#1307);
#1305 = CARTESIAN_POINT('',(77.,45.,54.5));
#1306 = DIRECTION('',(1.,0.,0.));
#1307 = DIRECTION('',(-0.,0.,1.));
#1308 = ADVANCED_FACE('',(#1309),#1405,.F.);
#1309 = FACE_BOUND('',#1310,.F.);
#1310 = EDGE_LOOP('',(#1311,#1320,#1321,#1322,#1384,#1391,#1398,#1399));
#1311 = ORIENTED_EDGE('',*,*,#1312,.F.);
#1312 = EDGE_CURVE('',#1291,#1313,#1315,.T.);
#1313 = VERTEX_POINT('',#1314);
#1314 = CARTESIAN_POINT('',(78.6,45.,54.5));
#1315 = CIRCLE('',#1316,1.6);
#1316 = AXIS2_PLACEMENT_3D('',#1317,#1318,#1319);
#1317 = CARTESIAN_POINT('',(77.,45.,54.5));
#1318 = DIRECTION('',(0.,0.,1.));
#1319 = DIRECTION('',(1.,0.,-0.));
#1320 = ORIENTED_EDGE('',*,*,#1290,.F.);
#1321 = ORIENTED_EDGE('',*,*,#402,.F.);
#1322 = ORIENTED_EDGE('',*,*,#1323,.F.);
#1323 = EDGE_CURVE('',#1324,#394,#1326,.T.);
#1324 = VERTEX_POINT('',#1325);
#1325 = CARTESIAN_POINT('',(78.6,45.,53.3));
#1326 = B_SPLINE_CURVE_WITH_KNOTS('',6,(#1327,#1328,#1329,#1330,#1331,
    #1332,#1333,#1334,#1335,#1336,#1337,#1338,#1339,#1340,#1341,#1342,
    #1343,#1344,#1345,#1346,#1347,#1348,#1349,#1350,#1351,#1352,#1353,
    #1354,#1355,#1356,#1357,#1358,#1359,#1360,#1361,#1362,#1363,#1364,
    #1365,#1366,#1367,#1368,#1369,#1370,#1371,#1372,#1373,#1374,#1375,
    #1376,#1377,#1378,#1379,#1380,#1381,#1382,#1383),.UNSPECIFIED.,.F.,
  .F.,(7,5,5,5,5,5,5,5,5,5,5,7),(0.,8.827940013881E-02,0.213336139697,
    0.328844452067,0.380373074577,0.448493832652,0.550846512789,
    0.617877591016,0.786951164568,0.894594817456,0.943269503418,1.),
  .UNSPECIFIED.);
#1327 = CARTESIAN_POINT('',(78.6,45.,53.3));
#1328 = CARTESIAN_POINT('',(78.6,45.072649687101,53.3));
#1329 = CARTESIAN_POINT('',(78.596041548545,45.144944585068,
    53.294722179572));
#1330 = CARTESIAN_POINT('',(78.588196924709,45.216611810588,
    53.284262152539));
#1331 = CARTESIAN_POINT('',(78.576564417128,45.287329371622,
    53.269025401522));
#1332 = CARTESIAN_POINT('',(78.561304426113,45.35663455245,
    53.249731730403));
#1333 = CARTESIAN_POINT('',(78.51667632203,45.519081126927,
    53.195629216116));
#1334 = CARTESIAN_POINT('',(78.483899807933,45.610776496265,
    53.157487454778));
#1335 = CARTESIAN_POINT('',(78.444958101553,45.699040798712,
    53.114801845804));
#1336 = CARTESIAN_POINT('',(78.400057429131,45.78388150288,
    53.069190529464));
#1337 = CARTESIAN_POINT('',(78.349303130133,45.865261864127,
    53.021849787744));
#1338 = CARTESIAN_POINT('',(78.239968348435,46.015091137196,
    52.92926426034));
#1339 = CARTESIAN_POINT('',(78.182284097134,46.084048613903,
    52.884137378034));
#1340 = CARTESIAN_POINT('',(78.119274094363,46.149936906444,
    52.839112353326));
#1341 = CARTESIAN_POINT('',(78.050708522681,46.212505221895,
    52.794876523608));
#1342 = CARTESIAN_POINT('',(77.976313258822,46.271315867009,
    52.752169218006));
#1343 = CARTESIAN_POINT('',(77.859950275534,46.349949069517,
    52.693872237921));
#1344 = CARTESIAN_POINT('',(77.822843213654,46.373325508246,
    52.676363615846));
#1345 = CARTESIAN_POINT('',(77.784518396233,46.395750714827,
    52.659414620785));
#1346 = CARTESIAN_POINT('',(77.74497282556,46.41714804526,
    52.643112930707));
#1347 = CARTESIAN_POINT('',(77.70420759754,46.437434608951,
    52.627549477919));
#1348 = CARTESIAN_POINT('',(77.606730809684,46.48175380296,
    52.593344052027));
#1349 = CARTESIAN_POINT('',(77.549052013698,46.504916216816,
    52.575303629728));
#1350 = CARTESIAN_POINT('',(77.489340538483,46.525728158458,
    52.558971761658));
#1351 = CARTESIAN_POINT('',(77.427766838094,46.543936936717,
    52.54459937854));
#1352 = CARTESIAN_POINT('',(77.364520859027,46.559315364325,
    52.532410538883));
#1353 = CARTESIAN_POINT('',(77.202581013911,46.590207041926,
    52.50785749843));
#1354 = CARTESIAN_POINT('',(77.102120132382,46.601890368176,
    52.498494569725));
#1355 = CARTESIAN_POINT('',(76.999999739948,46.60587431263,
    52.495283684965));
#1356 = CARTESIAN_POINT('',(76.897879611477,46.601890286585,
    52.498494634687));
#1357 = CARTESIAN_POINT('',(76.79741919851,46.590207082448,
    52.507857466223));
#1358 = CARTESIAN_POINT('',(76.636514134296,46.55951279986,
    52.532253614978));
#1359 = CARTESIAN_POINT('',(76.574248351753,46.544426504049,
    52.544211348385));
#1360 = CARTESIAN_POINT('',(76.513594549576,46.526594179307,
    52.558288181772));
#1361 = CARTESIAN_POINT('',(76.454738327069,46.506232589802,
    52.574270510522));
#1362 = CARTESIAN_POINT('',(76.397846956639,46.483583817589,
    52.591918393744));
#1363 = CARTESIAN_POINT('',(76.204896242422,46.396700479707,
    52.65901923868));
#1364 = CARTESIAN_POINT('',(76.080167442543,46.321649526957,
    52.715988924796));
#1365 = CARTESIAN_POINT('',(75.968603335305,46.236905181279,
    52.778574729069));
#1366 = CARTESIAN_POINT('',(75.869430725953,46.144475217043,
    52.844149603592));
#1367 = CARTESIAN_POINT('',(75.78183432421,46.045473075475,
    52.910616257492));
#1368 = CARTESIAN_POINT('',(75.656659751115,45.873100316967,
    53.016922755227));
#1369 = CARTESIAN_POINT('',(75.61247022492,45.803483841901,
    53.05766415386));
#1370 = CARTESIAN_POINT('',(75.572634346076,45.731322677228,
    53.097197832791));
#1371 = CARTESIAN_POINT('',(75.537178463753,45.656621907419,
    53.134793030769));
#1372 = CARTESIAN_POINT('',(75.506212427775,45.57936545591,
    53.169500430419));
#1373 = CARTESIAN_POINT('',(75.468104002463,45.463399788725,
    53.214065311261));
#1374 = CARTESIAN_POINT('',(75.457198806656,45.42674404639,
    53.227125871707));
#1375 = CARTESIAN_POINT('',(75.447293105703,45.389584272051,
    53.239246686464));
#1376 = CARTESIAN_POINT('',(75.438418059362,45.351953403133,
    53.25030841811));
#1377 = CARTESIAN_POINT('',(75.430601768594,45.313875114858,
    53.260198140555));
#1378 = CARTESIAN_POINT('',(75.416031633581,45.230478597761,
    53.278850341868));
#1379 = CARTESIAN_POINT('',(75.409664208225,45.184984838196,
    53.287160301746));
#1380 = CARTESIAN_POINT('',(75.404845402122,45.139050729872,
    53.293538623969));
#1381 = CARTESIAN_POINT('',(75.401617409234,45.092825237513,
    53.297843911278));
#1382 = CARTESIAN_POINT('',(75.399999982586,45.046438014031,
    53.300000023219));
#1383 = CARTESIAN_POINT('',(75.4,44.9999994,53.3));
#1384 = ORIENTED_EDGE('',*,*,#1385,.F.);
#1385 = EDGE_CURVE('',#1386,#1324,#1388,.T.);
#1386 = VERTEX_POINT('',#1387);
#1387 = CARTESIAN_POINT('',(78.6,45.,36.5));
#1388 = B_SPLINE_CURVE_WITH_KNOTS('',1,(#1389,#1390),.UNSPECIFIED.,.F.,
  .F.,(2,2),(0.,16.8),.PIECEWISE_BEZIER_KNOTS.);
#1389 = CARTESIAN_POINT('',(78.6,45.,36.5));
#1390 = CARTESIAN_POINT('',(78.6,45.,53.3));
#1391 = ORIENTED_EDGE('',*,*,#1392,.T.);
#1392 = EDGE_CURVE('',#1386,#1386,#1393,.T.);
#1393 = CIRCLE('',#1394,1.6);
#1394 = AXIS2_PLACEMENT_3D('',#1395,#1396,#1397);
#1395 = CARTESIAN_POINT('',(77.,45.,36.5));
#1396 = DIRECTION('',(0.,0.,1.));
#1397 = DIRECTION('',(1.,0.,-0.));
#1398 = ORIENTED_EDGE('',*,*,#1385,.T.);
#1399 = ORIENTED_EDGE('',*,*,#1400,.T.);
#1400 = EDGE_CURVE('',#1324,#1313,#1401,.T.);
#1401 = LINE('',#1402,#1403);
#1402 = CARTESIAN_POINT('',(78.6,45.,46.));
#1403 = VECTOR('',#1404,1.);
#1404 = DIRECTION('',(0.,0.,1.));
#1405 = CYLINDRICAL_SURFACE('',#1406,1.6);
#1406 = AXIS2_PLACEMENT_3D('',#1407,#1408,#1409);
#1407 = CARTESIAN_POINT('',(77.,45.,36.5));
#1408 = DIRECTION('',(0.,0.,1.));
#1409 = DIRECTION('',(1.,0.,-0.));
#1410 = ADVANCED_FACE('',(#1411),#1499,.F.);
#1411 = FACE_BOUND('',#1412,.F.);
#1412 = EDGE_LOOP('',(#1413,#1422,#1428,#1435,#1436,#1437,#1438,#1439));
#1413 = ORIENTED_EDGE('',*,*,#1414,.F.);
#1414 = EDGE_CURVE('',#819,#1415,#1417,.T.);
#1415 = VERTEX_POINT('',#1416);
#1416 = CARTESIAN_POINT('',(78.6,70.,53.3));
#1417 = CIRCLE('',#1418,2.);
#1418 = AXIS2_PLACEMENT_3D('',#1419,#1420,#1421);
#1419 = CARTESIAN_POINT('',(77.,70.,54.5));
#1420 = DIRECTION('',(0.,1.,0.));
#1421 = DIRECTION('',(0.,-0.,1.));
#1422 = ORIENTED_EDGE('',*,*,#1423,.F.);
#1423 = EDGE_CURVE('',#386,#819,#1424,.T.);
#1424 = LINE('',#1425,#1426);
#1425 = CARTESIAN_POINT('',(77.,45.,56.5));
#1426 = VECTOR('',#1427,1.);
#1427 = DIRECTION('',(0.,1.,0.));
#1428 = ORIENTED_EDGE('',*,*,#1429,.T.);
#1429 = EDGE_CURVE('',#386,#1324,#1430,.T.);
#1430 = CIRCLE('',#1431,2.);
#1431 = AXIS2_PLACEMENT_3D('',#1432,#1433,#1434);
#1432 = CARTESIAN_POINT('',(77.,45.,54.5));
#1433 = DIRECTION('',(0.,1.,0.));
#1434 = DIRECTION('',(0.,-0.,1.));
#1435 = ORIENTED_EDGE('',*,*,#1323,.T.);
#1436 = ORIENTED_EDGE('',*,*,#393,.T.);
#1437 = ORIENTED_EDGE('',*,*,#1423,.T.);
#1438 = ORIENTED_EDGE('',*,*,#902,.T.);
#1439 = ORIENTED_EDGE('',*,*,#1440,.T.);
#1440 = EDGE_CURVE('',#836,#1415,#1441,.T.);
#1441 = B_SPLINE_CURVE_WITH_KNOTS('',6,(#1442,#1443,#1444,#1445,#1446,
    #1447,#1448,#1449,#1450,#1451,#1452,#1453,#1454,#1455,#1456,#1457,
    #1458,#1459,#1460,#1461,#1462,#1463,#1464,#1465,#1466,#1467,#1468,
    #1469,#1470,#1471,#1472,#1473,#1474,#1475,#1476,#1477,#1478,#1479,
    #1480,#1481,#1482,#1483,#1484,#1485,#1486,#1487,#1488,#1489,#1490,
    #1491,#1492,#1493,#1494,#1495,#1496,#1497,#1498),.UNSPECIFIED.,.F.,
  .F.,(7,5,5,5,5,5,5,5,5,5,5,7),(0.,5.09759017785E-02,0.1027805126,
    0.213856466586,0.381058766868,0.449181772374,0.55153782925,
    0.618571118912,0.669763798216,0.787479110198,0.912687531456,1.),
  .UNSPECIFIED.);
#1442 = CARTESIAN_POINT('',(75.4,70.0000006,53.3));
#1443 = CARTESIAN_POINT('',(75.399999984354,69.958278644605,
    53.300000020861));
#1444 = CARTESIAN_POINT('',(75.401305528228,69.91658788733,
    53.29825954997));
#1445 = CARTESIAN_POINT('',(75.403912884413,69.875015031248,
    53.294782355166));
#1446 = CARTESIAN_POINT('',(75.407808459796,69.833658601957,
    53.289618582665));
#1447 = CARTESIAN_POINT('',(75.412963591257,69.792628903747,
    53.282862624494));
#1448 = CARTESIAN_POINT('',(75.425798538769,69.710807328569,
    53.266305851723));
#1449 = CARTESIAN_POINT('',(75.433517514403,69.670033410983,
    53.256457758313));
#1450 = CARTESIAN_POINT('',(75.442451343171,69.629745917069,
    53.245227418254));
#1451 = CARTESIAN_POINT('',(75.452566347094,69.589977589768,
    53.232749504865));
#1452 = CARTESIAN_POINT('',(75.463823891691,69.550774070655,
    53.219169576427));
#1453 = CARTESIAN_POINT('',(75.50265490524,69.429472426477,
    53.173489807173));
#1454 = CARTESIAN_POINT('',(75.534190156336,69.349520339336,
    53.13794087755));
#1455 = CARTESIAN_POINT('',(75.570513632714,69.272287584335,
    53.099250332537));
#1456 = CARTESIAN_POINT('',(75.611501012951,69.197757666407,
    53.05847271565));
#1457 = CARTESIAN_POINT('',(75.657118424831,69.125938219715,
    53.016411966002));
#1458 = CARTESIAN_POINT('',(75.783424665627,68.952851742121,
    52.909454877536));
#1459 = CARTESIAN_POINT('',(75.870190802683,68.855038152059,
    52.843756296214));
#1460 = CARTESIAN_POINT('',(75.968283491878,68.763665539375,
    52.778944662896));
#1461 = CARTESIAN_POINT('',(76.078489992297,68.679811286327,
    52.717052867828));
#1462 = CARTESIAN_POINT('',(76.201559061757,68.605409906144,
    52.660616750886));
#1463 = CARTESIAN_POINT('',(76.39326919029,68.518246197052,
    52.593344052036));
#1464 = CARTESIAN_POINT('',(76.450947986312,68.495083783176,
    52.575303629722));
#1465 = CARTESIAN_POINT('',(76.510659461551,68.474271841532,
    52.558971761651));
#1466 = CARTESIAN_POINT('',(76.572233161912,68.456063063286,
    52.544599378542));
#1467 = CARTESIAN_POINT('',(76.635479140929,68.440684635684,
    52.53241053889));
#1468 = CARTESIAN_POINT('',(76.797418986089,68.409792958074,
    52.50785749843));
#1469 = CARTESIAN_POINT('',(76.897879867618,68.398109631824,
    52.498494569725));
#1470 = CARTESIAN_POINT('',(77.000000260052,68.39412568737,
    52.495283684965));
#1471 = CARTESIAN_POINT('',(77.102120388523,68.398109713415,
    52.498494634687));
#1472 = CARTESIAN_POINT('',(77.20258080149,68.409792917552,
    52.507857466223));
#1473 = CARTESIAN_POINT('',(77.363485865704,68.44048720014,
    52.532253614978));
#1474 = CARTESIAN_POINT('',(77.425751648247,68.455573495951,
    52.544211348385));
#1475 = CARTESIAN_POINT('',(77.486405450424,68.473405820693,
    52.558288181772));
#1476 = CARTESIAN_POINT('',(77.545261672931,68.493767410198,
    52.574270510522));
#1477 = CARTESIAN_POINT('',(77.602153043361,68.516416182411,
    52.591918393744));
#1478 = CARTESIAN_POINT('',(77.698767118585,68.559920314417,
    52.625517057043));
#1479 = CARTESIAN_POINT('',(77.739404623088,68.579950308527,
    52.640895458527));
#1480 = CARTESIAN_POINT('',(77.77883898365,68.601084768838,
    52.657011113296));
#1481 = CARTESIAN_POINT('',(77.817068194869,68.623241706762,
    52.673774407606));
#1482 = CARTESIAN_POINT('',(77.854094317663,68.646345076712,
    52.691098803734));
#1483 = CARTESIAN_POINT('',(77.972311058785,68.725465038999,
    52.749835838464));
#1484 = CARTESIAN_POINT('',(78.048381521272,68.785247161736,
    52.793302440128));
#1485 = CARTESIAN_POINT('',(78.118387959309,68.848944753345,
    52.838379023736));
#1486 = CARTESIAN_POINT('',(78.182621434013,68.916090740034,
    52.884281964909));
#1487 = CARTESIAN_POINT('',(78.241325899459,68.986419916391,
    52.930285445923));
#1488 = CARTESIAN_POINT('',(78.351362321592,69.137946549558,
    53.023735628104));
#1489 = CARTESIAN_POINT('',(78.401986619278,69.219549564046,
    53.071087866623));
#1490 = CARTESIAN_POINT('',(78.446742599918,69.304623542197,
    53.116676806146));
#1491 = CARTESIAN_POINT('',(78.48551823818,69.393128924339,
    53.159292247067));
#1492 = CARTESIAN_POINT('',(78.518103496335,69.485071464457,
    53.197300049618));
#1493 = CARTESIAN_POINT('',(78.562129328146,69.647136783967,
    53.250775518803));
#1494 = CARTESIAN_POINT('',(78.577067361614,69.715745257254,
    53.269684183246));
#1495 = CARTESIAN_POINT('',(78.58845210732,69.785727808407,
    53.284602425905));
#1496 = CARTESIAN_POINT('',(78.596127988735,69.856634019557,
    53.294837424952));
#1497 = CARTESIAN_POINT('',(78.6,69.928147931601,53.3));
#1498 = CARTESIAN_POINT('',(78.6,70.,53.3));
#1499 = CYLINDRICAL_SURFACE('',#1500,2.);
#1500 = AXIS2_PLACEMENT_3D('',#1501,#1502,#1503);
#1501 = CARTESIAN_POINT('',(77.,45.,54.5));
#1502 = DIRECTION('',(0.,1.,0.));
#1503 = DIRECTION('',(0.,-0.,1.));
#1504 = ADVANCED_FACE('',(#1505),#1523,.F.);
#1505 = FACE_BOUND('',#1506,.F.);
#1506 = EDGE_LOOP('',(#1507,#1508,#1515,#1522));
#1507 = ORIENTED_EDGE('',*,*,#488,.F.);
#1508 = ORIENTED_EDGE('',*,*,#1509,.F.);
#1509 = EDGE_CURVE('',#1510,#489,#1512,.T.);
#1510 = VERTEX_POINT('',#1511);
#1511 = CARTESIAN_POINT('',(40.6,45.,36.5));
#1512 = B_SPLINE_CURVE_WITH_KNOTS('',1,(#1513,#1514),.UNSPECIFIED.,.F.,
  .F.,(2,2),(0.,16.),.PIECEWISE_BEZIER_KNOTS.);
#1513 = CARTESIAN_POINT('',(40.6,45.,36.5));
#1514 = CARTESIAN_POINT('',(40.6,45.,52.5));
#1515 = ORIENTED_EDGE('',*,*,#1516,.T.);
#1516 = EDGE_CURVE('',#1510,#1510,#1517,.T.);
#1517 = CIRCLE('',#1518,1.6);
#1518 = AXIS2_PLACEMENT_3D('',#1519,#1520,#1521);
#1519 = CARTESIAN_POINT('',(39.,45.,36.5));
#1520 = DIRECTION('',(0.,0.,1.));
#1521 = DIRECTION('',(1.,0.,-0.));
#1522 = ORIENTED_EDGE('',*,*,#1509,.T.);
#1523 = CYLINDRICAL_SURFACE('',#1524,1.6);
#1524 = AXIS2_PLACEMENT_3D('',#1525,#1526,#1527);
#1525 = CARTESIAN_POINT('',(39.,45.,36.5));
#1526 = DIRECTION('',(0.,0.,1.));
#1527 = DIRECTION('',(1.,0.,-0.));
#1528 = ADVANCED_FACE('',(#1529),#1547,.F.);
#1529 = FACE_BOUND('',#1530,.F.);
#1530 = EDGE_LOOP('',(#1531,#1532,#1539,#1546));
#1531 = ORIENTED_EDGE('',*,*,#617,.F.);
#1532 = ORIENTED_EDGE('',*,*,#1533,.F.);
#1533 = EDGE_CURVE('',#1534,#618,#1536,.T.);
#1534 = VERTEX_POINT('',#1535);
#1535 = CARTESIAN_POINT('',(59.6,45.,36.5));
#1536 = B_SPLINE_CURVE_WITH_KNOTS('',1,(#1537,#1538),.UNSPECIFIED.,.F.,
  .F.,(2,2),(0.,16.),.PIECEWISE_BEZIER_KNOTS.);
#1537 = CARTESIAN_POINT('',(59.6,45.,36.5));
#1538 = CARTESIAN_POINT('',(59.6,45.,52.5));
#1539 = ORIENTED_EDGE('',*,*,#1540,.T.);
#1540 = EDGE_CURVE('',#1534,#1534,#1541,.T.);
#1541 = CIRCLE('',#1542,1.6);
#1542 = AXIS2_PLACEMENT_3D('',#1543,#1544,#1545);
#1543 = CARTESIAN_POINT('',(58.,45.,36.5));
#1544 = DIRECTION('',(0.,0.,1.));
#1545 = DIRECTION('',(1.,0.,-0.));
#1546 = ORIENTED_EDGE('',*,*,#1533,.T.);
#1547 = CYLINDRICAL_SURFACE('',#1548,1.6);
#1548 = AXIS2_PLACEMENT_3D('',#1549,#1550,#1551);
#1549 = CARTESIAN_POINT('',(58.,45.,36.5));
#1550 = DIRECTION('',(0.,0.,1.));
#1551 = DIRECTION('',(1.,0.,-0.));
#1552 = ADVANCED_FACE('',(#1553),#1572,.T.);
#1553 = FACE_BOUND('',#1554,.T.);
#1554 = EDGE_LOOP('',(#1555,#1564,#1570,#1571));
#1555 = ORIENTED_EDGE('',*,*,#1556,.F.);
#1556 = EDGE_CURVE('',#1557,#1557,#1559,.T.);
#1557 = VERTEX_POINT('',#1558);
#1558 = CARTESIAN_POINT('',(23.1,45.,44.));
#1559 = CIRCLE('',#1560,3.1);
#1560 = AXIS2_PLACEMENT_3D('',#1561,#1562,#1563);
#1561 = CARTESIAN_POINT('',(20.,45.,44.));
#1562 = DIRECTION('',(0.,0.,1.));
#1563 = DIRECTION('',(1.,0.,-0.));
#1564 = ORIENTED_EDGE('',*,*,#1565,.F.);
#1565 = EDGE_CURVE('',#753,#1557,#1566,.T.);
#1566 = LINE('',#1567,#1568);
#1567 = CARTESIAN_POINT('',(23.1,45.,36.5));
#1568 = VECTOR('',#1569,1.);
#1569 = DIRECTION('',(0.,0.,1.));
#1570 = ORIENTED_EDGE('',*,*,#752,.T.);
#1571 = ORIENTED_EDGE('',*,*,#1565,.T.);
#1572 = CYLINDRICAL_SURFACE('',#1573,3.1);
#1573 = AXIS2_PLACEMENT_3D('',#1574,#1575,#1576);
#1574 = CARTESIAN_POINT('',(20.,45.,36.5));
#1575 = DIRECTION('',(0.,0.,1.));
#1576 = DIRECTION('',(1.,0.,-0.));
#1577 = ADVANCED_FACE('',(#1578),#1620,.F.);
#1578 = FACE_BOUND('',#1579,.F.);
#1579 = EDGE_LOOP('',(#1580,#1581,#1589,#1598,#1604,#1611,#1618,#1619));
#1580 = ORIENTED_EDGE('',*,*,#835,.F.);
#1581 = ORIENTED_EDGE('',*,*,#1582,.T.);
#1582 = EDGE_CURVE('',#827,#1583,#1585,.T.);
#1583 = VERTEX_POINT('',#1584);
#1584 = CARTESIAN_POINT('',(77.,71.6,54.5));
#1585 = LINE('',#1586,#1587);
#1586 = CARTESIAN_POINT('',(77.,71.6,46.));
#1587 = VECTOR('',#1588,1.);
#1588 = DIRECTION('',(0.,0.,1.));
#1589 = ORIENTED_EDGE('',*,*,#1590,.F.);
#1590 = EDGE_CURVE('',#1591,#1583,#1593,.T.);
#1591 = VERTEX_POINT('',#1592);
#1592 = CARTESIAN_POINT('',(78.6,70.,54.5));
#1593 = CIRCLE('',#1594,1.6);
#1594 = AXIS2_PLACEMENT_3D('',#1595,#1596,#1597);
#1595 = CARTESIAN_POINT('',(77.,70.,54.5));
#1596 = DIRECTION('',(0.,0.,1.));
#1597 = DIRECTION('',(1.,0.,-0.));
#1598 = ORIENTED_EDGE('',*,*,#1599,.F.);
#1599 = EDGE_CURVE('',#1415,#1591,#1600,.T.);
#1600 = LINE('',#1601,#1602);
#1601 = CARTESIAN_POINT('',(78.6,70.,46.));
#1602 = VECTOR('',#1603,1.);
#1603 = DIRECTION('',(0.,0.,1.));
#1604 = ORIENTED_EDGE('',*,*,#1605,.F.);
#1605 = EDGE_CURVE('',#1606,#1415,#1608,.T.);
#1606 = VERTEX_POINT('',#1607);
#1607 = CARTESIAN_POINT('',(78.6,70.,36.5));
#1608 = B_SPLINE_CURVE_WITH_KNOTS('',1,(#1609,#1610),.UNSPECIFIED.,.F.,
  .F.,(2,2),(0.,16.8),.PIECEWISE_BEZIER_KNOTS.);
#1609 = CARTESIAN_POINT('',(78.6,70.,36.5));
#1610 = CARTESIAN_POINT('',(78.6,70.,53.3));
#1611 = ORIENTED_EDGE('',*,*,#1612,.T.);
#1612 = EDGE_CURVE('',#1606,#1606,#1613,.T.);
#1613 = CIRCLE('',#1614,1.6);
#1614 = AXIS2_PLACEMENT_3D('',#1615,#1616,#1617);
#1615 = CARTESIAN_POINT('',(77.,70.,36.5));
#1616 = DIRECTION('',(0.,0.,1.));
#1617 = DIRECTION('',(1.,0.,-0.));
#1618 = ORIENTED_EDGE('',*,*,#1605,.T.);
#1619 = ORIENTED_EDGE('',*,*,#1440,.F.);
#1620 = CYLINDRICAL_SURFACE('',#1621,1.6);
#1621 = AXIS2_PLACEMENT_3D('',#1622,#1623,#1624);
#1622 = CARTESIAN_POINT('',(77.,70.,36.5));
#1623 = DIRECTION('',(0.,0.,1.));
#1624 = DIRECTION('',(1.,0.,-0.));
#1625 = ADVANCED_FACE('',(#1626),#1644,.F.);
#1626 = FACE_BOUND('',#1627,.F.);
#1627 = EDGE_LOOP('',(#1628,#1629,#1630,#1638));
#1628 = ORIENTED_EDGE('',*,*,#1582,.F.);
#1629 = ORIENTED_EDGE('',*,*,#826,.T.);
#1630 = ORIENTED_EDGE('',*,*,#1631,.F.);
#1631 = EDGE_CURVE('',#1632,#819,#1634,.T.);
#1632 = VERTEX_POINT('',#1633);
#1633 = CARTESIAN_POINT('',(77.,70.,54.5));
#1634 = LINE('',#1635,#1636);
#1635 = CARTESIAN_POINT('',(77.,70.,54.5));
#1636 = VECTOR('',#1637,1.);
#1637 = DIRECTION('',(0.,0.,1.));
#1638 = ORIENTED_EDGE('',*,*,#1639,.T.);
#1639 = EDGE_CURVE('',#1632,#1583,#1640,.T.);
#1640 = LINE('',#1641,#1642);
#1641 = CARTESIAN_POINT('',(77.,70.,54.5));
#1642 = VECTOR('',#1643,1.);
#1643 = DIRECTION('',(0.,1.,0.));
#1644 = PLANE('',#1645);
#1645 = AXIS2_PLACEMENT_3D('',#1646,#1647,#1648);
#1646 = CARTESIAN_POINT('',(77.,70.,54.5));
#1647 = DIRECTION('',(1.,0.,0.));
#1648 = DIRECTION('',(-0.,0.,1.));
#1649 = ADVANCED_FACE('',(#1650),#1661,.T.);
#1650 = FACE_BOUND('',#1651,.T.);
#1651 = EDGE_LOOP('',(#1652,#1653,#1654,#1655));
#1652 = ORIENTED_EDGE('',*,*,#1243,.F.);
#1653 = ORIENTED_EDGE('',*,*,#811,.T.);
#1654 = ORIENTED_EDGE('',*,*,#1258,.F.);
#1655 = ORIENTED_EDGE('',*,*,#1656,.T.);
#1656 = EDGE_CURVE('',#1259,#1235,#1657,.T.);
#1657 = LINE('',#1658,#1659);
#1658 = CARTESIAN_POINT('',(20.,70.,54.5));
#1659 = VECTOR('',#1660,1.);
#1660 = DIRECTION('',(0.,1.,0.));
#1661 = PLANE('',#1662);
#1662 = AXIS2_PLACEMENT_3D('',#1663,#1664,#1665);
#1663 = CARTESIAN_POINT('',(20.,70.,54.5));
#1664 = DIRECTION('',(1.,0.,0.));
#1665 = DIRECTION('',(-0.,0.,1.));
#1666 = ADVANCED_FACE('',(#1667),#1685,.F.);
#1667 = FACE_BOUND('',#1668,.F.);
#1668 = EDGE_LOOP('',(#1669,#1670,#1677,#1684));
#1669 = ORIENTED_EDGE('',*,*,#944,.F.);
#1670 = ORIENTED_EDGE('',*,*,#1671,.F.);
#1671 = EDGE_CURVE('',#1672,#945,#1674,.T.);
#1672 = VERTEX_POINT('',#1673);
#1673 = CARTESIAN_POINT('',(40.6,70.,36.5));
#1674 = B_SPLINE_CURVE_WITH_KNOTS('',1,(#1675,#1676),.UNSPECIFIED.,.F.,
  .F.,(2,2),(0.,16.),.PIECEWISE_BEZIER_KNOTS.);
#1675 = CARTESIAN_POINT('',(40.6,70.,36.5));
#1676 = CARTESIAN_POINT('',(40.6,70.,52.5));
#1677 = ORIENTED_EDGE('',*,*,#1678,.T.);
#1678 = EDGE_CURVE('',#1672,#1672,#1679,.T.);
#1679 = CIRCLE('',#1680,1.6);
#1680 = AXIS2_PLACEMENT_3D('',#1681,#1682,#1683);
#1681 = CARTESIAN_POINT('',(39.,70.,36.5));
#1682 = DIRECTION('',(0.,0.,1.));
#1683 = DIRECTION('',(1.,0.,-0.));
#1684 = ORIENTED_EDGE('',*,*,#1671,.T.);
#1685 = CYLINDRICAL_SURFACE('',#1686,1.6);
#1686 = AXIS2_PLACEMENT_3D('',#1687,#1688,#1689);
#1687 = CARTESIAN_POINT('',(39.,70.,36.5));
#1688 = DIRECTION('',(0.,0.,1.));
#1689 = DIRECTION('',(1.,0.,-0.));
#1690 = ADVANCED_FACE('',(#1691),#1709,.F.);
#1691 = FACE_BOUND('',#1692,.F.);
#1692 = EDGE_LOOP('',(#1693,#1694,#1701,#1708));
#1693 = ORIENTED_EDGE('',*,*,#1073,.F.);
#1694 = ORIENTED_EDGE('',*,*,#1695,.F.);
#1695 = EDGE_CURVE('',#1696,#1074,#1698,.T.);
#1696 = VERTEX_POINT('',#1697);
#1697 = CARTESIAN_POINT('',(59.6,70.,36.5));
#1698 = B_SPLINE_CURVE_WITH_KNOTS('',1,(#1699,#1700),.UNSPECIFIED.,.F.,
  .F.,(2,2),(0.,16.),.PIECEWISE_BEZIER_KNOTS.);
#1699 = CARTESIAN_POINT('',(59.6,70.,36.5));
#1700 = CARTESIAN_POINT('',(59.6,70.,52.5));
#1701 = ORIENTED_EDGE('',*,*,#1702,.T.);
#1702 = EDGE_CURVE('',#1696,#1696,#1703,.T.);
#1703 = CIRCLE('',#1704,1.6);
#1704 = AXIS2_PLACEMENT_3D('',#1705,#1706,#1707);
#1705 = CARTESIAN_POINT('',(58.,70.,36.5));
#1706 = DIRECTION('',(0.,0.,1.));
#1707 = DIRECTION('',(1.,0.,-0.));
#1708 = ORIENTED_EDGE('',*,*,#1695,.T.);
#1709 = CYLINDRICAL_SURFACE('',#1710,1.6);
#1710 = AXIS2_PLACEMENT_3D('',#1711,#1712,#1713);
#1711 = CARTESIAN_POINT('',(58.,70.,36.5));
#1712 = DIRECTION('',(0.,0.,1.));
#1713 = DIRECTION('',(1.,0.,-0.));
#1714 = ADVANCED_FACE('',(#1715,#1726),#1729,.F.);
#1715 = FACE_BOUND('',#1716,.F.);
#1716 = EDGE_LOOP('',(#1717));
#1717 = ORIENTED_EDGE('',*,*,#1718,.T.);
#1718 = EDGE_CURVE('',#1719,#1719,#1721,.T.);
#1719 = VERTEX_POINT('',#1720);
#1720 = CARTESIAN_POINT('',(23.1,70.,36.5));
#1721 = CIRCLE('',#1722,3.1);
#1722 = AXIS2_PLACEMENT_3D('',#1723,#1724,#1725);
#1723 = CARTESIAN_POINT('',(20.,70.,36.5));
#1724 = DIRECTION('',(0.,0.,1.));
#1725 = DIRECTION('',(1.,0.,-0.));
#1726 = FACE_BOUND('',#1727,.F.);
#1727 = EDGE_LOOP('',(#1728));
#1728 = ORIENTED_EDGE('',*,*,#1216,.F.);
#1729 = PLANE('',#1730);
#1730 = AXIS2_PLACEMENT_3D('',#1731,#1732,#1733);
#1731 = CARTESIAN_POINT('',(20.,70.,36.5));
#1732 = DIRECTION('',(0.,0.,1.));
#1733 = DIRECTION('',(1.,0.,-0.));
#1734 = ADVANCED_FACE('',(#1735),#1740,.F.);
#1735 = FACE_BOUND('',#1736,.F.);
#1736 = EDGE_LOOP('',(#1737,#1738,#1739));
#1737 = ORIENTED_EDGE('',*,*,#1266,.F.);
#1738 = ORIENTED_EDGE('',*,*,#1656,.T.);
#1739 = ORIENTED_EDGE('',*,*,#1234,.T.);
#1740 = PLANE('',#1741);
#1741 = AXIS2_PLACEMENT_3D('',#1742,#1743,#1744);
#1742 = CARTESIAN_POINT('',(20.,70.,54.5));
#1743 = DIRECTION('',(0.,0.,1.));
#1744 = DIRECTION('',(1.,0.,-0.));
#1745 = ADVANCED_FACE('',(#1746),#1757,.T.);
#1746 = FACE_BOUND('',#1747,.T.);
#1747 = EDGE_LOOP('',(#1748,#1749,#1750,#1751));
#1748 = ORIENTED_EDGE('',*,*,#1281,.T.);
#1749 = ORIENTED_EDGE('',*,*,#1429,.T.);
#1750 = ORIENTED_EDGE('',*,*,#1400,.T.);
#1751 = ORIENTED_EDGE('',*,*,#1752,.T.);
#1752 = EDGE_CURVE('',#1313,#1282,#1753,.T.);
#1753 = LINE('',#1754,#1755);
#1754 = CARTESIAN_POINT('',(77.,45.,54.5));
#1755 = VECTOR('',#1756,1.);
#1756 = DIRECTION('',(-1.,0.,0.));
#1757 = PLANE('',#1758);
#1758 = AXIS2_PLACEMENT_3D('',#1759,#1760,#1761);
#1759 = CARTESIAN_POINT('',(77.,45.,54.5));
#1760 = DIRECTION('',(0.,1.,0.));
#1761 = DIRECTION('',(0.,-0.,1.));
#1762 = ADVANCED_FACE('',(#1763),#1768,.F.);
#1763 = FACE_BOUND('',#1764,.F.);
#1764 = EDGE_LOOP('',(#1765,#1766,#1767));
#1765 = ORIENTED_EDGE('',*,*,#1298,.F.);
#1766 = ORIENTED_EDGE('',*,*,#1312,.T.);
#1767 = ORIENTED_EDGE('',*,*,#1752,.T.);
#1768 = PLANE('',#1769);
#1769 = AXIS2_PLACEMENT_3D('',#1770,#1771,#1772);
#1770 = CARTESIAN_POINT('',(77.,45.,54.5));
#1771 = DIRECTION('',(0.,0.,1.));
#1772 = DIRECTION('',(1.,0.,-0.));
#1773 = ADVANCED_FACE('',(#1774,#1785),#1788,.F.);
#1774 = FACE_BOUND('',#1775,.F.);
#1775 = EDGE_LOOP('',(#1776));
#1776 = ORIENTED_EDGE('',*,*,#1777,.T.);
#1777 = EDGE_CURVE('',#1778,#1778,#1780,.T.);
#1778 = VERTEX_POINT('',#1779);
#1779 = CARTESIAN_POINT('',(80.1,45.,36.5));
#1780 = CIRCLE('',#1781,3.1);
#1781 = AXIS2_PLACEMENT_3D('',#1782,#1783,#1784);
#1782 = CARTESIAN_POINT('',(77.,45.,36.5));
#1783 = DIRECTION('',(0.,0.,1.));
#1784 = DIRECTION('',(1.,0.,-0.));
#1785 = FACE_BOUND('',#1786,.F.);
#1786 = EDGE_LOOP('',(#1787));
#1787 = ORIENTED_EDGE('',*,*,#1392,.F.);
#1788 = PLANE('',#1789);
#1789 = AXIS2_PLACEMENT_3D('',#1790,#1791,#1792);
#1790 = CARTESIAN_POINT('',(77.,45.,36.5));
#1791 = DIRECTION('',(0.,0.,1.));
#1792 = DIRECTION('',(1.,0.,-0.));
#1793 = ADVANCED_FACE('',(#1794),#1805,.F.);
#1794 = FACE_BOUND('',#1795,.F.);
#1795 = EDGE_LOOP('',(#1796,#1797,#1798,#1799));
#1796 = ORIENTED_EDGE('',*,*,#1631,.T.);
#1797 = ORIENTED_EDGE('',*,*,#1414,.T.);
#1798 = ORIENTED_EDGE('',*,*,#1599,.T.);
#1799 = ORIENTED_EDGE('',*,*,#1800,.T.);
#1800 = EDGE_CURVE('',#1591,#1632,#1801,.T.);
#1801 = LINE('',#1802,#1803);
#1802 = CARTESIAN_POINT('',(77.,70.,54.5));
#1803 = VECTOR('',#1804,1.);
#1804 = DIRECTION('',(-1.,0.,0.));
#1805 = PLANE('',#1806);
#1806 = AXIS2_PLACEMENT_3D('',#1807,#1808,#1809);
#1807 = CARTESIAN_POINT('',(77.,70.,54.5));
#1808 = DIRECTION('',(0.,1.,0.));
#1809 = DIRECTION('',(0.,-0.,1.));
#1810 = ADVANCED_FACE('',(#1811,#1822),#1825,.F.);
#1811 = FACE_BOUND('',#1812,.F.);
#1812 = EDGE_LOOP('',(#1813));
#1813 = ORIENTED_EDGE('',*,*,#1814,.T.);
#1814 = EDGE_CURVE('',#1815,#1815,#1817,.T.);
#1815 = VERTEX_POINT('',#1816);
#1816 = CARTESIAN_POINT('',(42.1,45.,36.5));
#1817 = CIRCLE('',#1818,3.1);
#1818 = AXIS2_PLACEMENT_3D('',#1819,#1820,#1821);
#1819 = CARTESIAN_POINT('',(39.,45.,36.5));
#1820 = DIRECTION('',(0.,0.,1.));
#1821 = DIRECTION('',(1.,0.,-0.));
#1822 = FACE_BOUND('',#1823,.F.);
#1823 = EDGE_LOOP('',(#1824));
#1824 = ORIENTED_EDGE('',*,*,#1516,.F.);
#1825 = PLANE('',#1826);
#1826 = AXIS2_PLACEMENT_3D('',#1827,#1828,#1829);
#1827 = CARTESIAN_POINT('',(39.,45.,36.5));
#1828 = DIRECTION('',(0.,0.,1.));
#1829 = DIRECTION('',(1.,0.,-0.));
#1830 = ADVANCED_FACE('',(#1831,#1842),#1845,.F.);
#1831 = FACE_BOUND('',#1832,.F.);
#1832 = EDGE_LOOP('',(#1833));
#1833 = ORIENTED_EDGE('',*,*,#1834,.T.);
#1834 = EDGE_CURVE('',#1835,#1835,#1837,.T.);
#1835 = VERTEX_POINT('',#1836);
#1836 = CARTESIAN_POINT('',(61.1,45.,36.5));
#1837 = CIRCLE('',#1838,3.1);
#1838 = AXIS2_PLACEMENT_3D('',#1839,#1840,#1841);
#1839 = CARTESIAN_POINT('',(58.,45.,36.5));
#1840 = DIRECTION('',(0.,0.,1.));
#1841 = DIRECTION('',(1.,0.,-0.));
#1842 = FACE_BOUND('',#1843,.F.);
#1843 = EDGE_LOOP('',(#1844));
#1844 = ORIENTED_EDGE('',*,*,#1540,.F.);
#1845 = PLANE('',#1846);
#1846 = AXIS2_PLACEMENT_3D('',#1847,#1848,#1849);
#1847 = CARTESIAN_POINT('',(58.,45.,36.5));
#1848 = DIRECTION('',(0.,0.,1.));
#1849 = DIRECTION('',(1.,0.,-0.));
#1850 = ADVANCED_FACE('',(#1851,#2013,#2016,#2027,#2038,#2049,#2060,
    #2071,#2082,#2093,#2104,#2115),#2126,.F.);
#1851 = FACE_BOUND('',#1852,.F.);
#1852 = EDGE_LOOP('',(#1853,#1863,#1871,#1879,#1887,#1895,#1903,#1911,
    #1919,#1927,#1935,#1943,#1951,#1959,#1967,#1975,#1983,#1991,#1999,
    #2007));
#1853 = ORIENTED_EDGE('',*,*,#1854,.F.);
#1854 = EDGE_CURVE('',#1855,#1857,#1859,.T.);
#1855 = VERTEX_POINT('',#1856);
#1856 = CARTESIAN_POINT('',(2.,4.,44.));
#1857 = VERTEX_POINT('',#1858);
#1858 = CARTESIAN_POINT('',(2.,12.,44.));
#1859 = LINE('',#1860,#1861);
#1860 = CARTESIAN_POINT('',(2.,4.,44.));
#1861 = VECTOR('',#1862,1.);
#1862 = DIRECTION('',(-0.,1.,0.));
#1863 = ORIENTED_EDGE('',*,*,#1864,.T.);
#1864 = EDGE_CURVE('',#1855,#1865,#1867,.T.);
#1865 = VERTEX_POINT('',#1866);
#1866 = CARTESIAN_POINT('',(94.,4.,44.));
#1867 = LINE('',#1868,#1869);
#1868 = CARTESIAN_POINT('',(2.,4.,44.));
#1869 = VECTOR('',#1870,1.);
#1870 = DIRECTION('',(1.,0.,-0.));
#1871 = ORIENTED_EDGE('',*,*,#1872,.T.);
#1872 = EDGE_CURVE('',#1865,#1873,#1875,.T.);
#1873 = VERTEX_POINT('',#1874);
#1874 = CARTESIAN_POINT('',(94.,12.,44.));
#1875 = LINE('',#1876,#1877);
#1876 = CARTESIAN_POINT('',(94.,4.,44.));
#1877 = VECTOR('',#1878,1.);
#1878 = DIRECTION('',(-0.,1.,0.));
#1879 = ORIENTED_EDGE('',*,*,#1880,.T.);
#1880 = EDGE_CURVE('',#1873,#1881,#1883,.T.);
#1881 = VERTEX_POINT('',#1882);
#1882 = CARTESIAN_POINT('',(102.,12.,44.));
#1883 = LINE('',#1884,#1885);
#1884 = CARTESIAN_POINT('',(94.,12.,44.));
#1885 = VECTOR('',#1886,1.);
#1886 = DIRECTION('',(1.,0.,-0.));
#1887 = ORIENTED_EDGE('',*,*,#1888,.F.);
#1888 = EDGE_CURVE('',#1889,#1881,#1891,.T.);
#1889 = VERTEX_POINT('',#1890);
#1890 = CARTESIAN_POINT('',(102.,4.,44.));
#1891 = LINE('',#1892,#1893);
#1892 = CARTESIAN_POINT('',(102.,4.,44.));
#1893 = VECTOR('',#1894,1.);
#1894 = DIRECTION('',(-0.,1.,0.));
#1895 = ORIENTED_EDGE('',*,*,#1896,.T.);
#1896 = EDGE_CURVE('',#1889,#1897,#1899,.T.);
#1897 = VERTEX_POINT('',#1898);
#1898 = CARTESIAN_POINT('',(105.,4.,44.));
#1899 = LINE('',#1900,#1901);
#1900 = CARTESIAN_POINT('',(2.,4.,44.));
#1901 = VECTOR('',#1902,1.);
#1902 = DIRECTION('',(1.,0.,-0.));
#1903 = ORIENTED_EDGE('',*,*,#1904,.T.);
#1904 = EDGE_CURVE('',#1897,#1905,#1907,.T.);
#1905 = VERTEX_POINT('',#1906);
#1906 = CARTESIAN_POINT('',(105.,84.,44.));
#1907 = LINE('',#1908,#1909);
#1908 = CARTESIAN_POINT('',(105.,4.,44.));
#1909 = VECTOR('',#1910,1.);
#1910 = DIRECTION('',(-0.,1.,0.));
#1911 = ORIENTED_EDGE('',*,*,#1912,.F.);
#1912 = EDGE_CURVE('',#1913,#1905,#1915,.T.);
#1913 = VERTEX_POINT('',#1914);
#1914 = CARTESIAN_POINT('',(102.,84.,44.));
#1915 = LINE('',#1916,#1917);
#1916 = CARTESIAN_POINT('',(2.,84.,44.));
#1917 = VECTOR('',#1918,1.);
#1918 = DIRECTION('',(1.,0.,-0.));
#1919 = ORIENTED_EDGE('',*,*,#1920,.F.);
#1920 = EDGE_CURVE('',#1921,#1913,#1923,.T.);
#1921 = VERTEX_POINT('',#1922);
#1922 = CARTESIAN_POINT('',(102.,76.,44.));
#1923 = LINE('',#1924,#1925);
#1924 = CARTESIAN_POINT('',(102.,76.,44.));
#1925 = VECTOR('',#1926,1.);
#1926 = DIRECTION('',(-0.,1.,0.));
#1927 = ORIENTED_EDGE('',*,*,#1928,.F.);
#1928 = EDGE_CURVE('',#1929,#1921,#1931,.T.);
#1929 = VERTEX_POINT('',#1930);
#1930 = CARTESIAN_POINT('',(94.,76.,44.));
#1931 = LINE('',#1932,#1933);
#1932 = CARTESIAN_POINT('',(94.,76.,44.));
#1933 = VECTOR('',#1934,1.);
#1934 = DIRECTION('',(1.,0.,-0.));
#1935 = ORIENTED_EDGE('',*,*,#1936,.T.);
#1936 = EDGE_CURVE('',#1929,#1937,#1939,.T.);
#1937 = VERTEX_POINT('',#1938);
#1938 = CARTESIAN_POINT('',(94.,84.,44.));
#1939 = LINE('',#1940,#1941);
#1940 = CARTESIAN_POINT('',(94.,76.,44.));
#1941 = VECTOR('',#1942,1.);
#1942 = DIRECTION('',(-0.,1.,0.));
#1943 = ORIENTED_EDGE('',*,*,#1944,.F.);
#1944 = EDGE_CURVE('',#1945,#1937,#1947,.T.);
#1945 = VERTEX_POINT('',#1946);
#1946 = CARTESIAN_POINT('',(2.,84.,44.));
#1947 = LINE('',#1948,#1949);
#1948 = CARTESIAN_POINT('',(2.,84.,44.));
#1949 = VECTOR('',#1950,1.);
#1950 = DIRECTION('',(1.,0.,-0.));
#1951 = ORIENTED_EDGE('',*,*,#1952,.F.);
#1952 = EDGE_CURVE('',#1953,#1945,#1955,.T.);
#1953 = VERTEX_POINT('',#1954);
#1954 = CARTESIAN_POINT('',(2.,78.,44.));
#1955 = LINE('',#1956,#1957);
#1956 = CARTESIAN_POINT('',(2.,4.,44.));
#1957 = VECTOR('',#1958,1.);
#1958 = DIRECTION('',(-0.,1.,0.));
#1959 = ORIENTED_EDGE('',*,*,#1960,.T.);
#1960 = EDGE_CURVE('',#1953,#1961,#1963,.T.);
#1961 = VERTEX_POINT('',#1962);
#1962 = CARTESIAN_POINT('',(10.,78.,44.));
#1963 = LINE('',#1964,#1965);
#1964 = CARTESIAN_POINT('',(2.,78.,44.));
#1965 = VECTOR('',#1966,1.);
#1966 = DIRECTION('',(1.,0.,-0.));
#1967 = ORIENTED_EDGE('',*,*,#1968,.F.);
#1968 = EDGE_CURVE('',#1969,#1961,#1971,.T.);
#1969 = VERTEX_POINT('',#1970);
#1970 = CARTESIAN_POINT('',(10.,70.,44.));
#1971 = LINE('',#1972,#1973);
#1972 = CARTESIAN_POINT('',(10.,70.,44.));
#1973 = VECTOR('',#1974,1.);
#1974 = DIRECTION('',(-0.,1.,0.));
#1975 = ORIENTED_EDGE('',*,*,#1976,.F.);
#1976 = EDGE_CURVE('',#1977,#1969,#1979,.T.);
#1977 = VERTEX_POINT('',#1978);
#1978 = CARTESIAN_POINT('',(2.,70.,44.));
#1979 = LINE('',#1980,#1981);
#1980 = CARTESIAN_POINT('',(2.,70.,44.));
#1981 = VECTOR('',#1982,1.);
#1982 = DIRECTION('',(1.,0.,-0.));
#1983 = ORIENTED_EDGE('',*,*,#1984,.F.);
#1984 = EDGE_CURVE('',#1985,#1977,#1987,.T.);
#1985 = VERTEX_POINT('',#1986);
#1986 = CARTESIAN_POINT('',(2.,20.,44.));
#1987 = LINE('',#1988,#1989);
#1988 = CARTESIAN_POINT('',(2.,4.,44.));
#1989 = VECTOR('',#1990,1.);
#1990 = DIRECTION('',(-0.,1.,0.));
#1991 = ORIENTED_EDGE('',*,*,#1992,.T.);
#1992 = EDGE_CURVE('',#1985,#1993,#1995,.T.);
#1993 = VERTEX_POINT('',#1994);
#1994 = CARTESIAN_POINT('',(10.,20.,44.));
#1995 = LINE('',#1996,#1997);
#1996 = CARTESIAN_POINT('',(2.,20.,44.));
#1997 = VECTOR('',#1998,1.);
#1998 = DIRECTION('',(1.,0.,-0.));
#1999 = ORIENTED_EDGE('',*,*,#2000,.F.);
#2000 = EDGE_CURVE('',#2001,#1993,#2003,.T.);
#2001 = VERTEX_POINT('',#2002);
#2002 = CARTESIAN_POINT('',(10.,12.,44.));
#2003 = LINE('',#2004,#2005);
#2004 = CARTESIAN_POINT('',(10.,12.,44.));
#2005 = VECTOR('',#2006,1.);
#2006 = DIRECTION('',(-0.,1.,0.));
#2007 = ORIENTED_EDGE('',*,*,#2008,.F.);
#2008 = EDGE_CURVE('',#1857,#2001,#2009,.T.);
#2009 = LINE('',#2010,#2011);
#2010 = CARTESIAN_POINT('',(2.,12.,44.));
#2011 = VECTOR('',#2012,1.);
#2012 = DIRECTION('',(1.,0.,-0.));
#2013 = FACE_BOUND('',#2014,.F.);
#2014 = EDGE_LOOP('',(#2015));
#2015 = ORIENTED_EDGE('',*,*,#1556,.F.);
#2016 = FACE_BOUND('',#2017,.F.);
#2017 = EDGE_LOOP('',(#2018));
#2018 = ORIENTED_EDGE('',*,*,#2019,.F.);
#2019 = EDGE_CURVE('',#2020,#2020,#2022,.T.);
#2020 = VERTEX_POINT('',#2021);
#2021 = CARTESIAN_POINT('',(42.1,45.,44.));
#2022 = CIRCLE('',#2023,3.1);
#2023 = AXIS2_PLACEMENT_3D('',#2024,#2025,#2026);
#2024 = CARTESIAN_POINT('',(39.,45.,44.));
#2025 = DIRECTION('',(0.,0.,1.));
#2026 = DIRECTION('',(1.,0.,-0.));
#2027 = FACE_BOUND('',#2028,.F.);
#2028 = EDGE_LOOP('',(#2029));
#2029 = ORIENTED_EDGE('',*,*,#2030,.F.);
#2030 = EDGE_CURVE('',#2031,#2031,#2033,.T.);
#2031 = VERTEX_POINT('',#2032);
#2032 = CARTESIAN_POINT('',(99.1,20.4,44.));
#2033 = CIRCLE('',#2034,3.1);
#2034 = AXIS2_PLACEMENT_3D('',#2035,#2036,#2037);
#2035 = CARTESIAN_POINT('',(96.,20.4,44.));
#2036 = DIRECTION('',(0.,0.,1.));
#2037 = DIRECTION('',(1.,0.,-0.));
#2038 = FACE_BOUND('',#2039,.F.);
#2039 = EDGE_LOOP('',(#2040));
#2040 = ORIENTED_EDGE('',*,*,#2041,.F.);
#2041 = EDGE_CURVE('',#2042,#2042,#2044,.T.);
#2042 = VERTEX_POINT('',#2043);
#2043 = CARTESIAN_POINT('',(61.1,45.,44.));
#2044 = CIRCLE('',#2045,3.1);
#2045 = AXIS2_PLACEMENT_3D('',#2046,#2047,#2048);
#2046 = CARTESIAN_POINT('',(58.,45.,44.));
#2047 = DIRECTION('',(0.,0.,1.));
#2048 = DIRECTION('',(1.,0.,-0.));
#2049 = FACE_BOUND('',#2050,.F.);
#2050 = EDGE_LOOP('',(#2051));
#2051 = ORIENTED_EDGE('',*,*,#2052,.F.);
#2052 = EDGE_CURVE('',#2053,#2053,#2055,.T.);
#2053 = VERTEX_POINT('',#2054);
#2054 = CARTESIAN_POINT('',(80.1,45.,44.));
#2055 = CIRCLE('',#2056,3.1);
#2056 = AXIS2_PLACEMENT_3D('',#2057,#2058,#2059);
#2057 = CARTESIAN_POINT('',(77.,45.,44.));
#2058 = DIRECTION('',(0.,0.,1.));
#2059 = DIRECTION('',(1.,0.,-0.));
#2060 = FACE_BOUND('',#2061,.F.);
#2061 = EDGE_LOOP('',(#2062));
#2062 = ORIENTED_EDGE('',*,*,#2063,.F.);
#2063 = EDGE_CURVE('',#2064,#2064,#2066,.T.);
#2064 = VERTEX_POINT('',#2065);
#2065 = CARTESIAN_POINT('',(98.4,31.4,44.));
#2066 = CIRCLE('',#2067,2.4);
#2067 = AXIS2_PLACEMENT_3D('',#2068,#2069,#2070);
#2068 = CARTESIAN_POINT('',(96.,31.4,44.));
#2069 = DIRECTION('',(0.,0.,1.));
#2070 = DIRECTION('',(1.,0.,-0.));
#2071 = FACE_BOUND('',#2072,.F.);
#2072 = EDGE_LOOP('',(#2073));
#2073 = ORIENTED_EDGE('',*,*,#2074,.F.);
#2074 = EDGE_CURVE('',#2075,#2075,#2077,.T.);
#2075 = VERTEX_POINT('',#2076);
#2076 = CARTESIAN_POINT('',(99.1,42.4,44.));
#2077 = CIRCLE('',#2078,3.1);
#2078 = AXIS2_PLACEMENT_3D('',#2079,#2080,#2081);
#2079 = CARTESIAN_POINT('',(96.,42.4,44.));
#2080 = DIRECTION('',(0.,0.,1.));
#2081 = DIRECTION('',(1.,0.,-0.));
#2082 = FACE_BOUND('',#2083,.F.);
#2083 = EDGE_LOOP('',(#2084));
#2084 = ORIENTED_EDGE('',*,*,#2085,.F.);
#2085 = EDGE_CURVE('',#2086,#2086,#2088,.T.);
#2086 = VERTEX_POINT('',#2087);
#2087 = CARTESIAN_POINT('',(23.1,70.,44.));
#2088 = CIRCLE('',#2089,3.1);
#2089 = AXIS2_PLACEMENT_3D('',#2090,#2091,#2092);
#2090 = CARTESIAN_POINT('',(20.,70.,44.));
#2091 = DIRECTION('',(0.,0.,1.));
#2092 = DIRECTION('',(1.,0.,-0.));
#2093 = FACE_BOUND('',#2094,.F.);
#2094 = EDGE_LOOP('',(#2095));
#2095 = ORIENTED_EDGE('',*,*,#2096,.F.);
#2096 = EDGE_CURVE('',#2097,#2097,#2099,.T.);
#2097 = VERTEX_POINT('',#2098);
#2098 = CARTESIAN_POINT('',(42.1,70.,44.));
#2099 = CIRCLE('',#2100,3.1);
#2100 = AXIS2_PLACEMENT_3D('',#2101,#2102,#2103);
#2101 = CARTESIAN_POINT('',(39.,70.,44.));
#2102 = DIRECTION('',(0.,0.,1.));
#2103 = DIRECTION('',(1.,0.,-0.));
#2104 = FACE_BOUND('',#2105,.F.);
#2105 = EDGE_LOOP('',(#2106));
#2106 = ORIENTED_EDGE('',*,*,#2107,.F.);
#2107 = EDGE_CURVE('',#2108,#2108,#2110,.T.);
#2108 = VERTEX_POINT('',#2109);
#2109 = CARTESIAN_POINT('',(61.1,70.,44.));
#2110 = CIRCLE('',#2111,3.1);
#2111 = AXIS2_PLACEMENT_3D('',#2112,#2113,#2114);
#2112 = CARTESIAN_POINT('',(58.,70.,44.));
#2113 = DIRECTION('',(0.,0.,1.));
#2114 = DIRECTION('',(1.,0.,-0.));
#2115 = FACE_BOUND('',#2116,.F.);
#2116 = EDGE_LOOP('',(#2117));
#2117 = ORIENTED_EDGE('',*,*,#2118,.F.);
#2118 = EDGE_CURVE('',#2119,#2119,#2121,.T.);
#2119 = VERTEX_POINT('',#2120);
#2120 = CARTESIAN_POINT('',(80.1,70.,44.));
#2121 = CIRCLE('',#2122,3.1);
#2122 = AXIS2_PLACEMENT_3D('',#2123,#2124,#2125);
#2123 = CARTESIAN_POINT('',(77.,70.,44.));
#2124 = DIRECTION('',(0.,0.,1.));
#2125 = DIRECTION('',(1.,0.,-0.));
#2126 = PLANE('',#2127);
#2127 = AXIS2_PLACEMENT_3D('',#2128,#2129,#2130);
#2128 = CARTESIAN_POINT('',(2.,4.,44.));
#2129 = DIRECTION('',(0.,0.,1.));
#2130 = DIRECTION('',(1.,0.,-0.));
#2131 = ADVANCED_FACE('',(#2132),#2137,.F.);
#2132 = FACE_BOUND('',#2133,.F.);
#2133 = EDGE_LOOP('',(#2134,#2135,#2136));
#2134 = ORIENTED_EDGE('',*,*,#1800,.F.);
#2135 = ORIENTED_EDGE('',*,*,#1590,.T.);
#2136 = ORIENTED_EDGE('',*,*,#1639,.F.);
#2137 = PLANE('',#2138);
#2138 = AXIS2_PLACEMENT_3D('',#2139,#2140,#2141);
#2139 = CARTESIAN_POINT('',(77.,70.,54.5));
#2140 = DIRECTION('',(0.,0.,1.));
#2141 = DIRECTION('',(1.,0.,-0.));
#2142 = ADVANCED_FACE('',(#2143,#2154),#2157,.F.);
#2143 = FACE_BOUND('',#2144,.F.);
#2144 = EDGE_LOOP('',(#2145));
#2145 = ORIENTED_EDGE('',*,*,#2146,.T.);
#2146 = EDGE_CURVE('',#2147,#2147,#2149,.T.);
#2147 = VERTEX_POINT('',#2148);
#2148 = CARTESIAN_POINT('',(80.1,70.,36.5));
#2149 = CIRCLE('',#2150,3.1);
#2150 = AXIS2_PLACEMENT_3D('',#2151,#2152,#2153);
#2151 = CARTESIAN_POINT('',(77.,70.,36.5));
#2152 = DIRECTION('',(0.,0.,1.));
#2153 = DIRECTION('',(1.,0.,-0.));
#2154 = FACE_BOUND('',#2155,.F.);
#2155 = EDGE_LOOP('',(#2156));
#2156 = ORIENTED_EDGE('',*,*,#1612,.F.);
#2157 = PLANE('',#2158);
#2158 = AXIS2_PLACEMENT_3D('',#2159,#2160,#2161);
#2159 = CARTESIAN_POINT('',(77.,70.,36.5));
#2160 = DIRECTION('',(0.,0.,1.));
#2161 = DIRECTION('',(1.,0.,-0.));
#2162 = ADVANCED_FACE('',(#2163,#2174),#2177,.F.);
#2163 = FACE_BOUND('',#2164,.F.);
#2164 = EDGE_LOOP('',(#2165));
#2165 = ORIENTED_EDGE('',*,*,#2166,.T.);
#2166 = EDGE_CURVE('',#2167,#2167,#2169,.T.);
#2167 = VERTEX_POINT('',#2168);
#2168 = CARTESIAN_POINT('',(42.1,70.,36.5));
#2169 = CIRCLE('',#2170,3.1);
#2170 = AXIS2_PLACEMENT_3D('',#2171,#2172,#2173);
#2171 = CARTESIAN_POINT('',(39.,70.,36.5));
#2172 = DIRECTION('',(0.,0.,1.));
#2173 = DIRECTION('',(1.,0.,-0.));
#2174 = FACE_BOUND('',#2175,.F.);
#2175 = EDGE_LOOP('',(#2176));
#2176 = ORIENTED_EDGE('',*,*,#1678,.F.);
#2177 = PLANE('',#2178);
#2178 = AXIS2_PLACEMENT_3D('',#2179,#2180,#2181);
#2179 = CARTESIAN_POINT('',(39.,70.,36.5));
#2180 = DIRECTION('',(0.,0.,1.));
#2181 = DIRECTION('',(1.,0.,-0.));
#2182 = ADVANCED_FACE('',(#2183,#2194),#2197,.F.);
#2183 = FACE_BOUND('',#2184,.F.);
#2184 = EDGE_LOOP('',(#2185));
#2185 = ORIENTED_EDGE('',*,*,#2186,.T.);
#2186 = EDGE_CURVE('',#2187,#2187,#2189,.T.);
#2187 = VERTEX_POINT('',#2188);
#2188 = CARTESIAN_POINT('',(61.1,70.,36.5));
#2189 = CIRCLE('',#2190,3.1);
#2190 = AXIS2_PLACEMENT_3D('',#2191,#2192,#2193);
#2191 = CARTESIAN_POINT('',(58.,70.,36.5));
#2192 = DIRECTION('',(0.,0.,1.));
#2193 = DIRECTION('',(1.,0.,-0.));
#2194 = FACE_BOUND('',#2195,.F.);
#2195 = EDGE_LOOP('',(#2196));
#2196 = ORIENTED_EDGE('',*,*,#1702,.F.);
#2197 = PLANE('',#2198);
#2198 = AXIS2_PLACEMENT_3D('',#2199,#2200,#2201);
#2199 = CARTESIAN_POINT('',(58.,70.,36.5));
#2200 = DIRECTION('',(0.,0.,1.));
#2201 = DIRECTION('',(1.,0.,-0.));
#2202 = ADVANCED_FACE('',(#2203),#2214,.T.);
#2203 = FACE_BOUND('',#2204,.T.);
#2204 = EDGE_LOOP('',(#2205,#2206,#2212,#2213));
#2205 = ORIENTED_EDGE('',*,*,#2085,.F.);
#2206 = ORIENTED_EDGE('',*,*,#2207,.F.);
#2207 = EDGE_CURVE('',#1719,#2086,#2208,.T.);
#2208 = LINE('',#2209,#2210);
#2209 = CARTESIAN_POINT('',(23.1,70.,36.5));
#2210 = VECTOR('',#2211,1.);
#2211 = DIRECTION('',(0.,0.,1.));
#2212 = ORIENTED_EDGE('',*,*,#1718,.T.);
#2213 = ORIENTED_EDGE('',*,*,#2207,.T.);
#2214 = CYLINDRICAL_SURFACE('',#2215,3.1);
#2215 = AXIS2_PLACEMENT_3D('',#2216,#2217,#2218);
#2216 = CARTESIAN_POINT('',(20.,70.,36.5));
#2217 = DIRECTION('',(0.,0.,1.));
#2218 = DIRECTION('',(1.,0.,-0.));
#2219 = ADVANCED_FACE('',(#2220),#2231,.T.);
#2220 = FACE_BOUND('',#2221,.T.);
#2221 = EDGE_LOOP('',(#2222,#2223,#2229,#2230));
#2222 = ORIENTED_EDGE('',*,*,#2052,.F.);
#2223 = ORIENTED_EDGE('',*,*,#2224,.F.);
#2224 = EDGE_CURVE('',#1778,#2053,#2225,.T.);
#2225 = LINE('',#2226,#2227);
#2226 = CARTESIAN_POINT('',(80.1,45.,36.5));
#2227 = VECTOR('',#2228,1.);
#2228 = DIRECTION('',(0.,0.,1.));
#2229 = ORIENTED_EDGE('',*,*,#1777,.T.);
#2230 = ORIENTED_EDGE('',*,*,#2224,.T.);
#2231 = CYLINDRICAL_SURFACE('',#2232,3.1);
#2232 = AXIS2_PLACEMENT_3D('',#2233,#2234,#2235);
#2233 = CARTESIAN_POINT('',(77.,45.,36.5));
#2234 = DIRECTION('',(0.,0.,1.));
#2235 = DIRECTION('',(1.,0.,-0.));
#2236 = ADVANCED_FACE('',(#2237),#2248,.T.);
#2237 = FACE_BOUND('',#2238,.T.);
#2238 = EDGE_LOOP('',(#2239,#2240,#2246,#2247));
#2239 = ORIENTED_EDGE('',*,*,#2019,.F.);
#2240 = ORIENTED_EDGE('',*,*,#2241,.F.);
#2241 = EDGE_CURVE('',#1815,#2020,#2242,.T.);
#2242 = LINE('',#2243,#2244);
#2243 = CARTESIAN_POINT('',(42.1,45.,36.5));
#2244 = VECTOR('',#2245,1.);
#2245 = DIRECTION('',(0.,0.,1.));
#2246 = ORIENTED_EDGE('',*,*,#1814,.T.);
#2247 = ORIENTED_EDGE('',*,*,#2241,.T.);
#2248 = CYLINDRICAL_SURFACE('',#2249,3.1);
#2249 = AXIS2_PLACEMENT_3D('',#2250,#2251,#2252);
#2250 = CARTESIAN_POINT('',(39.,45.,36.5));
#2251 = DIRECTION('',(0.,0.,1.));
#2252 = DIRECTION('',(1.,0.,-0.));
#2253 = ADVANCED_FACE('',(#2254),#2265,.T.);
#2254 = FACE_BOUND('',#2255,.T.);
#2255 = EDGE_LOOP('',(#2256,#2257,#2263,#2264));
#2256 = ORIENTED_EDGE('',*,*,#2041,.F.);
#2257 = ORIENTED_EDGE('',*,*,#2258,.F.);
#2258 = EDGE_CURVE('',#1835,#2042,#2259,.T.);
#2259 = LINE('',#2260,#2261);
#2260 = CARTESIAN_POINT('',(61.1,45.,36.5));
#2261 = VECTOR('',#2262,1.);
#2262 = DIRECTION('',(0.,0.,1.));
#2263 = ORIENTED_EDGE('',*,*,#1834,.T.);
#2264 = ORIENTED_EDGE('',*,*,#2258,.T.);
#2265 = CYLINDRICAL_SURFACE('',#2266,3.1);
#2266 = AXIS2_PLACEMENT_3D('',#2267,#2268,#2269);
#2267 = CARTESIAN_POINT('',(58.,45.,36.5));
#2268 = DIRECTION('',(0.,0.,1.));
#2269 = DIRECTION('',(1.,0.,-0.));
#2270 = ADVANCED_FACE('',(#2271),#2342,.T.);
#2271 = FACE_BOUND('',#2272,.T.);
#2272 = EDGE_LOOP('',(#2273,#2281,#2289,#2295,#2296,#2304,#2312,#2318,
    #2319,#2327,#2335,#2341));
#2273 = ORIENTED_EDGE('',*,*,#2274,.T.);
#2274 = EDGE_CURVE('',#1855,#2275,#2277,.T.);
#2275 = VERTEX_POINT('',#2276);
#2276 = CARTESIAN_POINT('',(2.,4.,57.));
#2277 = LINE('',#2278,#2279);
#2278 = CARTESIAN_POINT('',(2.,4.,44.));
#2279 = VECTOR('',#2280,1.);
#2280 = DIRECTION('',(0.,0.,1.));
#2281 = ORIENTED_EDGE('',*,*,#2282,.T.);
#2282 = EDGE_CURVE('',#2275,#2283,#2285,.T.);
#2283 = VERTEX_POINT('',#2284);
#2284 = CARTESIAN_POINT('',(2.,84.,57.));
#2285 = LINE('',#2286,#2287);
#2286 = CARTESIAN_POINT('',(2.,4.,57.));
#2287 = VECTOR('',#2288,1.);
#2288 = DIRECTION('',(-0.,1.,0.));
#2289 = ORIENTED_EDGE('',*,*,#2290,.F.);
#2290 = EDGE_CURVE('',#1945,#2283,#2291,.T.);
#2291 = LINE('',#2292,#2293);
#2292 = CARTESIAN_POINT('',(2.,84.,44.));
#2293 = VECTOR('',#2294,1.);
#2294 = DIRECTION('',(0.,0.,1.));
#2295 = ORIENTED_EDGE('',*,*,#1952,.F.);
#2296 = ORIENTED_EDGE('',*,*,#2297,.F.);
#2297 = EDGE_CURVE('',#2298,#1953,#2300,.T.);
#2298 = VERTEX_POINT('',#2299);
#2299 = CARTESIAN_POINT('',(2.,78.,21.5));
#2300 = LINE('',#2301,#2302);
#2301 = CARTESIAN_POINT('',(2.,78.,21.5));
#2302 = VECTOR('',#2303,1.);
#2303 = DIRECTION('',(0.,0.,1.));
#2304 = ORIENTED_EDGE('',*,*,#2305,.F.);
#2305 = EDGE_CURVE('',#2306,#2298,#2308,.T.);
#2306 = VERTEX_POINT('',#2307);
#2307 = CARTESIAN_POINT('',(2.,70.,21.5));
#2308 = LINE('',#2309,#2310);
#2309 = CARTESIAN_POINT('',(2.,70.,21.5));
#2310 = VECTOR('',#2311,1.);
#2311 = DIRECTION('',(-0.,1.,0.));
#2312 = ORIENTED_EDGE('',*,*,#2313,.T.);
#2313 = EDGE_CURVE('',#2306,#1977,#2314,.T.);
#2314 = LINE('',#2315,#2316);
#2315 = CARTESIAN_POINT('',(2.,70.,21.5));
#2316 = VECTOR('',#2317,1.);
#2317 = DIRECTION('',(0.,0.,1.));
#2318 = ORIENTED_EDGE('',*,*,#1984,.F.);
#2319 = ORIENTED_EDGE('',*,*,#2320,.F.);
#2320 = EDGE_CURVE('',#2321,#1985,#2323,.T.);
#2321 = VERTEX_POINT('',#2322);
#2322 = CARTESIAN_POINT('',(2.,20.,21.5));
#2323 = LINE('',#2324,#2325);
#2324 = CARTESIAN_POINT('',(2.,20.,21.5));
#2325 = VECTOR('',#2326,1.);
#2326 = DIRECTION('',(0.,0.,1.));
#2327 = ORIENTED_EDGE('',*,*,#2328,.F.);
#2328 = EDGE_CURVE('',#2329,#2321,#2331,.T.);
#2329 = VERTEX_POINT('',#2330);
#2330 = CARTESIAN_POINT('',(2.,12.,21.5));
#2331 = LINE('',#2332,#2333);
#2332 = CARTESIAN_POINT('',(2.,12.,21.5));
#2333 = VECTOR('',#2334,1.);
#2334 = DIRECTION('',(-0.,1.,0.));
#2335 = ORIENTED_EDGE('',*,*,#2336,.T.);
#2336 = EDGE_CURVE('',#2329,#1857,#2337,.T.);
#2337 = LINE('',#2338,#2339);
#2338 = CARTESIAN_POINT('',(2.,12.,21.5));
#2339 = VECTOR('',#2340,1.);
#2340 = DIRECTION('',(0.,0.,1.));
#2341 = ORIENTED_EDGE('',*,*,#1854,.F.);
#2342 = PLANE('',#2343);
#2343 = AXIS2_PLACEMENT_3D('',#2344,#2345,#2346);
#2344 = CARTESIAN_POINT('',(2.,44.326086956522,43.407608695652));
#2345 = DIRECTION('',(-1.,-0.,-0.));
#2346 = DIRECTION('',(0.,0.,-1.));
#2347 = ADVANCED_FACE('',(#2348),#2389,.T.);
#2348 = FACE_BOUND('',#2349,.T.);
#2349 = EDGE_LOOP('',(#2350,#2351,#2359,#2367,#2373,#2374,#2382,#2388));
#2350 = ORIENTED_EDGE('',*,*,#1864,.T.);
#2351 = ORIENTED_EDGE('',*,*,#2352,.F.);
#2352 = EDGE_CURVE('',#2353,#1865,#2355,.T.);
#2353 = VERTEX_POINT('',#2354);
#2354 = CARTESIAN_POINT('',(94.,4.,21.5));
#2355 = LINE('',#2356,#2357);
#2356 = CARTESIAN_POINT('',(94.,4.,21.5));
#2357 = VECTOR('',#2358,1.);
#2358 = DIRECTION('',(0.,0.,1.));
#2359 = ORIENTED_EDGE('',*,*,#2360,.T.);
#2360 = EDGE_CURVE('',#2353,#2361,#2363,.T.);
#2361 = VERTEX_POINT('',#2362);
#2362 = CARTESIAN_POINT('',(102.,4.,21.5));
#2363 = LINE('',#2364,#2365);
#2364 = CARTESIAN_POINT('',(94.,4.,21.5));
#2365 = VECTOR('',#2366,1.);
#2366 = DIRECTION('',(1.,0.,-0.));
#2367 = ORIENTED_EDGE('',*,*,#2368,.T.);
#2368 = EDGE_CURVE('',#2361,#1889,#2369,.T.);
#2369 = LINE('',#2370,#2371);
#2370 = CARTESIAN_POINT('',(102.,4.,21.5));
#2371 = VECTOR('',#2372,1.);
#2372 = DIRECTION('',(0.,0.,1.));
#2373 = ORIENTED_EDGE('',*,*,#1896,.T.);
#2374 = ORIENTED_EDGE('',*,*,#2375,.T.);
#2375 = EDGE_CURVE('',#1897,#2376,#2378,.T.);
#2376 = VERTEX_POINT('',#2377);
#2377 = CARTESIAN_POINT('',(105.,4.,57.));
#2378 = LINE('',#2379,#2380);
#2379 = CARTESIAN_POINT('',(105.,4.,44.));
#2380 = VECTOR('',#2381,1.);
#2381 = DIRECTION('',(0.,0.,1.));
#2382 = ORIENTED_EDGE('',*,*,#2383,.F.);
#2383 = EDGE_CURVE('',#2275,#2376,#2384,.T.);
#2384 = LINE('',#2385,#2386);
#2385 = CARTESIAN_POINT('',(2.,4.,57.));
#2386 = VECTOR('',#2387,1.);
#2387 = DIRECTION('',(1.,0.,-0.));
#2388 = ORIENTED_EDGE('',*,*,#2274,.F.);
#2389 = PLANE('',#2390);
#2390 = AXIS2_PLACEMENT_3D('',#2391,#2392,#2393);
#2391 = CARTESIAN_POINT('',(60.729241877256,4.,46.966606498195));
#2392 = DIRECTION('',(-0.,-1.,-0.));
#2393 = DIRECTION('',(0.,0.,-1.));
#2394 = ADVANCED_FACE('',(#2395),#2413,.F.);
#2395 = FACE_BOUND('',#2396,.F.);
#2396 = EDGE_LOOP('',(#2397,#2405,#2406,#2407));
#2397 = ORIENTED_EDGE('',*,*,#2398,.F.);
#2398 = EDGE_CURVE('',#2329,#2399,#2401,.T.);
#2399 = VERTEX_POINT('',#2400);
#2400 = CARTESIAN_POINT('',(10.,12.,21.5));
#2401 = LINE('',#2402,#2403);
#2402 = CARTESIAN_POINT('',(2.,12.,21.5));
#2403 = VECTOR('',#2404,1.);
#2404 = DIRECTION('',(1.,0.,-0.));
#2405 = ORIENTED_EDGE('',*,*,#2336,.T.);
#2406 = ORIENTED_EDGE('',*,*,#2008,.T.);
#2407 = ORIENTED_EDGE('',*,*,#2408,.F.);
#2408 = EDGE_CURVE('',#2399,#2001,#2409,.T.);
#2409 = LINE('',#2410,#2411);
#2410 = CARTESIAN_POINT('',(10.,12.,21.5));
#2411 = VECTOR('',#2412,1.);
#2412 = DIRECTION('',(0.,0.,1.));
#2413 = PLANE('',#2414);
#2414 = AXIS2_PLACEMENT_3D('',#2415,#2416,#2417);
#2415 = CARTESIAN_POINT('',(2.,12.,21.5));
#2416 = DIRECTION('',(-0.,1.,0.));
#2417 = DIRECTION('',(0.,0.,1.));
#2418 = ADVANCED_FACE('',(#2419),#2437,.F.);
#2419 = FACE_BOUND('',#2420,.F.);
#2420 = EDGE_LOOP('',(#2421,#2422,#2430,#2436));
#2421 = ORIENTED_EDGE('',*,*,#2352,.F.);
#2422 = ORIENTED_EDGE('',*,*,#2423,.T.);
#2423 = EDGE_CURVE('',#2353,#2424,#2426,.T.);
#2424 = VERTEX_POINT('',#2425);
#2425 = CARTESIAN_POINT('',(94.,12.,21.5));
#2426 = LINE('',#2427,#2428);
#2427 = CARTESIAN_POINT('',(94.,4.,21.5));
#2428 = VECTOR('',#2429,1.);
#2429 = DIRECTION('',(-0.,1.,0.));
#2430 = ORIENTED_EDGE('',*,*,#2431,.T.);
#2431 = EDGE_CURVE('',#2424,#1873,#2432,.T.);
#2432 = LINE('',#2433,#2434);
#2433 = CARTESIAN_POINT('',(94.,12.,21.5));
#2434 = VECTOR('',#2435,1.);
#2435 = DIRECTION('',(0.,0.,1.));
#2436 = ORIENTED_EDGE('',*,*,#1872,.F.);
#2437 = PLANE('',#2438);
#2438 = AXIS2_PLACEMENT_3D('',#2439,#2440,#2441);
#2439 = CARTESIAN_POINT('',(94.,4.,21.5));
#2440 = DIRECTION('',(1.,0.,-0.));
#2441 = DIRECTION('',(0.,0.,1.));
#2442 = ADVANCED_FACE('',(#2443),#2461,.T.);
#2443 = FACE_BOUND('',#2444,.T.);
#2444 = EDGE_LOOP('',(#2445,#2446,#2454,#2460));
#2445 = ORIENTED_EDGE('',*,*,#2408,.F.);
#2446 = ORIENTED_EDGE('',*,*,#2447,.T.);
#2447 = EDGE_CURVE('',#2399,#2448,#2450,.T.);
#2448 = VERTEX_POINT('',#2449);
#2449 = CARTESIAN_POINT('',(10.,20.,21.5));
#2450 = LINE('',#2451,#2452);
#2451 = CARTESIAN_POINT('',(10.,12.,21.5));
#2452 = VECTOR('',#2453,1.);
#2453 = DIRECTION('',(-0.,1.,0.));
#2454 = ORIENTED_EDGE('',*,*,#2455,.T.);
#2455 = EDGE_CURVE('',#2448,#1993,#2456,.T.);
#2456 = LINE('',#2457,#2458);
#2457 = CARTESIAN_POINT('',(10.,20.,21.5));
#2458 = VECTOR('',#2459,1.);
#2459 = DIRECTION('',(0.,0.,1.));
#2460 = ORIENTED_EDGE('',*,*,#2000,.F.);
#2461 = PLANE('',#2462);
#2462 = AXIS2_PLACEMENT_3D('',#2463,#2464,#2465);
#2463 = CARTESIAN_POINT('',(10.,12.,21.5));
#2464 = DIRECTION('',(1.,0.,-0.));
#2465 = DIRECTION('',(0.,0.,1.));
#2466 = ADVANCED_FACE('',(#2467),#2485,.T.);
#2467 = FACE_BOUND('',#2468,.T.);
#2468 = EDGE_LOOP('',(#2469,#2477,#2478,#2479));
#2469 = ORIENTED_EDGE('',*,*,#2470,.F.);
#2470 = EDGE_CURVE('',#2424,#2471,#2473,.T.);
#2471 = VERTEX_POINT('',#2472);
#2472 = CARTESIAN_POINT('',(102.,12.,21.5));
#2473 = LINE('',#2474,#2475);
#2474 = CARTESIAN_POINT('',(94.,12.,21.5));
#2475 = VECTOR('',#2476,1.);
#2476 = DIRECTION('',(1.,0.,-0.));
#2477 = ORIENTED_EDGE('',*,*,#2431,.T.);
#2478 = ORIENTED_EDGE('',*,*,#1880,.T.);
#2479 = ORIENTED_EDGE('',*,*,#2480,.F.);
#2480 = EDGE_CURVE('',#2471,#1881,#2481,.T.);
#2481 = LINE('',#2482,#2483);
#2482 = CARTESIAN_POINT('',(102.,12.,21.5));
#2483 = VECTOR('',#2484,1.);
#2484 = DIRECTION('',(0.,0.,1.));
#2485 = PLANE('',#2486);
#2486 = AXIS2_PLACEMENT_3D('',#2487,#2488,#2489);
#2487 = CARTESIAN_POINT('',(94.,12.,21.5));
#2488 = DIRECTION('',(-0.,1.,0.));
#2489 = DIRECTION('',(0.,0.,1.));
#2490 = ADVANCED_FACE('',(#2491),#2502,.T.);
#2491 = FACE_BOUND('',#2492,.T.);
#2492 = EDGE_LOOP('',(#2493,#2499,#2500,#2501));
#2493 = ORIENTED_EDGE('',*,*,#2494,.F.);
#2494 = EDGE_CURVE('',#2321,#2448,#2495,.T.);
#2495 = LINE('',#2496,#2497);
#2496 = CARTESIAN_POINT('',(2.,20.,21.5));
#2497 = VECTOR('',#2498,1.);
#2498 = DIRECTION('',(1.,0.,-0.));
#2499 = ORIENTED_EDGE('',*,*,#2320,.T.);
#2500 = ORIENTED_EDGE('',*,*,#1992,.T.);
#2501 = ORIENTED_EDGE('',*,*,#2455,.F.);
#2502 = PLANE('',#2503);
#2503 = AXIS2_PLACEMENT_3D('',#2504,#2505,#2506);
#2504 = CARTESIAN_POINT('',(2.,20.,21.5));
#2505 = DIRECTION('',(-0.,1.,0.));
#2506 = DIRECTION('',(0.,0.,1.));
#2507 = ADVANCED_FACE('',(#2508),#2519,.T.);
#2508 = FACE_BOUND('',#2509,.T.);
#2509 = EDGE_LOOP('',(#2510,#2511,#2517,#2518));
#2510 = ORIENTED_EDGE('',*,*,#2368,.F.);
#2511 = ORIENTED_EDGE('',*,*,#2512,.T.);
#2512 = EDGE_CURVE('',#2361,#2471,#2513,.T.);
#2513 = LINE('',#2514,#2515);
#2514 = CARTESIAN_POINT('',(102.,4.,21.5));
#2515 = VECTOR('',#2516,1.);
#2516 = DIRECTION('',(-0.,1.,0.));
#2517 = ORIENTED_EDGE('',*,*,#2480,.T.);
#2518 = ORIENTED_EDGE('',*,*,#1888,.F.);
#2519 = PLANE('',#2520);
#2520 = AXIS2_PLACEMENT_3D('',#2521,#2522,#2523);
#2521 = CARTESIAN_POINT('',(102.,4.,21.5));
#2522 = DIRECTION('',(1.,0.,-0.));
#2523 = DIRECTION('',(0.,0.,1.));
#2524 = ADVANCED_FACE('',(#2525),#2543,.F.);
#2525 = FACE_BOUND('',#2526,.F.);
#2526 = EDGE_LOOP('',(#2527,#2535,#2536,#2537));
#2527 = ORIENTED_EDGE('',*,*,#2528,.F.);
#2528 = EDGE_CURVE('',#2306,#2529,#2531,.T.);
#2529 = VERTEX_POINT('',#2530);
#2530 = CARTESIAN_POINT('',(10.,70.,21.5));
#2531 = LINE('',#2532,#2533);
#2532 = CARTESIAN_POINT('',(2.,70.,21.5));
#2533 = VECTOR('',#2534,1.);
#2534 = DIRECTION('',(1.,0.,-0.));
#2535 = ORIENTED_EDGE('',*,*,#2313,.T.);
#2536 = ORIENTED_EDGE('',*,*,#1976,.T.);
#2537 = ORIENTED_EDGE('',*,*,#2538,.F.);
#2538 = EDGE_CURVE('',#2529,#1969,#2539,.T.);
#2539 = LINE('',#2540,#2541);
#2540 = CARTESIAN_POINT('',(10.,70.,21.5));
#2541 = VECTOR('',#2542,1.);
#2542 = DIRECTION('',(0.,0.,1.));
#2543 = PLANE('',#2544);
#2544 = AXIS2_PLACEMENT_3D('',#2545,#2546,#2547);
#2545 = CARTESIAN_POINT('',(2.,70.,21.5));
#2546 = DIRECTION('',(-0.,1.,0.));
#2547 = DIRECTION('',(0.,0.,1.));
#2548 = ADVANCED_FACE('',(#2549,#2567),#2578,.T.);
#2549 = FACE_BOUND('',#2550,.T.);
#2550 = EDGE_LOOP('',(#2551,#2552,#2553,#2561));
#2551 = ORIENTED_EDGE('',*,*,#2375,.F.);
#2552 = ORIENTED_EDGE('',*,*,#1904,.T.);
#2553 = ORIENTED_EDGE('',*,*,#2554,.T.);
#2554 = EDGE_CURVE('',#1905,#2555,#2557,.T.);
#2555 = VERTEX_POINT('',#2556);
#2556 = CARTESIAN_POINT('',(105.,84.,57.));
#2557 = LINE('',#2558,#2559);
#2558 = CARTESIAN_POINT('',(105.,84.,44.));
#2559 = VECTOR('',#2560,1.);
#2560 = DIRECTION('',(0.,0.,1.));
#2561 = ORIENTED_EDGE('',*,*,#2562,.F.);
#2562 = EDGE_CURVE('',#2376,#2555,#2563,.T.);
#2563 = LINE('',#2564,#2565);
#2564 = CARTESIAN_POINT('',(105.,4.,57.));
#2565 = VECTOR('',#2566,1.);
#2566 = DIRECTION('',(-0.,1.,0.));
#2567 = FACE_BOUND('',#2568,.T.);
#2568 = EDGE_LOOP('',(#2569));
#2569 = ORIENTED_EDGE('',*,*,#2570,.F.);
#2570 = EDGE_CURVE('',#2571,#2571,#2573,.T.);
#2571 = VERTEX_POINT('',#2572);
#2572 = CARTESIAN_POINT('',(105.,53.4,52.2));
#2573 = CIRCLE('',#2574,2.2);
#2574 = AXIS2_PLACEMENT_3D('',#2575,#2576,#2577);
#2575 = CARTESIAN_POINT('',(105.,53.4,50.));
#2576 = DIRECTION('',(1.,0.,0.));
#2577 = DIRECTION('',(-0.,0.,1.));
#2578 = PLANE('',#2579);
#2579 = AXIS2_PLACEMENT_3D('',#2580,#2581,#2582);
#2580 = CARTESIAN_POINT('',(105.,4.,44.));
#2581 = DIRECTION('',(1.,0.,-0.));
#2582 = DIRECTION('',(0.,0.,1.));
#2583 = ADVANCED_FACE('',(#2584),#2602,.T.);
#2584 = FACE_BOUND('',#2585,.T.);
#2585 = EDGE_LOOP('',(#2586,#2587,#2595,#2601));
#2586 = ORIENTED_EDGE('',*,*,#2538,.F.);
#2587 = ORIENTED_EDGE('',*,*,#2588,.T.);
#2588 = EDGE_CURVE('',#2529,#2589,#2591,.T.);
#2589 = VERTEX_POINT('',#2590);
#2590 = CARTESIAN_POINT('',(10.,78.,21.5));
#2591 = LINE('',#2592,#2593);
#2592 = CARTESIAN_POINT('',(10.,70.,21.5));
#2593 = VECTOR('',#2594,1.);
#2594 = DIRECTION('',(-0.,1.,0.));
#2595 = ORIENTED_EDGE('',*,*,#2596,.T.);
#2596 = EDGE_CURVE('',#2589,#1961,#2597,.T.);
#2597 = LINE('',#2598,#2599);
#2598 = CARTESIAN_POINT('',(10.,78.,21.5));
#2599 = VECTOR('',#2600,1.);
#2600 = DIRECTION('',(0.,0.,1.));
#2601 = ORIENTED_EDGE('',*,*,#1968,.F.);
#2602 = PLANE('',#2603);
#2603 = AXIS2_PLACEMENT_3D('',#2604,#2605,#2606);
#2604 = CARTESIAN_POINT('',(10.,70.,21.5));
#2605 = DIRECTION('',(1.,0.,-0.));
#2606 = DIRECTION('',(0.,0.,1.));
#2607 = ADVANCED_FACE('',(#2608),#2642,.T.);
#2608 = FACE_BOUND('',#2609,.T.);
#2609 = EDGE_LOOP('',(#2610,#2611,#2612,#2618,#2619,#2620,#2628,#2636));
#2610 = ORIENTED_EDGE('',*,*,#1944,.F.);
#2611 = ORIENTED_EDGE('',*,*,#2290,.T.);
#2612 = ORIENTED_EDGE('',*,*,#2613,.T.);
#2613 = EDGE_CURVE('',#2283,#2555,#2614,.T.);
#2614 = LINE('',#2615,#2616);
#2615 = CARTESIAN_POINT('',(2.,84.,57.));
#2616 = VECTOR('',#2617,1.);
#2617 = DIRECTION('',(1.,0.,-0.));
#2618 = ORIENTED_EDGE('',*,*,#2554,.F.);
#2619 = ORIENTED_EDGE('',*,*,#1912,.F.);
#2620 = ORIENTED_EDGE('',*,*,#2621,.F.);
#2621 = EDGE_CURVE('',#2622,#1913,#2624,.T.);
#2622 = VERTEX_POINT('',#2623);
#2623 = CARTESIAN_POINT('',(102.,84.,21.5));
#2624 = LINE('',#2625,#2626);
#2625 = CARTESIAN_POINT('',(102.,84.,21.5));
#2626 = VECTOR('',#2627,1.);
#2627 = DIRECTION('',(0.,0.,1.));
#2628 = ORIENTED_EDGE('',*,*,#2629,.F.);
#2629 = EDGE_CURVE('',#2630,#2622,#2632,.T.);
#2630 = VERTEX_POINT('',#2631);
#2631 = CARTESIAN_POINT('',(94.,84.,21.5));
#2632 = LINE('',#2633,#2634);
#2633 = CARTESIAN_POINT('',(94.,84.,21.5));
#2634 = VECTOR('',#2635,1.);
#2635 = DIRECTION('',(1.,0.,-0.));
#2636 = ORIENTED_EDGE('',*,*,#2637,.T.);
#2637 = EDGE_CURVE('',#2630,#1937,#2638,.T.);
#2638 = LINE('',#2639,#2640);
#2639 = CARTESIAN_POINT('',(94.,84.,21.5));
#2640 = VECTOR('',#2641,1.);
#2641 = DIRECTION('',(0.,0.,1.));
#2642 = PLANE('',#2643);
#2643 = AXIS2_PLACEMENT_3D('',#2644,#2645,#2646);
#2644 = CARTESIAN_POINT('',(60.729241877256,84.,46.966606498195));
#2645 = DIRECTION('',(0.,1.,0.));
#2646 = DIRECTION('',(0.,-0.,1.));
#2647 = ADVANCED_FACE('',(#2648),#2659,.T.);
#2648 = FACE_BOUND('',#2649,.T.);
#2649 = EDGE_LOOP('',(#2650,#2656,#2657,#2658));
#2650 = ORIENTED_EDGE('',*,*,#2651,.F.);
#2651 = EDGE_CURVE('',#2298,#2589,#2652,.T.);
#2652 = LINE('',#2653,#2654);
#2653 = CARTESIAN_POINT('',(2.,78.,21.5));
#2654 = VECTOR('',#2655,1.);
#2655 = DIRECTION('',(1.,0.,-0.));
#2656 = ORIENTED_EDGE('',*,*,#2297,.T.);
#2657 = ORIENTED_EDGE('',*,*,#1960,.T.);
#2658 = ORIENTED_EDGE('',*,*,#2596,.F.);
#2659 = PLANE('',#2660);
#2660 = AXIS2_PLACEMENT_3D('',#2661,#2662,#2663);
#2661 = CARTESIAN_POINT('',(2.,78.,21.5));
#2662 = DIRECTION('',(-0.,1.,0.));
#2663 = DIRECTION('',(0.,0.,1.));
#2664 = ADVANCED_FACE('',(#2665),#2683,.T.);
#2665 = FACE_BOUND('',#2666,.T.);
#2666 = EDGE_LOOP('',(#2667,#2675,#2681,#2682));
#2667 = ORIENTED_EDGE('',*,*,#2668,.F.);
#2668 = EDGE_CURVE('',#2669,#1921,#2671,.T.);
#2669 = VERTEX_POINT('',#2670);
#2670 = CARTESIAN_POINT('',(102.,76.,21.5));
#2671 = LINE('',#2672,#2673);
#2672 = CARTESIAN_POINT('',(102.,76.,21.5));
#2673 = VECTOR('',#2674,1.);
#2674 = DIRECTION('',(0.,0.,1.));
#2675 = ORIENTED_EDGE('',*,*,#2676,.T.);
#2676 = EDGE_CURVE('',#2669,#2622,#2677,.T.);
#2677 = LINE('',#2678,#2679);
#2678 = CARTESIAN_POINT('',(102.,76.,21.5));
#2679 = VECTOR('',#2680,1.);
#2680 = DIRECTION('',(-0.,1.,0.));
#2681 = ORIENTED_EDGE('',*,*,#2621,.T.);
#2682 = ORIENTED_EDGE('',*,*,#1920,.F.);
#2683 = PLANE('',#2684);
#2684 = AXIS2_PLACEMENT_3D('',#2685,#2686,#2687);
#2685 = CARTESIAN_POINT('',(102.,76.,21.5));
#2686 = DIRECTION('',(1.,0.,-0.));
#2687 = DIRECTION('',(0.,0.,1.));
#2688 = ADVANCED_FACE('',(#2689),#2707,.F.);
#2689 = FACE_BOUND('',#2690,.F.);
#2690 = EDGE_LOOP('',(#2691,#2699,#2705,#2706));
#2691 = ORIENTED_EDGE('',*,*,#2692,.F.);
#2692 = EDGE_CURVE('',#2693,#2669,#2695,.T.);
#2693 = VERTEX_POINT('',#2694);
#2694 = CARTESIAN_POINT('',(94.,76.,21.5));
#2695 = LINE('',#2696,#2697);
#2696 = CARTESIAN_POINT('',(94.,76.,21.5));
#2697 = VECTOR('',#2698,1.);
#2698 = DIRECTION('',(1.,0.,-0.));
#2699 = ORIENTED_EDGE('',*,*,#2700,.T.);
#2700 = EDGE_CURVE('',#2693,#1929,#2701,.T.);
#2701 = LINE('',#2702,#2703);
#2702 = CARTESIAN_POINT('',(94.,76.,21.5));
#2703 = VECTOR('',#2704,1.);
#2704 = DIRECTION('',(0.,0.,1.));
#2705 = ORIENTED_EDGE('',*,*,#1928,.T.);
#2706 = ORIENTED_EDGE('',*,*,#2668,.F.);
#2707 = PLANE('',#2708);
#2708 = AXIS2_PLACEMENT_3D('',#2709,#2710,#2711);
#2709 = CARTESIAN_POINT('',(94.,76.,21.5));
#2710 = DIRECTION('',(-0.,1.,0.));
#2711 = DIRECTION('',(0.,0.,1.));
#2712 = ADVANCED_FACE('',(#2713),#2724,.F.);
#2713 = FACE_BOUND('',#2714,.F.);
#2714 = EDGE_LOOP('',(#2715,#2716,#2722,#2723));
#2715 = ORIENTED_EDGE('',*,*,#2700,.F.);
#2716 = ORIENTED_EDGE('',*,*,#2717,.T.);
#2717 = EDGE_CURVE('',#2693,#2630,#2718,.T.);
#2718 = LINE('',#2719,#2720);
#2719 = CARTESIAN_POINT('',(94.,76.,21.5));
#2720 = VECTOR('',#2721,1.);
#2721 = DIRECTION('',(-0.,1.,0.));
#2722 = ORIENTED_EDGE('',*,*,#2637,.T.);
#2723 = ORIENTED_EDGE('',*,*,#1936,.F.);
#2724 = PLANE('',#2725);
#2725 = AXIS2_PLACEMENT_3D('',#2726,#2727,#2728);
#2726 = CARTESIAN_POINT('',(94.,76.,21.5));
#2727 = DIRECTION('',(1.,0.,-0.));
#2728 = DIRECTION('',(0.,0.,1.));
#2729 = ADVANCED_FACE('',(#2730),#2749,.T.);
#2730 = FACE_BOUND('',#2731,.T.);
#2731 = EDGE_LOOP('',(#2732,#2733,#2741,#2748));
#2732 = ORIENTED_EDGE('',*,*,#2030,.F.);
#2733 = ORIENTED_EDGE('',*,*,#2734,.F.);
#2734 = EDGE_CURVE('',#2735,#2031,#2737,.T.);
#2735 = VERTEX_POINT('',#2736);
#2736 = CARTESIAN_POINT('',(99.1,20.4,36.5));
#2737 = LINE('',#2738,#2739);
#2738 = CARTESIAN_POINT('',(99.1,20.4,36.5));
#2739 = VECTOR('',#2740,1.);
#2740 = DIRECTION('',(0.,0.,1.));
#2741 = ORIENTED_EDGE('',*,*,#2742,.T.);
#2742 = EDGE_CURVE('',#2735,#2735,#2743,.T.);
#2743 = CIRCLE('',#2744,3.1);
#2744 = AXIS2_PLACEMENT_3D('',#2745,#2746,#2747);
#2745 = CARTESIAN_POINT('',(96.,20.4,36.5));
#2746 = DIRECTION('',(0.,0.,1.));
#2747 = DIRECTION('',(1.,0.,-0.));
#2748 = ORIENTED_EDGE('',*,*,#2734,.T.);
#2749 = CYLINDRICAL_SURFACE('',#2750,3.1);
#2750 = AXIS2_PLACEMENT_3D('',#2751,#2752,#2753);
#2751 = CARTESIAN_POINT('',(96.,20.4,36.5));
#2752 = DIRECTION('',(0.,0.,1.));
#2753 = DIRECTION('',(1.,0.,-0.));
#2754 = ADVANCED_FACE('',(#2755),#2774,.F.);
#2755 = FACE_BOUND('',#2756,.F.);
#2756 = EDGE_LOOP('',(#2757,#2766,#2772,#2773));
#2757 = ORIENTED_EDGE('',*,*,#2758,.F.);
#2758 = EDGE_CURVE('',#2759,#2759,#2761,.T.);
#2759 = VERTEX_POINT('',#2760);
#2760 = CARTESIAN_POINT('',(98.4,31.4,50.));
#2761 = CIRCLE('',#2762,2.4);
#2762 = AXIS2_PLACEMENT_3D('',#2763,#2764,#2765);
#2763 = CARTESIAN_POINT('',(96.,31.4,50.));
#2764 = DIRECTION('',(0.,0.,1.));
#2765 = DIRECTION('',(1.,0.,-0.));
#2766 = ORIENTED_EDGE('',*,*,#2767,.F.);
#2767 = EDGE_CURVE('',#2064,#2759,#2768,.T.);
#2768 = LINE('',#2769,#2770);
#2769 = CARTESIAN_POINT('',(98.4,31.4,44.));
#2770 = VECTOR('',#2771,1.);
#2771 = DIRECTION('',(0.,0.,1.));
#2772 = ORIENTED_EDGE('',*,*,#2063,.T.);
#2773 = ORIENTED_EDGE('',*,*,#2767,.T.);
#2774 = CYLINDRICAL_SURFACE('',#2775,2.4);
#2775 = AXIS2_PLACEMENT_3D('',#2776,#2777,#2778);
#2776 = CARTESIAN_POINT('',(96.,31.4,44.));
#2777 = DIRECTION('',(0.,0.,1.));
#2778 = DIRECTION('',(1.,0.,-0.));
#2779 = ADVANCED_FACE('',(#2780),#2799,.T.);
#2780 = FACE_BOUND('',#2781,.T.);
#2781 = EDGE_LOOP('',(#2782,#2783,#2791,#2798));
#2782 = ORIENTED_EDGE('',*,*,#2074,.F.);
#2783 = ORIENTED_EDGE('',*,*,#2784,.F.);
#2784 = EDGE_CURVE('',#2785,#2075,#2787,.T.);
#2785 = VERTEX_POINT('',#2786);
#2786 = CARTESIAN_POINT('',(99.1,42.4,36.5));
#2787 = LINE('',#2788,#2789);
#2788 = CARTESIAN_POINT('',(99.1,42.4,36.5));
#2789 = VECTOR('',#2790,1.);
#2790 = DIRECTION('',(0.,0.,1.));
#2791 = ORIENTED_EDGE('',*,*,#2792,.T.);
#2792 = EDGE_CURVE('',#2785,#2785,#2793,.T.);
#2793 = CIRCLE('',#2794,3.1);
#2794 = AXIS2_PLACEMENT_3D('',#2795,#2796,#2797);
#2795 = CARTESIAN_POINT('',(96.,42.4,36.5));
#2796 = DIRECTION('',(0.,0.,1.));
#2797 = DIRECTION('',(1.,0.,-0.));
#2798 = ORIENTED_EDGE('',*,*,#2784,.T.);
#2799 = CYLINDRICAL_SURFACE('',#2800,3.1);
#2800 = AXIS2_PLACEMENT_3D('',#2801,#2802,#2803);
#2801 = CARTESIAN_POINT('',(96.,42.4,36.5));
#2802 = DIRECTION('',(0.,0.,1.));
#2803 = DIRECTION('',(1.,0.,-0.));
#2804 = ADVANCED_FACE('',(#2805),#2816,.T.);
#2805 = FACE_BOUND('',#2806,.T.);
#2806 = EDGE_LOOP('',(#2807,#2808,#2814,#2815));
#2807 = ORIENTED_EDGE('',*,*,#2096,.F.);
#2808 = ORIENTED_EDGE('',*,*,#2809,.F.);
#2809 = EDGE_CURVE('',#2167,#2097,#2810,.T.);
#2810 = LINE('',#2811,#2812);
#2811 = CARTESIAN_POINT('',(42.1,70.,36.5));
#2812 = VECTOR('',#2813,1.);
#2813 = DIRECTION('',(0.,0.,1.));
#2814 = ORIENTED_EDGE('',*,*,#2166,.T.);
#2815 = ORIENTED_EDGE('',*,*,#2809,.T.);
#2816 = CYLINDRICAL_SURFACE('',#2817,3.1);
#2817 = AXIS2_PLACEMENT_3D('',#2818,#2819,#2820);
#2818 = CARTESIAN_POINT('',(39.,70.,36.5));
#2819 = DIRECTION('',(0.,0.,1.));
#2820 = DIRECTION('',(1.,0.,-0.));
#2821 = ADVANCED_FACE('',(#2822),#2833,.T.);
#2822 = FACE_BOUND('',#2823,.T.);
#2823 = EDGE_LOOP('',(#2824,#2825,#2831,#2832));
#2824 = ORIENTED_EDGE('',*,*,#2107,.F.);
#2825 = ORIENTED_EDGE('',*,*,#2826,.F.);
#2826 = EDGE_CURVE('',#2187,#2108,#2827,.T.);
#2827 = LINE('',#2828,#2829);
#2828 = CARTESIAN_POINT('',(61.1,70.,36.5));
#2829 = VECTOR('',#2830,1.);
#2830 = DIRECTION('',(0.,0.,1.));
#2831 = ORIENTED_EDGE('',*,*,#2186,.T.);
#2832 = ORIENTED_EDGE('',*,*,#2826,.T.);
#2833 = CYLINDRICAL_SURFACE('',#2834,3.1);
#2834 = AXIS2_PLACEMENT_3D('',#2835,#2836,#2837);
#2835 = CARTESIAN_POINT('',(58.,70.,36.5));
#2836 = DIRECTION('',(0.,0.,1.));
#2837 = DIRECTION('',(1.,0.,-0.));
#2838 = ADVANCED_FACE('',(#2839),#2850,.T.);
#2839 = FACE_BOUND('',#2840,.T.);
#2840 = EDGE_LOOP('',(#2841,#2842,#2848,#2849));
#2841 = ORIENTED_EDGE('',*,*,#2118,.F.);
#2842 = ORIENTED_EDGE('',*,*,#2843,.F.);
#2843 = EDGE_CURVE('',#2147,#2119,#2844,.T.);
#2844 = LINE('',#2845,#2846);
#2845 = CARTESIAN_POINT('',(80.1,70.,36.5));
#2846 = VECTOR('',#2847,1.);
#2847 = DIRECTION('',(0.,0.,1.));
#2848 = ORIENTED_EDGE('',*,*,#2146,.T.);
#2849 = ORIENTED_EDGE('',*,*,#2843,.T.);
#2850 = CYLINDRICAL_SURFACE('',#2851,3.1);
#2851 = AXIS2_PLACEMENT_3D('',#2852,#2853,#2854);
#2852 = CARTESIAN_POINT('',(77.,70.,36.5));
#2853 = DIRECTION('',(0.,0.,1.));
#2854 = DIRECTION('',(1.,0.,-0.));
#2855 = ADVANCED_FACE('',(#2856),#2862,.T.);
#2856 = FACE_BOUND('',#2857,.T.);
#2857 = EDGE_LOOP('',(#2858,#2859,#2860,#2861));
#2858 = ORIENTED_EDGE('',*,*,#2282,.F.);
#2859 = ORIENTED_EDGE('',*,*,#2383,.T.);
#2860 = ORIENTED_EDGE('',*,*,#2562,.T.);
#2861 = ORIENTED_EDGE('',*,*,#2613,.F.);
#2862 = PLANE('',#2863);
#2863 = AXIS2_PLACEMENT_3D('',#2864,#2865,#2866);
#2864 = CARTESIAN_POINT('',(2.,4.,57.));
#2865 = DIRECTION('',(0.,0.,1.));
#2866 = DIRECTION('',(1.,0.,-0.));
#2867 = ADVANCED_FACE('',(#2868),#2874,.F.);
#2868 = FACE_BOUND('',#2869,.F.);
#2869 = EDGE_LOOP('',(#2870,#2871,#2872,#2873));
#2870 = ORIENTED_EDGE('',*,*,#2305,.F.);
#2871 = ORIENTED_EDGE('',*,*,#2528,.T.);
#2872 = ORIENTED_EDGE('',*,*,#2588,.T.);
#2873 = ORIENTED_EDGE('',*,*,#2651,.F.);
#2874 = PLANE('',#2875);
#2875 = AXIS2_PLACEMENT_3D('',#2876,#2877,#2878);
#2876 = CARTESIAN_POINT('',(2.,70.,21.5));
#2877 = DIRECTION('',(0.,0.,1.));
#2878 = DIRECTION('',(1.,0.,-0.));
#2879 = ADVANCED_FACE('',(#2880),#2886,.F.);
#2880 = FACE_BOUND('',#2881,.F.);
#2881 = EDGE_LOOP('',(#2882,#2883,#2884,#2885));
#2882 = ORIENTED_EDGE('',*,*,#2328,.F.);
#2883 = ORIENTED_EDGE('',*,*,#2398,.T.);
#2884 = ORIENTED_EDGE('',*,*,#2447,.T.);
#2885 = ORIENTED_EDGE('',*,*,#2494,.F.);
#2886 = PLANE('',#2887);
#2887 = AXIS2_PLACEMENT_3D('',#2888,#2889,#2890);
#2888 = CARTESIAN_POINT('',(2.,12.,21.5));
#2889 = DIRECTION('',(0.,0.,1.));
#2890 = DIRECTION('',(1.,0.,-0.));
#2891 = ADVANCED_FACE('',(#2892),#2898,.F.);
#2892 = FACE_BOUND('',#2893,.F.);
#2893 = EDGE_LOOP('',(#2894,#2895,#2896,#2897));
#2894 = ORIENTED_EDGE('',*,*,#2423,.F.);
#2895 = ORIENTED_EDGE('',*,*,#2360,.T.);
#2896 = ORIENTED_EDGE('',*,*,#2512,.T.);
#2897 = ORIENTED_EDGE('',*,*,#2470,.F.);
#2898 = PLANE('',#2899);
#2899 = AXIS2_PLACEMENT_3D('',#2900,#2901,#2902);
#2900 = CARTESIAN_POINT('',(94.,4.,21.5));
#2901 = DIRECTION('',(0.,0.,1.));
#2902 = DIRECTION('',(1.,0.,-0.));
#2903 = ADVANCED_FACE('',(#2904),#2923,.T.);
#2904 = FACE_BOUND('',#2905,.T.);
#2905 = EDGE_LOOP('',(#2906,#2915,#2921,#2922));
#2906 = ORIENTED_EDGE('',*,*,#2907,.F.);
#2907 = EDGE_CURVE('',#2908,#2908,#2910,.T.);
#2908 = VERTEX_POINT('',#2909);
#2909 = CARTESIAN_POINT('',(110.,53.4,52.2));
#2910 = CIRCLE('',#2911,2.2);
#2911 = AXIS2_PLACEMENT_3D('',#2912,#2913,#2914);
#2912 = CARTESIAN_POINT('',(110.,53.4,50.));
#2913 = DIRECTION('',(1.,0.,0.));
#2914 = DIRECTION('',(-0.,0.,1.));
#2915 = ORIENTED_EDGE('',*,*,#2916,.F.);
#2916 = EDGE_CURVE('',#2571,#2908,#2917,.T.);
#2917 = LINE('',#2918,#2919);
#2918 = CARTESIAN_POINT('',(105.,53.4,52.2));
#2919 = VECTOR('',#2920,1.);
#2920 = DIRECTION('',(1.,0.,0.));
#2921 = ORIENTED_EDGE('',*,*,#2570,.T.);
#2922 = ORIENTED_EDGE('',*,*,#2916,.T.);
#2923 = CYLINDRICAL_SURFACE('',#2924,2.2);
#2924 = AXIS2_PLACEMENT_3D('',#2925,#2926,#2927);
#2925 = CARTESIAN_POINT('',(105.,53.4,50.));
#2926 = DIRECTION('',(1.,0.,0.));
#2927 = DIRECTION('',(-0.,0.,1.));
#2928 = ADVANCED_FACE('',(#2929),#2935,.F.);
#2929 = FACE_BOUND('',#2930,.F.);
#2930 = EDGE_LOOP('',(#2931,#2932,#2933,#2934));
#2931 = ORIENTED_EDGE('',*,*,#2717,.F.);
#2932 = ORIENTED_EDGE('',*,*,#2692,.T.);
#2933 = ORIENTED_EDGE('',*,*,#2676,.T.);
#2934 = ORIENTED_EDGE('',*,*,#2629,.F.);
#2935 = PLANE('',#2936);
#2936 = AXIS2_PLACEMENT_3D('',#2937,#2938,#2939);
#2937 = CARTESIAN_POINT('',(94.,76.,21.5));
#2938 = DIRECTION('',(0.,0.,1.));
#2939 = DIRECTION('',(1.,0.,-0.));
#2940 = ADVANCED_FACE('',(#2941,#2944),#2955,.F.);
#2941 = FACE_BOUND('',#2942,.F.);
#2942 = EDGE_LOOP('',(#2943));
#2943 = ORIENTED_EDGE('',*,*,#2742,.T.);
#2944 = FACE_BOUND('',#2945,.F.);
#2945 = EDGE_LOOP('',(#2946));
#2946 = ORIENTED_EDGE('',*,*,#2947,.F.);
#2947 = EDGE_CURVE('',#2948,#2948,#2950,.T.);
#2948 = VERTEX_POINT('',#2949);
#2949 = CARTESIAN_POINT('',(97.6,20.4,36.5));
#2950 = CIRCLE('',#2951,1.6);
#2951 = AXIS2_PLACEMENT_3D('',#2952,#2953,#2954);
#2952 = CARTESIAN_POINT('',(96.,20.4,36.5));
#2953 = DIRECTION('',(0.,0.,1.));
#2954 = DIRECTION('',(1.,0.,-0.));
#2955 = PLANE('',#2956);
#2956 = AXIS2_PLACEMENT_3D('',#2957,#2958,#2959);
#2957 = CARTESIAN_POINT('',(96.,20.4,36.5));
#2958 = DIRECTION('',(0.,0.,1.));
#2959 = DIRECTION('',(1.,0.,-0.));
#2960 = ADVANCED_FACE('',(#2961),#3124,.F.);
#2961 = FACE_BOUND('',#2962,.F.);
#2962 = EDGE_LOOP('',(#2963,#2971,#2980,#3012,#3043,#3052,#3083,#3115,
    #3122,#3123));
#2963 = ORIENTED_EDGE('',*,*,#2964,.T.);
#2964 = EDGE_CURVE('',#2759,#2965,#2967,.T.);
#2965 = VERTEX_POINT('',#2966);
#2966 = CARTESIAN_POINT('',(97.6,31.4,53.));
#2967 = LINE('',#2968,#2969);
#2968 = CARTESIAN_POINT('',(98.4,31.4,50.));
#2969 = VECTOR('',#2970,1.);
#2970 = DIRECTION('',(-0.25766265056,6.310914805371E-17,0.966234939601)
  );
#2971 = ORIENTED_EDGE('',*,*,#2972,.F.);
#2972 = EDGE_CURVE('',#2973,#2965,#2975,.T.);
#2973 = VERTEX_POINT('',#2974);
#2974 = CARTESIAN_POINT('',(97.322875655532,30.5,53.));
#2975 = CIRCLE('',#2976,1.6);
#2976 = AXIS2_PLACEMENT_3D('',#2977,#2978,#2979);
#2977 = CARTESIAN_POINT('',(96.,31.4,53.));
#2978 = DIRECTION('',(0.,0.,1.));
#2979 = DIRECTION('',(1.,0.,-0.));
#2980 = ORIENTED_EDGE('',*,*,#2981,.F.);
#2981 = EDGE_CURVE('',#2982,#2973,#2984,.T.);
#2982 = VERTEX_POINT('',#2983);
#2983 = CARTESIAN_POINT('',(96.,29.666666666667,52.5));
#2984 = B_SPLINE_CURVE_WITH_KNOTS('',6,(#2985,#2986,#2987,#2988,#2989,
    #2990,#2991,#2992,#2993,#2994,#2995,#2996,#2997,#2998,#2999,#3000,
    #3001,#3002,#3003,#3004,#3005,#3006,#3007,#3008,#3009,#3010,#3011),
  .UNSPECIFIED.,.F.,.F.,(7,5,5,5,5,7),(0.,0.168516067193,0.350329944784,
    0.603785615551,0.924113593872,1.),.UNSPECIFIED.);
#2985 = CARTESIAN_POINT('',(96.,29.666666666667,52.5));
#2986 = CARTESIAN_POINT('',(96.053009890378,29.666666666667,52.5));
#2987 = CARTESIAN_POINT('',(96.106028505566,29.66906180425,
    52.501686056392));
#2988 = CARTESIAN_POINT('',(96.158732179442,29.673853011625,
    52.505059081782));
#2989 = CARTESIAN_POINT('',(96.210838472814,29.680972185988,
    52.510062382035));
#2990 = CARTESIAN_POINT('',(96.262105969288,29.690301382133,
    52.516597270077));
#2991 = CARTESIAN_POINT('',(96.366525734348,29.713981476081,
    52.533106755731));
#2992 = CARTESIAN_POINT('',(96.419516708906,29.728672885852,
    52.543313826876));
#2993 = CARTESIAN_POINT('',(96.471083002493,29.745585304479,
    52.555006744483));
#2994 = CARTESIAN_POINT('',(96.521086007176,29.76451590117,
    52.568011596846));
#2995 = CARTESIAN_POINT('',(96.569453972156,29.785265693173,
    52.582154138187));
#2996 = CARTESIAN_POINT('',(96.681278356202,29.83889121711,
    52.618366565194));
#2997 = CARTESIAN_POINT('',(96.743153228407,29.873314662443,
    52.641358592839));
#2998 = CARTESIAN_POINT('',(96.801764649841,29.91048557528,
    52.665842591845));
#2999 = CARTESIAN_POINT('',(96.857174461406,29.950023427759,
    52.69145175732));
#3000 = CARTESIAN_POINT('',(96.909500762425,29.991633753959,
    52.717873295519));
#3001 = CARTESIAN_POINT('',(97.021307679284,30.090090358326,
    52.778956819826));
#3002 = CARTESIAN_POINT('',(97.079001044193,30.148030952816,
    52.813935203529));
#3003 = CARTESIAN_POINT('',(97.132264554228,30.208545998863,
    52.849273490534));
#3004 = CARTESIAN_POINT('',(97.181319950361,30.2713557026,
    52.884512430759));
#3005 = CARTESIAN_POINT('',(97.226364397117,30.336269607455,
    52.919219914328));
#3006 = CARTESIAN_POINT('',(97.277309859379,30.419060341689,
    52.960961778097));
#3007 = CARTESIAN_POINT('',(97.286850346158,30.435029530589,
    52.968902145321));
#3008 = CARTESIAN_POINT('',(97.296175627663,30.451109517436,
    52.976782199758));
#3009 = CARTESIAN_POINT('',(97.30528733941,30.467298820055,
    52.984595936587));
#3010 = CARTESIAN_POINT('',(97.314186928884,30.483596067488,
    52.992337263359));
#3011 = CARTESIAN_POINT('',(97.322875655532,30.5,53.));
#3012 = ORIENTED_EDGE('',*,*,#3013,.F.);
#3013 = EDGE_CURVE('',#3014,#2982,#3016,.T.);
#3014 = VERTEX_POINT('',#3015);
#3015 = CARTESIAN_POINT('',(94.677124344468,30.5,53.));
#3016 = B_SPLINE_CURVE_WITH_KNOTS('',7,(#3017,#3018,#3019,#3020,#3021,
    #3022,#3023,#3024,#3025,#3026,#3027,#3028,#3029,#3030,#3031,#3032,
    #3033,#3034,#3035,#3036,#3037,#3038,#3039,#3040,#3041,#3042),
  .UNSPECIFIED.,.F.,.F.,(8,6,6,6,8),(0.,7.573345148574E-02,
    0.396709445805,0.650047338685,1.),.UNSPECIFIED.);
#3017 = CARTESIAN_POINT('',(94.677124344468,30.500000000002,53.));
#3018 = CARTESIAN_POINT('',(94.68455440655,30.485972370652,
    52.993447301168));
#3019 = CARTESIAN_POINT('',(94.692134381243,30.472020588873,
    52.98683872878));
#3020 = CARTESIAN_POINT('',(94.699864983192,30.458145369535,
    52.980177789623));
#3021 = CARTESIAN_POINT('',(94.707747006879,30.444347474695,
    52.973467953259));
#3022 = CARTESIAN_POINT('',(94.715781326619,30.43062771359,
    52.966712652022));
#3023 = CARTESIAN_POINT('',(94.723968896566,30.416986942648,
    52.959915281022));
#3024 = CARTESIAN_POINT('',(94.767665470114,30.345951911744,
    52.924106287794));
#3025 = CARTESIAN_POINT('',(94.805783941745,30.28992541809,
    52.894444382316));
#3026 = CARTESIAN_POINT('',(94.846754845273,30.235394799702,
    52.864339817808));
#3027 = CARTESIAN_POINT('',(94.890685296605,30.182454163884,
    52.83404030068));
#3028 = CARTESIAN_POINT('',(94.937695602197,30.131238611877,
    52.80380181088));
#3029 = CARTESIAN_POINT('',(94.98792373838,30.08192631166,
    52.773896492095));
#3030 = CARTESIAN_POINT('',(95.083857107272,29.997510582049,
    52.721515572034));
#3031 = CARTESIAN_POINT('',(95.128270578646,29.961615662138,
    52.698810572317));
#3032 = CARTESIAN_POINT('',(95.174862805628,29.927172338442,
    52.676650100116));
#3033 = CARTESIAN_POINT('',(95.223704945245,29.894334030818,
    52.655203867724));
#3034 = CARTESIAN_POINT('',(95.274848194604,29.863293299783,
    52.634665691981));
#3035 = CARTESIAN_POINT('',(95.328315509725,29.834277123755,
    52.615251456879));
#3036 = CARTESIAN_POINT('',(95.461142969288,29.770611396189,
    52.572257346441));
#3037 = CARTESIAN_POINT('',(95.542727292318,29.737972993978,
    52.549871095626));
#3038 = CARTESIAN_POINT('',(95.628630178912,29.710425987735,
    52.53073905331));
#3039 = CARTESIAN_POINT('',(95.718362653858,29.688846024712,
    52.515613874677));
#3040 = CARTESIAN_POINT('',(95.811093010465,29.674056652583,
    52.505202284146));
#3041 = CARTESIAN_POINT('',(95.905563433011,29.666666666667,52.5));
#3042 = CARTESIAN_POINT('',(96.,29.666666666667,52.5));
#3043 = ORIENTED_EDGE('',*,*,#3044,.F.);
#3044 = EDGE_CURVE('',#3045,#3014,#3047,.T.);
#3045 = VERTEX_POINT('',#3046);
#3046 = CARTESIAN_POINT('',(94.677124344468,32.3,53.));
#3047 = CIRCLE('',#3048,1.6);
#3048 = AXIS2_PLACEMENT_3D('',#3049,#3050,#3051);
#3049 = CARTESIAN_POINT('',(96.,31.4,53.));
#3050 = DIRECTION('',(0.,0.,1.));
#3051 = DIRECTION('',(1.,0.,-0.));
#3052 = ORIENTED_EDGE('',*,*,#3053,.T.);
#3053 = EDGE_CURVE('',#3045,#3054,#3056,.T.);
#3054 = VERTEX_POINT('',#3055);
#3055 = CARTESIAN_POINT('',(96.,33.133333333333,52.5));
#3056 = B_SPLINE_CURVE_WITH_KNOTS('',7,(#3057,#3058,#3059,#3060,#3061,
    #3062,#3063,#3064,#3065,#3066,#3067,#3068,#3069,#3070,#3071,#3072,
    #3073,#3074,#3075,#3076,#3077,#3078,#3079,#3080,#3081,#3082),
  .UNSPECIFIED.,.F.,.F.,(8,6,6,6,8),(0.,7.573345148577E-02,
    0.396709445805,0.650047338685,1.),.UNSPECIFIED.);
#3057 = CARTESIAN_POINT('',(94.677124344468,32.299999999998,53.));
#3058 = CARTESIAN_POINT('',(94.68455440655,32.314027629348,
    52.993447301168));
#3059 = CARTESIAN_POINT('',(94.692134381243,32.327979411127,
    52.98683872878));
#3060 = CARTESIAN_POINT('',(94.699864983192,32.341854630465,
    52.980177789623));
#3061 = CARTESIAN_POINT('',(94.707747006879,32.355652525305,
    52.973467953259));
#3062 = CARTESIAN_POINT('',(94.715781326619,32.36937228641,
    52.966712652022));
#3063 = CARTESIAN_POINT('',(94.723968896566,32.383013057352,
    52.959915281022));
#3064 = CARTESIAN_POINT('',(94.767665470114,32.454048088256,
    52.924106287794));
#3065 = CARTESIAN_POINT('',(94.805783941745,32.510074581911,
    52.894444382316));
#3066 = CARTESIAN_POINT('',(94.846754845273,32.564605200298,
    52.864339817808));
#3067 = CARTESIAN_POINT('',(94.890685296605,32.617545836115,
    52.83404030068));
#3068 = CARTESIAN_POINT('',(94.937695602197,32.668761388124,
    52.80380181088));
#3069 = CARTESIAN_POINT('',(94.98792373838,32.71807368834,
    52.773896492095));
#3070 = CARTESIAN_POINT('',(95.083857107272,32.802489417951,
    52.721515572034));
#3071 = CARTESIAN_POINT('',(95.128270578646,32.838384337862,
    52.698810572317));
#3072 = CARTESIAN_POINT('',(95.174862805628,32.872827661558,
    52.676650100116));
#3073 = CARTESIAN_POINT('',(95.223704945245,32.905665969182,
    52.655203867724));
#3074 = CARTESIAN_POINT('',(95.274848194604,32.936706700217,
    52.634665691981));
#3075 = CARTESIAN_POINT('',(95.328315509725,32.965722876245,
    52.615251456879));
#3076 = CARTESIAN_POINT('',(95.461142969288,33.029388603811,
    52.572257346441));
#3077 = CARTESIAN_POINT('',(95.542727292318,33.062027006022,
    52.549871095626));
#3078 = CARTESIAN_POINT('',(95.628630178912,33.089574012265,
    52.53073905331));
#3079 = CARTESIAN_POINT('',(95.718362653858,33.111153975288,
    52.515613874677));
#3080 = CARTESIAN_POINT('',(95.811093010465,33.125943347417,
    52.505202284146));
#3081 = CARTESIAN_POINT('',(95.905563433011,33.133333333333,52.5));
#3082 = CARTESIAN_POINT('',(96.,33.133333333333,52.5));
#3083 = ORIENTED_EDGE('',*,*,#3084,.T.);
#3084 = EDGE_CURVE('',#3054,#3085,#3087,.T.);
#3085 = VERTEX_POINT('',#3086);
#3086 = CARTESIAN_POINT('',(97.322875655532,32.3,53.));
#3087 = B_SPLINE_CURVE_WITH_KNOTS('',6,(#3088,#3089,#3090,#3091,#3092,
    #3093,#3094,#3095,#3096,#3097,#3098,#3099,#3100,#3101,#3102,#3103,
    #3104,#3105,#3106,#3107,#3108,#3109,#3110,#3111,#3112,#3113,#3114),
  .UNSPECIFIED.,.F.,.F.,(7,5,5,5,5,7),(0.,0.168516067193,0.350329944784,
    0.603785615551,0.924113593872,1.),.UNSPECIFIED.);
#3088 = CARTESIAN_POINT('',(96.,33.133333333333,52.5));
#3089 = CARTESIAN_POINT('',(96.053009890378,33.133333333333,52.5));
#3090 = CARTESIAN_POINT('',(96.106028505566,33.13093819575,
    52.501686056392));
#3091 = CARTESIAN_POINT('',(96.158732179442,33.126146988375,
    52.505059081782));
#3092 = CARTESIAN_POINT('',(96.210838472814,33.119027814012,
    52.510062382035));
#3093 = CARTESIAN_POINT('',(96.262105969288,33.109698617867,
    52.516597270077));
#3094 = CARTESIAN_POINT('',(96.366525734348,33.086018523919,
    52.533106755731));
#3095 = CARTESIAN_POINT('',(96.419516708906,33.071327114148,
    52.543313826876));
#3096 = CARTESIAN_POINT('',(96.471083002493,33.054414695521,
    52.555006744483));
#3097 = CARTESIAN_POINT('',(96.521086007176,33.03548409883,
    52.568011596846));
#3098 = CARTESIAN_POINT('',(96.569453972156,33.014734306827,
    52.582154138187));
#3099 = CARTESIAN_POINT('',(96.681278356202,32.96110878289,
    52.618366565194));
#3100 = CARTESIAN_POINT('',(96.743153228407,32.926685337557,
    52.641358592839));
#3101 = CARTESIAN_POINT('',(96.801764649841,32.88951442472,
    52.665842591845));
#3102 = CARTESIAN_POINT('',(96.857174461406,32.849976572241,
    52.69145175732));
#3103 = CARTESIAN_POINT('',(96.909500762425,32.808366246041,
    52.717873295519));
#3104 = CARTESIAN_POINT('',(97.021307679284,32.709909641674,
    52.778956819826));
#3105 = CARTESIAN_POINT('',(97.079001044193,32.651969047184,
    52.813935203529));
#3106 = CARTESIAN_POINT('',(97.132264554228,32.591454001137,
    52.849273490534));
#3107 = CARTESIAN_POINT('',(97.181319950361,32.5286442974,
    52.884512430759));
#3108 = CARTESIAN_POINT('',(97.226364397117,32.463730392545,
    52.919219914328));
#3109 = CARTESIAN_POINT('',(97.277309859379,32.380939658311,
    52.960961778097));
#3110 = CARTESIAN_POINT('',(97.286850346158,32.364970469411,
    52.968902145321));
#3111 = CARTESIAN_POINT('',(97.296175627663,32.348890482564,
    52.976782199758));
#3112 = CARTESIAN_POINT('',(97.30528733941,32.332701179945,
    52.984595936587));
#3113 = CARTESIAN_POINT('',(97.314186928884,32.316403932512,
    52.992337263359));
#3114 = CARTESIAN_POINT('',(97.322875655532,32.3,53.));
#3115 = ORIENTED_EDGE('',*,*,#3116,.F.);
#3116 = EDGE_CURVE('',#2965,#3085,#3117,.T.);
#3117 = CIRCLE('',#3118,1.6);
#3118 = AXIS2_PLACEMENT_3D('',#3119,#3120,#3121);
#3119 = CARTESIAN_POINT('',(96.,31.4,53.));
#3120 = DIRECTION('',(0.,0.,1.));
#3121 = DIRECTION('',(1.,0.,-0.));
#3122 = ORIENTED_EDGE('',*,*,#2964,.F.);
#3123 = ORIENTED_EDGE('',*,*,#2758,.T.);
#3124 = CONICAL_SURFACE('',#3125,2.4,0.260602391747);
#3125 = AXIS2_PLACEMENT_3D('',#3126,#3127,#3128);
#3126 = CARTESIAN_POINT('',(96.,31.4,50.));
#3127 = DIRECTION('',(-0.,-0.,-1.));
#3128 = DIRECTION('',(1.,0.,-0.));
#3129 = ADVANCED_FACE('',(#3130,#3133),#3144,.F.);
#3130 = FACE_BOUND('',#3131,.F.);
#3131 = EDGE_LOOP('',(#3132));
#3132 = ORIENTED_EDGE('',*,*,#2792,.T.);
#3133 = FACE_BOUND('',#3134,.F.);
#3134 = EDGE_LOOP('',(#3135));
#3135 = ORIENTED_EDGE('',*,*,#3136,.F.);
#3136 = EDGE_CURVE('',#3137,#3137,#3139,.T.);
#3137 = VERTEX_POINT('',#3138);
#3138 = CARTESIAN_POINT('',(97.6,42.4,36.5));
#3139 = CIRCLE('',#3140,1.6);
#3140 = AXIS2_PLACEMENT_3D('',#3141,#3142,#3143);
#3141 = CARTESIAN_POINT('',(96.,42.4,36.5));
#3142 = DIRECTION('',(0.,0.,1.));
#3143 = DIRECTION('',(1.,0.,-0.));
#3144 = PLANE('',#3145);
#3145 = AXIS2_PLACEMENT_3D('',#3146,#3147,#3148);
#3146 = CARTESIAN_POINT('',(96.,42.4,36.5));
#3147 = DIRECTION('',(0.,0.,1.));
#3148 = DIRECTION('',(1.,0.,-0.));
#3149 = ADVANCED_FACE('',(#3150,#3153),#3164,.T.);
#3150 = FACE_BOUND('',#3151,.T.);
#3151 = EDGE_LOOP('',(#3152));
#3152 = ORIENTED_EDGE('',*,*,#2907,.T.);
#3153 = FACE_BOUND('',#3154,.T.);
#3154 = EDGE_LOOP('',(#3155));
#3155 = ORIENTED_EDGE('',*,*,#3156,.F.);
#3156 = EDGE_CURVE('',#3157,#3157,#3159,.T.);
#3157 = VERTEX_POINT('',#3158);
#3158 = CARTESIAN_POINT('',(110.,53.4,51.6));
#3159 = CIRCLE('',#3160,1.6);
#3160 = AXIS2_PLACEMENT_3D('',#3161,#3162,#3163);
#3161 = CARTESIAN_POINT('',(110.,53.4,50.));
#3162 = DIRECTION('',(1.,0.,0.));
#3163 = DIRECTION('',(-0.,0.,1.));
#3164 = PLANE('',#3165);
#3165 = AXIS2_PLACEMENT_3D('',#3166,#3167,#3168);
#3166 = CARTESIAN_POINT('',(110.,53.4,50.));
#3167 = DIRECTION('',(1.,0.,0.));
#3168 = DIRECTION('',(-0.,0.,1.));
#3169 = ADVANCED_FACE('',(#3170),#3268,.F.);
#3170 = FACE_BOUND('',#3171,.F.);
#3171 = EDGE_LOOP('',(#3172,#3182,#3214,#3246,#3251,#3252,#3253,#3261));
#3172 = ORIENTED_EDGE('',*,*,#3173,.F.);
#3173 = EDGE_CURVE('',#3174,#3176,#3178,.T.);
#3174 = VERTEX_POINT('',#3175);
#3175 = CARTESIAN_POINT('',(94.4,20.4,53.300000000001));
#3176 = VERTEX_POINT('',#3177);
#3177 = CARTESIAN_POINT('',(94.4,20.4,54.5));
#3178 = LINE('',#3179,#3180);
#3179 = CARTESIAN_POINT('',(94.4,20.4,46.));
#3180 = VECTOR('',#3181,1.);
#3181 = DIRECTION('',(0.,0.,1.));
#3182 = ORIENTED_EDGE('',*,*,#3183,.F.);
#3183 = EDGE_CURVE('',#3184,#3174,#3186,.T.);
#3184 = VERTEX_POINT('',#3185);
#3185 = CARTESIAN_POINT('',(96.,22.000000000001,52.5));
#3186 = B_SPLINE_CURVE_WITH_KNOTS('',6,(#3187,#3188,#3189,#3190,#3191,
    #3192,#3193,#3194,#3195,#3196,#3197,#3198,#3199,#3200,#3201,#3202,
    #3203,#3204,#3205,#3206,#3207,#3208,#3209,#3210,#3211,#3212,#3213),
  .UNSPECIFIED.,.F.,.F.,(7,5,5,5,5,7),(0.,0.235815137884,0.573934842751,
    0.789204676945,0.883173865541,1.),.UNSPECIFIED.);
#3187 = CARTESIAN_POINT('',(96.,22.,52.5));
#3188 = CARTESIAN_POINT('',(95.882610172729,22.,52.5));
#3189 = CARTESIAN_POINT('',(95.766159795546,21.989664665127,
    52.508268513876));
#3190 = CARTESIAN_POINT('',(95.652384467546,21.969304516753,
    52.524555510115));
#3191 = CARTESIAN_POINT('',(95.542966354972,21.939742541088,
    52.548063578818));
#3192 = CARTESIAN_POINT('',(95.439432336658,21.902309203694,
    52.577456596349));
#3193 = CARTESIAN_POINT('',(95.204896242422,21.796700479707,
    52.65901923868));
#3194 = CARTESIAN_POINT('',(95.080167442543,21.721649526957,
    52.715988924796));
#3195 = CARTESIAN_POINT('',(94.968603335305,21.636905181279,
    52.778574729069));
#3196 = CARTESIAN_POINT('',(94.869430725953,21.544475217043,
    52.844149603592));
#3197 = CARTESIAN_POINT('',(94.78183432421,21.445473075475,
    52.910616257492));
#3198 = CARTESIAN_POINT('',(94.656659751115,21.273100316967,
    53.016922755227));
#3199 = CARTESIAN_POINT('',(94.61247022492,21.203483841901,
    53.05766415386));
#3200 = CARTESIAN_POINT('',(94.572634346076,21.131322677228,
    53.097197832791));
#3201 = CARTESIAN_POINT('',(94.537178463753,21.056621907419,
    53.13479303077));
#3202 = CARTESIAN_POINT('',(94.506212427775,20.97936545591,
    53.169500430419));
#3203 = CARTESIAN_POINT('',(94.4685150957,20.864650764096,
    53.213584569248));
#3204 = CARTESIAN_POINT('',(94.457956258089,20.829285322669,
    53.226219133827));
#3205 = CARTESIAN_POINT('',(94.448327626739,20.793449557218,
    53.237981861413));
#3206 = CARTESIAN_POINT('',(94.439657089425,20.757172129446,
    53.248765741625));
#3207 = CARTESIAN_POINT('',(94.431970020157,20.720473799718,
    53.258468973006));
#3208 = CARTESIAN_POINT('',(94.416991297063,20.637235193611,
    53.277598771392));
#3209 = CARTESIAN_POINT('',(94.410245202877,20.59044185734,
    53.286391388312));
#3210 = CARTESIAN_POINT('',(94.40513756285,20.543171052415,
    53.293148931118));
#3211 = CARTESIAN_POINT('',(94.401715209601,20.495584372919,
    53.297713589192));
#3212 = CARTESIAN_POINT('',(94.399999982067,20.447821333727,
    53.300000023911));
#3213 = CARTESIAN_POINT('',(94.4,20.3999994,53.3));
#3214 = ORIENTED_EDGE('',*,*,#3215,.F.);
#3215 = EDGE_CURVE('',#3216,#3184,#3218,.T.);
#3216 = VERTEX_POINT('',#3217);
#3217 = CARTESIAN_POINT('',(97.6,20.4,53.3));
#3218 = B_SPLINE_CURVE_WITH_KNOTS('',6,(#3219,#3220,#3221,#3222,#3223,
    #3224,#3225,#3226,#3227,#3228,#3229,#3230,#3231,#3232,#3233,#3234,
    #3235,#3236,#3237,#3238,#3239,#3240,#3241,#3242,#3243,#3244,#3245),
  .UNSPECIFIED.,.F.,.F.,(7,5,5,5,5,7),(0.,0.176780687902,0.427208492932,
    0.658515443935,0.761702204416,1.),.UNSPECIFIED.);
#3219 = CARTESIAN_POINT('',(97.6,20.4,53.3));
#3220 = CARTESIAN_POINT('',(97.6,20.472649686983,53.3));
#3221 = CARTESIAN_POINT('',(97.596041548558,20.544944585091,
    53.294722179589));
#3222 = CARTESIAN_POINT('',(97.588196924695,20.616611810708,
    53.284262152517));
#3223 = CARTESIAN_POINT('',(97.576564417104,20.687329371663,
    53.269025401494));
#3224 = CARTESIAN_POINT('',(97.561304426146,20.756634552329,
    53.249731730444));
#3225 = CARTESIAN_POINT('',(97.51667632203,20.919081126927,
    53.195629216116));
#3226 = CARTESIAN_POINT('',(97.483899807933,21.010776496265,
    53.157487454778));
#3227 = CARTESIAN_POINT('',(97.444958101553,21.099040798712,
    53.114801845804));
#3228 = CARTESIAN_POINT('',(97.400057429131,21.18388150288,
    53.069190529464));
#3229 = CARTESIAN_POINT('',(97.349303130133,21.265261864127,
    53.021849787744));
#3230 = CARTESIAN_POINT('',(97.239968348435,21.415091137196,
    52.92926426034));
#3231 = CARTESIAN_POINT('',(97.182284097133,21.484048613903,
    52.884137378034));
#3232 = CARTESIAN_POINT('',(97.119274094363,21.549936906445,
    52.839112353326));
#3233 = CARTESIAN_POINT('',(97.050708522681,21.612505221895,
    52.794876523608));
#3234 = CARTESIAN_POINT('',(96.976313258822,21.671315867009,
    52.752169218006));
#3235 = CARTESIAN_POINT('',(96.859950275534,21.749949069517,
    52.693872237921));
#3236 = CARTESIAN_POINT('',(96.822843213653,21.773325508246,
    52.676363615846));
#3237 = CARTESIAN_POINT('',(96.784518396233,21.795750714828,
    52.659414620784));
#3238 = CARTESIAN_POINT('',(96.74497282556,21.81714804526,
    52.643112930707));
#3239 = CARTESIAN_POINT('',(96.70420759754,21.837434608951,
    52.627549477919));
#3240 = CARTESIAN_POINT('',(96.565280687417,21.90059968464,
    52.578798854995));
#3241 = CARTESIAN_POINT('',(96.4610096022,21.938663908447,
    52.548921240201));
#3242 = CARTESIAN_POINT('',(96.350719740384,21.968745203637,
    52.525002885055));
#3243 = CARTESIAN_POINT('',(96.235966914023,21.989473764256,
    52.508421259509));
#3244 = CARTESIAN_POINT('',(96.118469015059,22.,52.5));
#3245 = CARTESIAN_POINT('',(96.,22.,52.5));
#3246 = ORIENTED_EDGE('',*,*,#3247,.F.);
#3247 = EDGE_CURVE('',#2948,#3216,#3248,.T.);
#3248 = B_SPLINE_CURVE_WITH_KNOTS('',1,(#3249,#3250),.UNSPECIFIED.,.F.,
  .F.,(2,2),(0.,16.8),.PIECEWISE_BEZIER_KNOTS.);
#3249 = CARTESIAN_POINT('',(97.6,20.4,36.5));
#3250 = CARTESIAN_POINT('',(97.6,20.4,53.3));
#3251 = ORIENTED_EDGE('',*,*,#2947,.T.);
#3252 = ORIENTED_EDGE('',*,*,#3247,.T.);
#3253 = ORIENTED_EDGE('',*,*,#3254,.T.);
#3254 = EDGE_CURVE('',#3216,#3255,#3257,.T.);
#3255 = VERTEX_POINT('',#3256);
#3256 = CARTESIAN_POINT('',(97.6,20.4,54.5));
#3257 = LINE('',#3258,#3259);
#3258 = CARTESIAN_POINT('',(97.6,20.4,46.));
#3259 = VECTOR('',#3260,1.);
#3260 = DIRECTION('',(0.,0.,1.));
#3261 = ORIENTED_EDGE('',*,*,#3262,.F.);
#3262 = EDGE_CURVE('',#3176,#3255,#3263,.T.);
#3263 = CIRCLE('',#3264,1.6);
#3264 = AXIS2_PLACEMENT_3D('',#3265,#3266,#3267);
#3265 = CARTESIAN_POINT('',(96.,20.4,54.5));
#3266 = DIRECTION('',(0.,0.,1.));
#3267 = DIRECTION('',(1.,0.,-0.));
#3268 = CYLINDRICAL_SURFACE('',#3269,1.6);
#3269 = AXIS2_PLACEMENT_3D('',#3270,#3271,#3272);
#3270 = CARTESIAN_POINT('',(96.,20.4,36.5));
#3271 = DIRECTION('',(0.,0.,1.));
#3272 = DIRECTION('',(1.,0.,-0.));
#3273 = ADVANCED_FACE('',(#3274),#3310,.F.);
#3274 = FACE_BOUND('',#3275,.F.);
#3275 = EDGE_LOOP('',(#3276,#3277,#3278,#3295));
#3276 = ORIENTED_EDGE('',*,*,#2972,.T.);
#3277 = ORIENTED_EDGE('',*,*,#3116,.T.);
#3278 = ORIENTED_EDGE('',*,*,#3279,.F.);
#3279 = EDGE_CURVE('',#3280,#3085,#3282,.T.);
#3280 = VERTEX_POINT('',#3281);
#3281 = CARTESIAN_POINT('',(97.6,31.4,53.300000000001));
#3282 = B_SPLINE_CURVE_WITH_KNOTS('',6,(#3283,#3284,#3285,#3286,#3287,
    #3288,#3289,#3290,#3291,#3292,#3293,#3294),.UNSPECIFIED.,.F.,.F.,(7,
    5,7),(0.,0.432774372591,1.),.UNSPECIFIED.);
#3283 = CARTESIAN_POINT('',(97.6,31.4,53.3));
#3284 = CARTESIAN_POINT('',(97.6,31.471902201526,53.3));
#3285 = CARTESIAN_POINT('',(97.59612258376,31.543465046633,
    53.294830218924));
#3286 = CARTESIAN_POINT('',(97.588436181674,31.614418826848,
    53.284581189512));
#3287 = CARTESIAN_POINT('',(97.57703601981,31.684447286725,
    53.26964312596));
#3288 = CARTESIAN_POINT('',(97.562077955755,31.753099374317,
    53.250710476606));
#3289 = CARTESIAN_POINT('',(97.52022844811,31.90704439509,
    53.199884575013));
#3290 = CARTESIAN_POINT('',(97.490929904007,31.991408304252,
    53.165617844664));
#3291 = CARTESIAN_POINT('',(97.456417856083,32.072896033256,
    53.127359864319));
#3292 = CARTESIAN_POINT('',(97.416869703463,32.151509993737,
    53.086382298565));
#3293 = CARTESIAN_POINT('',(97.372391939121,32.22721802262,
    53.043669217482));
#3294 = CARTESIAN_POINT('',(97.322874975196,32.300001,52.9999994));
#3295 = ORIENTED_EDGE('',*,*,#3296,.F.);
#3296 = EDGE_CURVE('',#2973,#3280,#3297,.T.);
#3297 = B_SPLINE_CURVE_WITH_KNOTS('',6,(#3298,#3299,#3300,#3301,#3302,
    #3303,#3304,#3305,#3306,#3307,#3308,#3309),.UNSPECIFIED.,.F.,.F.,(7,
    5,7),(0.,0.564163226775,1.),.UNSPECIFIED.);
#3298 = CARTESIAN_POINT('',(97.322874975196,30.499999,52.9999994));
#3299 = CARTESIAN_POINT('',(97.372124116164,30.572388315275,
    53.043433020051));
#3300 = CARTESIAN_POINT('',(97.41638730367,30.647669492163,
    53.085919234289));
#3301 = CARTESIAN_POINT('',(97.455773490951,30.725824470568,
    53.126692563171));
#3302 = CARTESIAN_POINT('',(97.490179862765,30.80682311233,
    53.164786821755));
#3303 = CARTESIAN_POINT('',(97.519432541467,30.890668574229,
    53.198954306538));
#3304 = CARTESIAN_POINT('',(97.561547741234,31.044473480938,
    53.250039483788));
#3305 = CARTESIAN_POINT('',(97.576712787981,31.11357409705,
    53.26921971549));
#3306 = CARTESIAN_POINT('',(97.588272222295,31.184075796007,
    53.284362558384));
#3307 = CARTESIAN_POINT('',(97.596067063966,31.255519459446,
    53.294756197636));
#3308 = CARTESIAN_POINT('',(97.6,31.327584840349,53.3));
#3309 = CARTESIAN_POINT('',(97.6,31.4,53.3));
#3310 = CYLINDRICAL_SURFACE('',#3311,1.6);
#3311 = AXIS2_PLACEMENT_3D('',#3312,#3313,#3314);
#3312 = CARTESIAN_POINT('',(96.,31.4,53.));
#3313 = DIRECTION('',(0.,0.,1.));
#3314 = DIRECTION('',(1.,0.,-0.));
#3315 = ADVANCED_FACE('',(#3316,#3524),#3633,.F.);
#3316 = FACE_BOUND('',#3317,.F.);
#3317 = EDGE_LOOP('',(#3318,#3325,#3326,#3332,#3333,#3334,#3335,#3336,
    #3344,#3376,#3408,#3416,#3423,#3424,#3489,#3490,#3491,#3521,#3522,
    #3523));
#3318 = ORIENTED_EDGE('',*,*,#3319,.F.);
#3319 = EDGE_CURVE('',#3216,#3174,#3320,.T.);
#3320 = CIRCLE('',#3321,2.);
#3321 = AXIS2_PLACEMENT_3D('',#3322,#3323,#3324);
#3322 = CARTESIAN_POINT('',(96.,20.4,54.5));
#3323 = DIRECTION('',(0.,-1.,0.));
#3324 = DIRECTION('',(0.,-0.,-1.));
#3325 = ORIENTED_EDGE('',*,*,#3215,.T.);
#3326 = ORIENTED_EDGE('',*,*,#3327,.F.);
#3327 = EDGE_CURVE('',#2982,#3184,#3328,.T.);
#3328 = LINE('',#3329,#3330);
#3329 = CARTESIAN_POINT('',(96.,70.,52.5));
#3330 = VECTOR('',#3331,1.);
#3331 = DIRECTION('',(0.,-1.,0.));
#3332 = ORIENTED_EDGE('',*,*,#2981,.T.);
#3333 = ORIENTED_EDGE('',*,*,#3296,.T.);
#3334 = ORIENTED_EDGE('',*,*,#3279,.T.);
#3335 = ORIENTED_EDGE('',*,*,#3084,.F.);
#3336 = ORIENTED_EDGE('',*,*,#3337,.F.);
#3337 = EDGE_CURVE('',#3338,#3054,#3340,.T.);
#3338 = VERTEX_POINT('',#3339);
#3339 = CARTESIAN_POINT('',(96.,40.8,52.5));
#3340 = LINE('',#3341,#3342);
#3341 = CARTESIAN_POINT('',(96.,70.,52.5));
#3342 = VECTOR('',#3343,1.);
#3343 = DIRECTION('',(0.,-1.,0.));
#3344 = ORIENTED_EDGE('',*,*,#3345,.T.);
#3345 = EDGE_CURVE('',#3338,#3346,#3348,.T.);
#3346 = VERTEX_POINT('',#3347);
#3347 = CARTESIAN_POINT('',(97.6,42.4,53.300000000001));
#3348 = B_SPLINE_CURVE_WITH_KNOTS('',6,(#3349,#3350,#3351,#3352,#3353,
    #3354,#3355,#3356,#3357,#3358,#3359,#3360,#3361,#3362,#3363,#3364,
    #3365,#3366,#3367,#3368,#3369,#3370,#3371,#3372,#3373,#3374,#3375),
  .UNSPECIFIED.,.F.,.F.,(7,5,5,5,5,7),(0.,0.239830813064,0.344552501096,
    0.574750852872,0.822269425331,1.),.UNSPECIFIED.);
#3349 = CARTESIAN_POINT('',(96.,40.8,52.5));
#3350 = CARTESIAN_POINT('',(96.119251987717,40.8,52.5));
#3351 = CARTESIAN_POINT('',(96.237559126618,40.810665835867,
    52.508532919075));
#3352 = CARTESIAN_POINT('',(96.353091873895,40.831680232229,
    52.525343252024));
#3353 = CARTESIAN_POINT('',(96.464076781675,40.862173979129,
    52.54958762473));
#3354 = CARTESIAN_POINT('',(96.568908022293,40.900731974325,
    52.579843776822));
#3355 = CARTESIAN_POINT('',(96.7087415097,40.964775057353,
    52.629246886354));
#3356 = CARTESIAN_POINT('',(96.749989742989,40.985469157904,
    52.645112772067));
#3357 = CARTESIAN_POINT('',(96.789981392633,41.007299716953,
    52.661731071223));
#3358 = CARTESIAN_POINT('',(96.828716237492,41.030180820676,
    52.679007209249));
#3359 = CARTESIAN_POINT('',(96.866198311055,41.054033326059,
    52.696850157456));
#3360 = CARTESIAN_POINT('',(96.982093074058,41.13319348085,
    52.755448308258));
#3361 = CARTESIAN_POINT('',(97.055749261633,41.1919551271,
    52.798046777908));
#3362 = CARTESIAN_POINT('',(97.123646057948,41.254412798422,
    52.842120483456));
#3363 = CARTESIAN_POINT('',(97.186053902787,41.320143712473,
    52.886944518314));
#3364 = CARTESIAN_POINT('',(97.243197319446,41.388907157707,
    52.931841886021));
#3365 = CARTESIAN_POINT('',(97.3511359679,41.537732432652,
    53.023579132928));
#3366 = CARTESIAN_POINT('',(97.401127761046,41.618251327501,
    53.070309496068));
#3367 = CARTESIAN_POINT('',(97.445400192542,41.702149264631,
    53.115326199518));
#3368 = CARTESIAN_POINT('',(97.483850995545,41.789391763803,
    53.157469426914));
#3369 = CARTESIAN_POINT('',(97.516279779251,41.879986413915,
    53.195178177866));
#3370 = CARTESIAN_POINT('',(97.560905053874,42.041554602163,
    53.249226820445));
#3371 = CARTESIAN_POINT('',(97.576320894947,42.11119399713,
    53.268706519784));
#3372 = CARTESIAN_POINT('',(97.58807335437,42.18226441626,
    53.284097377294));
#3373 = CARTESIAN_POINT('',(97.5959996814,42.254297100337,
    53.294666360757));
#3374 = CARTESIAN_POINT('',(97.6,42.326967118492,53.3));
#3375 = CARTESIAN_POINT('',(97.6,42.4,53.3));
#3376 = ORIENTED_EDGE('',*,*,#3377,.T.);
#3377 = EDGE_CURVE('',#3346,#3378,#3380,.T.);
#3378 = VERTEX_POINT('',#3379);
#3379 = CARTESIAN_POINT('',(96.,44.,52.5));
#3380 = B_SPLINE_CURVE_WITH_KNOTS('',6,(#3381,#3382,#3383,#3384,#3385,
    #3386,#3387,#3388,#3389,#3390,#3391,#3392,#3393,#3394,#3395,#3396,
    #3397,#3398,#3399,#3400,#3401,#3402,#3403,#3404,#3405,#3406,#3407),
  .UNSPECIFIED.,.F.,.F.,(7,5,5,5,5,7),(0.,0.176743164072,0.426812031778,
    0.65536258042,0.759671942307,1.),.UNSPECIFIED.);
#3381 = CARTESIAN_POINT('',(97.6,42.4,53.3));
#3382 = CARTESIAN_POINT('',(97.6,42.472624901893,53.3));
#3383 = CARTESIAN_POINT('',(97.596044248953,42.544895518729,
    53.294725779865));
#3384 = CARTESIAN_POINT('',(97.588204898847,42.616539077629,
    53.284272785653));
#3385 = CARTESIAN_POINT('',(97.576580136489,42.687233783301,
    53.269045987761));
#3386 = CARTESIAN_POINT('',(97.561330208957,42.756517317509,
    53.249764336126));
#3387 = CARTESIAN_POINT('',(97.516762673428,42.918799836883,
    53.195731993945));
#3388 = CARTESIAN_POINT('',(97.484055035478,43.010361957233,
    53.1576655895));
#3389 = CARTESIAN_POINT('',(97.445200345293,43.09850375863,
    53.115064787315));
#3390 = CARTESIAN_POINT('',(97.400404370048,43.183232569461,
    53.06954103019));
#3391 = CARTESIAN_POINT('',(97.349772659949,43.264511714023,
    53.022286703064));
#3392 = CARTESIAN_POINT('',(97.241263152799,43.413413213358,
    52.930325183986));
#3393 = CARTESIAN_POINT('',(97.18438644221,43.481604719386,
    52.885750560662));
#3394 = CARTESIAN_POINT('',(97.122315534901,43.546802212016,
    52.841261512902));
#3395 = CARTESIAN_POINT('',(97.054829920863,43.608767675844,
    52.797521267998));
#3396 = CARTESIAN_POINT('',(96.981665259531,43.667085583424,
    52.755240331455));
#3397 = CARTESIAN_POINT('',(96.866493923648,43.74577074281,
    52.696995832129));
#3398 = CARTESIAN_POINT('',(96.82916793165,43.769536500473,
    52.679219099105));
#3399 = CARTESIAN_POINT('',(96.790599167743,43.792338877689,
    52.662004210053));
#3400 = CARTESIAN_POINT('',(96.750783417447,43.814099834892,
    52.645441005489));
#3401 = CARTESIAN_POINT('',(96.709720637147,43.834734614051,
    52.629622852242));
#3402 = CARTESIAN_POINT('',(96.569942949123,43.898888661221,
    52.580141560626));
#3403 = CARTESIAN_POINT('',(96.464949045554,43.937586167586,
    52.549778272049));
#3404 = CARTESIAN_POINT('',(96.353777557777,43.968193629656,
    52.52544413682));
#3405 = CARTESIAN_POINT('',(96.238035375152,43.989290014789,
    52.50856824784));
#3406 = CARTESIAN_POINT('',(96.119498566408,44.,52.5));
#3407 = CARTESIAN_POINT('',(96.,44.,52.5));
#3408 = ORIENTED_EDGE('',*,*,#3409,.F.);
#3409 = EDGE_CURVE('',#3410,#3378,#3412,.T.);
#3410 = VERTEX_POINT('',#3411);
#3411 = CARTESIAN_POINT('',(96.,70.,52.5));
#3412 = LINE('',#3413,#3414);
#3413 = CARTESIAN_POINT('',(96.,70.,52.5));
#3414 = VECTOR('',#3415,1.);
#3415 = DIRECTION('',(0.,-1.,0.));
#3416 = ORIENTED_EDGE('',*,*,#3417,.T.);
#3417 = EDGE_CURVE('',#3410,#3410,#3418,.T.);
#3418 = CIRCLE('',#3419,2.);
#3419 = AXIS2_PLACEMENT_3D('',#3420,#3421,#3422);
#3420 = CARTESIAN_POINT('',(96.,70.,54.5));
#3421 = DIRECTION('',(0.,-1.,0.));
#3422 = DIRECTION('',(0.,-0.,-1.));
#3423 = ORIENTED_EDGE('',*,*,#3409,.T.);
#3424 = ORIENTED_EDGE('',*,*,#3425,.T.);
#3425 = EDGE_CURVE('',#3378,#3338,#3426,.T.);
#3426 = B_SPLINE_CURVE_WITH_KNOTS('',6,(#3427,#3428,#3429,#3430,#3431,
    #3432,#3433,#3434,#3435,#3436,#3437,#3438,#3439,#3440,#3441,#3442,
    #3443,#3444,#3445,#3446,#3447,#3448,#3449,#3450,#3451,#3452,#3453,
    #3454,#3455,#3456,#3457,#3458,#3459,#3460,#3461,#3462,#3463,#3464,
    #3465,#3466,#3467,#3468,#3469,#3470,#3471,#3472,#3473,#3474,#3475,
    #3476,#3477,#3478,#3479,#3480,#3481,#3482,#3483,#3484,#3485,#3486,
    #3487,#3488),.UNSPECIFIED.,.F.,.F.,(7,5,5,5,5,5,5,5,5,5,5,5,7),(0.,
    0.119866506416,0.172206007298,0.28725828495,0.410967144301,
    0.443624429598,0.49999474492,0.555961882565,0.588527141042,
    0.713514336455,0.827746437184,0.879881406427,1.),.UNSPECIFIED.);
#3427 = CARTESIAN_POINT('',(96.,44.,52.5));
#3428 = CARTESIAN_POINT('',(95.880748012282,44.,52.5));
#3429 = CARTESIAN_POINT('',(95.762440873383,43.989334164133,
    52.508532919075));
#3430 = CARTESIAN_POINT('',(95.646908126105,43.968319767771,
    52.525343252024));
#3431 = CARTESIAN_POINT('',(95.535923218326,43.937826020871,
    52.54958762473));
#3432 = CARTESIAN_POINT('',(95.431091977706,43.899268025675,
    52.579843776822));
#3433 = CARTESIAN_POINT('',(95.291258482982,43.835224939295,
    52.629246888939));
#3434 = CARTESIAN_POINT('',(95.250010258037,43.814530843295,
    52.64511277121));
#3435 = CARTESIAN_POINT('',(95.210018613785,43.792700286697,
    52.661731068472));
#3436 = CARTESIAN_POINT('',(95.171283764837,43.769819180096,
    52.679007208624));
#3437 = CARTESIAN_POINT('',(95.133801683256,43.745966670055,
    52.696850160333));
#3438 = CARTESIAN_POINT('',(95.017906925942,43.66680651915,
    52.755448308258));
#3439 = CARTESIAN_POINT('',(94.944250738367,43.6080448729,
    52.798046777908));
#3440 = CARTESIAN_POINT('',(94.876353942053,43.545587201578,
    52.842120483456));
#3441 = CARTESIAN_POINT('',(94.813946097213,43.479856287527,
    52.886944518314));
#3442 = CARTESIAN_POINT('',(94.756802680554,43.411092842293,
    52.931841886021));
#3443 = CARTESIAN_POINT('',(94.6488640321,43.262267567348,
    53.023579132929));
#3444 = CARTESIAN_POINT('',(94.598872238954,43.181748672499,
    53.070309496068));
#3445 = CARTESIAN_POINT('',(94.554599807458,43.097850735369,
    53.115326199518));
#3446 = CARTESIAN_POINT('',(94.516149004455,43.010608236197,
    53.157469426914));
#3447 = CARTESIAN_POINT('',(94.483720220749,42.920013586085,
    53.195178177866));
#3448 = CARTESIAN_POINT('',(94.450888989665,42.801146361869,
    53.234942268717));
#3449 = CARTESIAN_POINT('',(94.444484435147,42.776089196576,
    53.242808781208));
#3450 = CARTESIAN_POINT('',(94.438543464682,42.750814812699,
    53.250198843582));
#3451 = CARTESIAN_POINT('',(94.433076429852,42.725335364372,
    53.257076409849));
#3452 = CARTESIAN_POINT('',(94.428092743214,42.699660797124,
    53.263407565332));
#3453 = CARTESIAN_POINT('',(94.415847391155,42.629158081787,
    53.279090814569));
#3454 = CARTESIAN_POINT('',(94.409552716465,42.583918756546,
    53.287307894998));
#3455 = CARTESIAN_POINT('',(94.40478937557,42.538246185353,
    53.293613352936));
#3456 = CARTESIAN_POINT('',(94.401598682203,42.492286866607,
    53.297868866299));
#3457 = CARTESIAN_POINT('',(94.4,42.446168499563,53.3));
#3458 = CARTESIAN_POINT('',(94.4,42.354161711618,53.3));
#3459 = CARTESIAN_POINT('',(94.401575894426,42.308371900056,
    53.297899233174));
#3460 = CARTESIAN_POINT('',(94.404721279355,42.262737795321,
    53.293704179115));
#3461 = CARTESIAN_POINT('',(94.409417264695,42.217384811962,
    53.28748722262));
#3462 = CARTESIAN_POINT('',(94.415623582406,42.172456556063,
    53.279383010451));
#3463 = CARTESIAN_POINT('',(94.427718691673,42.102313982697,
    53.263883587612));
#3464 = CARTESIAN_POINT('',(94.432657268307,42.076698623386,
    53.257605764552));
#3465 = CARTESIAN_POINT('',(94.438077025111,42.051276580004,
    53.25078277816));
#3466 = CARTESIAN_POINT('',(94.443968619743,42.026057863189,
    53.243448219249));
#3467 = CARTESIAN_POINT('',(94.450321767038,42.001054668516,
    53.235637830215));
#3468 = CARTESIAN_POINT('',(94.483237326572,41.881200163117,
    53.195731993945));
#3469 = CARTESIAN_POINT('',(94.515944964522,41.789638042767,
    53.1576655895));
#3470 = CARTESIAN_POINT('',(94.554799654707,41.70149624137,
    53.115064787315));
#3471 = CARTESIAN_POINT('',(94.599595629952,41.616767430539,
    53.06954103019));
#3472 = CARTESIAN_POINT('',(94.650227340051,41.535488285977,
    53.022286703064));
#3473 = CARTESIAN_POINT('',(94.758736847201,41.386586786642,
    52.930325183986));
#3474 = CARTESIAN_POINT('',(94.81561355779,41.318395280615,
    52.885750560662));
#3475 = CARTESIAN_POINT('',(94.877684465099,41.253197787985,
    52.841261512902));
#3476 = CARTESIAN_POINT('',(94.945170079137,41.191232324156,
    52.797521267998));
#3477 = CARTESIAN_POINT('',(95.018334740469,41.132914416576,
    52.755240331455));
#3478 = CARTESIAN_POINT('',(95.133506071171,41.054229260729,
    52.696995834749));
#3479 = CARTESIAN_POINT('',(95.170832070616,41.030463498763,
    52.679219098489));
#3480 = CARTESIAN_POINT('',(95.209400838168,41.007661118967,
    52.662004207531));
#3481 = CARTESIAN_POINT('',(95.249216583229,40.985900164145,
    52.645441004806));
#3482 = CARTESIAN_POINT('',(95.290279355686,40.965265389239,
    52.629622854779));
#3483 = CARTESIAN_POINT('',(95.430057051447,40.901111338518,
    52.580141560424));
#3484 = CARTESIAN_POINT('',(95.535050954247,40.862413832616,
    52.5497782722));
#3485 = CARTESIAN_POINT('',(95.646222441575,40.831806370479,
    52.525444136933));
#3486 = CARTESIAN_POINT('',(95.761964624708,40.810709985094,
    52.508568247745));
#3487 = CARTESIAN_POINT('',(95.880501434252,40.8,52.5));
#3488 = CARTESIAN_POINT('',(96.,40.8,52.5));
#3489 = ORIENTED_EDGE('',*,*,#3337,.T.);
#3490 = ORIENTED_EDGE('',*,*,#3053,.F.);
#3491 = ORIENTED_EDGE('',*,*,#3492,.T.);
#3492 = EDGE_CURVE('',#3045,#3014,#3493,.T.);
#3493 = B_SPLINE_CURVE_WITH_KNOTS('',6,(#3494,#3495,#3496,#3497,#3498,
    #3499,#3500,#3501,#3502,#3503,#3504,#3505,#3506,#3507,#3508,#3509,
    #3510,#3511,#3512,#3513,#3514,#3515,#3516,#3517,#3518,#3519,#3520),
  .UNSPECIFIED.,.F.,.F.,(7,5,5,5,5,7),(0.,0.281432713441,0.359884722376,
    0.499322053264,0.716002637533,1.),.UNSPECIFIED.);
#3494 = CARTESIAN_POINT('',(94.677125024804,32.300001,52.9999994));
#3495 = CARTESIAN_POINT('',(94.627875883836,32.227611684725,
    53.043433020051));
#3496 = CARTESIAN_POINT('',(94.58361269633,32.152330507837,
    53.085919234289));
#3497 = CARTESIAN_POINT('',(94.544226509049,32.074175529432,
    53.126692563171));
#3498 = CARTESIAN_POINT('',(94.509820137235,31.99317688767,
    53.164786821755));
#3499 = CARTESIAN_POINT('',(94.480567458533,31.909331425771,
    53.198954306538));
#3500 = CARTESIAN_POINT('',(94.4501843313,31.798372102877,
    53.235808635824));
#3501 = CARTESIAN_POINT('',(94.443990401969,31.773965334229,
    53.243424245986));
#3502 = CARTESIAN_POINT('',(94.438236220954,31.74935329601,
    53.250586360273));
#3503 = CARTESIAN_POINT('',(94.432931335093,31.724547258019,
    53.257261762063));
#3504 = CARTESIAN_POINT('',(94.428084440658,31.699556511212,
    53.263419173296));
#3505 = CARTESIAN_POINT('',(94.41591667468,31.629655558397,
    53.279000378953));
#3506 = CARTESIAN_POINT('',(94.40959464645,31.584320405071,
    53.287252386579));
#3507 = CARTESIAN_POINT('',(94.40481045088,31.538549336499,
    53.293585242554));
#3508 = CARTESIAN_POINT('',(94.401605732372,31.492489783745,
    53.297859471442));
#3509 = CARTESIAN_POINT('',(94.4,31.446270186596,53.3));
#3510 = CARTESIAN_POINT('',(94.4,31.328097798474,53.3));
#3511 = CARTESIAN_POINT('',(94.40387741624,31.256534953367,
    53.294830218924));
#3512 = CARTESIAN_POINT('',(94.411563818326,31.185581173152,
    53.284581189512));
#3513 = CARTESIAN_POINT('',(94.42296398019,31.115552713275,
    53.26964312596));
#3514 = CARTESIAN_POINT('',(94.437922044245,31.046900625683,
    53.250710476606));
#3515 = CARTESIAN_POINT('',(94.47977155189,30.89295560491,
    53.199884575013));
#3516 = CARTESIAN_POINT('',(94.509070095993,30.808591695748,
    53.165617844664));
#3517 = CARTESIAN_POINT('',(94.543582143917,30.727103966744,
    53.127359864319));
#3518 = CARTESIAN_POINT('',(94.583130296537,30.648490006263,
    53.086382298565));
#3519 = CARTESIAN_POINT('',(94.627608060878,30.57278197738,
    53.043669217482));
#3520 = CARTESIAN_POINT('',(94.677125024804,30.499999,52.9999994));
#3521 = ORIENTED_EDGE('',*,*,#3013,.T.);
#3522 = ORIENTED_EDGE('',*,*,#3327,.T.);
#3523 = ORIENTED_EDGE('',*,*,#3183,.T.);
#3524 = FACE_BOUND('',#3525,.F.);
#3525 = EDGE_LOOP('',(#3526));
#3526 = ORIENTED_EDGE('',*,*,#3527,.F.);
#3527 = EDGE_CURVE('',#3528,#3528,#3530,.T.);
#3528 = VERTEX_POINT('',#3529);
#3529 = CARTESIAN_POINT('',(97.200000000001,53.4,56.1));
#3530 = B_SPLINE_CURVE_WITH_KNOTS('',6,(#3531,#3532,#3533,#3534,#3535,
    #3536,#3537,#3538,#3539,#3540,#3541,#3542,#3543,#3544,#3545,#3546,
    #3547,#3548,#3549,#3550,#3551,#3552,#3553,#3554,#3555,#3556,#3557,
    #3558,#3559,#3560,#3561,#3562,#3563,#3564,#3565,#3566,#3567,#3568,
    #3569,#3570,#3571,#3572,#3573,#3574,#3575,#3576,#3577,#3578,#3579,
    #3580,#3581,#3582,#3583,#3584,#3585,#3586,#3587,#3588,#3589,#3590,
    #3591,#3592,#3593,#3594,#3595,#3596,#3597,#3598,#3599,#3600,#3601,
    #3602,#3603,#3604,#3605,#3606,#3607,#3608,#3609,#3610,#3611,#3612,
    #3613,#3614,#3615,#3616,#3617,#3618,#3619,#3620,#3621,#3622,#3623,
    #3624,#3625,#3626,#3627,#3628,#3629,#3630,#3631,#3632),
  .UNSPECIFIED.,.T.,.F.,(7,5,5,5,5,5,5,5,5,5,5,5,5,5,5,5,5,5,5,5,7),(0.,
    4.345766889356E-02,0.10705785594,0.164384415204,0.2132217108,
    0.276489758259,0.310994094982,0.337164934958,0.394693813658,
    0.456551229142,0.500967744312,0.544257514601,0.607611982377,
    0.664717060526,0.713365673272,0.776389284681,0.810760313927,
    0.836830042885,0.89413665881,0.955755088219,1.),.UNSPECIFIED.);
#3531 = CARTESIAN_POINT('',(97.2,53.4,56.1));
#3532 = CARTESIAN_POINT('',(97.2,53.328819803058,56.1));
#3533 = CARTESIAN_POINT('',(97.205066485028,53.257964529147,
    56.096200061016));
#3534 = CARTESIAN_POINT('',(97.215113626004,53.187700704734,
    56.088665051054));
#3535 = CARTESIAN_POINT('',(97.229765557723,53.118339034428,
    56.077487289845));
#3536 = CARTESIAN_POINT('',(97.248351755258,53.050319463355,
    56.062818311714));
#3537 = CARTESIAN_POINT('',(97.301610996188,52.887620990329,
    56.019041227064));
#3538 = CARTESIAN_POINT('',(97.339948675996,52.79458546293,
    55.986226820396));
#3539 = CARTESIAN_POINT('',(97.38302168399,52.705061219356,
    55.94708110895));
#3540 = CARTESIAN_POINT('',(97.429136075671,52.619043424052,
    55.901821072003));
#3541 = CARTESIAN_POINT('',(97.477042102762,52.536575064662,
    55.850564631957));
#3542 = CARTESIAN_POINT('',(97.569674777838,52.386586848456,
    55.741263197845));
#3543 = CARTESIAN_POINT('',(97.61424935888,52.318395403991,
    55.684386544581));
#3544 = CARTESIAN_POINT('',(97.658738372144,52.253197955163,
    55.622315696623));
#3545 = CARTESIAN_POINT('',(97.702478610712,52.191232492945,
    55.554830117577));
#3546 = CARTESIAN_POINT('',(97.744759585927,52.132914528188,
    55.481665422898));
#3547 = CARTESIAN_POINT('',(97.818821919705,52.032860332423,
    55.335216264291));
#3548 = CARTESIAN_POINT('',(97.851301886481,51.989851554418,
    55.263413973265));
#3549 = CARTESIAN_POINT('',(97.881554369171,51.950433201528,
    55.187218941476));
#3550 = CARTESIAN_POINT('',(97.908929483326,51.915204406396,
    55.106732212695));
#3551 = CARTESIAN_POINT('',(97.932771477392,51.884797014548,
    55.022122064026));
#3552 = CARTESIAN_POINT('',(97.977886589663,51.827604081382,
    54.818990847228));
#3553 = CARTESIAN_POINT('',(97.996393832784,51.804449102133,
    54.697500277231));
#3554 = CARTESIAN_POINT('',(98.005939499249,51.79261707037,
    54.57187365031));
#3555 = CARTESIAN_POINT('',(98.005584522486,51.793028197919,
    54.445110551807));
#3556 = CARTESIAN_POINT('',(97.995606210645,51.805435054447,
    54.32026391693));
#3557 = CARTESIAN_POINT('',(97.967472152194,51.840832229185,
    54.134705428699));
#3558 = CARTESIAN_POINT('',(97.955107988014,51.856432276676,
    54.070715542473));
#3559 = CARTESIAN_POINT('',(97.940508808954,51.874929930649,
    54.008437497301));
#3560 = CARTESIAN_POINT('',(97.923907326851,51.89608934595,
    53.948070202385));
#3561 = CARTESIAN_POINT('',(97.905564981777,51.919647141677,
    53.889792063794));
#3562 = CARTESIAN_POINT('',(97.870753209133,51.964774933571,
    53.791258760571));
#3563 = CARTESIAN_POINT('',(97.854887336747,51.98546901415,
    53.750010519127));
#3564 = CARTESIAN_POINT('',(97.838268984294,52.00729964213,
    53.710018714248));
#3565 = CARTESIAN_POINT('',(97.820992765133,52.030180854358,
    53.671283693611));
#3566 = CARTESIAN_POINT('',(97.80314976999,52.054033424072,
    53.633801545449));
#3567 = CARTESIAN_POINT('',(97.744551603465,52.133193600103,
    53.517906751349));
#3568 = CARTESIAN_POINT('',(97.701953092793,52.191955307075,
    53.444250529064));
#3569 = CARTESIAN_POINT('',(97.657879394346,52.254412976273,
    53.376353770521));
#3570 = CARTESIAN_POINT('',(97.61305539621,52.32014384366,
    53.313945988689));
#3571 = CARTESIAN_POINT('',(97.568158073218,52.388907223835,
    53.256802632594));
#3572 = CARTESIAN_POINT('',(97.476420880329,52.537732411145,
    53.148864047699));
#3573 = CARTESIAN_POINT('',(97.429690548832,52.61825125201,
    53.098872289068));
#3574 = CARTESIAN_POINT('',(97.384673872218,52.702149132254,
    53.054599876894));
#3575 = CARTESIAN_POINT('',(97.342530643021,52.789391609454,
    53.016149065328));
#3576 = CARTESIAN_POINT('',(97.30482186098,52.879986297793,
    52.983720252822));
#3577 = CARTESIAN_POINT('',(97.250773237082,53.041554430196,
    52.939094993624));
#3578 = CARTESIAN_POINT('',(97.231293521504,53.111193815574,
    52.923679135743));
#3579 = CARTESIAN_POINT('',(97.215902634635,53.182264298893,
    52.911926654624));
#3580 = CARTESIAN_POINT('',(97.205333638015,53.254297059901,
    52.904000317671));
#3581 = CARTESIAN_POINT('',(97.2,53.326967127062,52.9));
#3582 = CARTESIAN_POINT('',(97.2,53.471180196847,52.9));
#3583 = CARTESIAN_POINT('',(97.205066485014,53.542035470872,
    52.903799938974));
#3584 = CARTESIAN_POINT('',(97.215113626021,53.612299295362,
    52.911334948957));
#3585 = CARTESIAN_POINT('',(97.229765557745,53.681660965604,
    52.922512710174));
#3586 = CARTESIAN_POINT('',(97.248351755227,53.749680536548,
    52.93718168826));
#3587 = CARTESIAN_POINT('',(97.301610996188,53.912379009671,
    52.980958772936));
#3588 = CARTESIAN_POINT('',(97.339948675996,54.00541453707,
    53.013773179604));
#3589 = CARTESIAN_POINT('',(97.38302168399,54.094938780644,
    53.05291889105));
#3590 = CARTESIAN_POINT('',(97.429136075671,54.180956575948,
    53.098178927997));
#3591 = CARTESIAN_POINT('',(97.477042102762,54.263424935338,
    53.149435368042));
#3592 = CARTESIAN_POINT('',(97.569674777838,54.413413151544,
    53.258736802155));
#3593 = CARTESIAN_POINT('',(97.61424935888,54.481604596009,
    53.315613455419));
#3594 = CARTESIAN_POINT('',(97.658738372144,54.546802044836,
    53.377684303377));
#3595 = CARTESIAN_POINT('',(97.702478610712,54.608767507055,
    53.445169882423));
#3596 = CARTESIAN_POINT('',(97.744759585927,54.667085471812,
    53.518334577102));
#3597 = CARTESIAN_POINT('',(97.818821919705,54.767139667577,
    53.664783735709));
#3598 = CARTESIAN_POINT('',(97.851301886481,54.810148445582,
    53.736586026735));
#3599 = CARTESIAN_POINT('',(97.881554369171,54.849566798472,
    53.812781058524));
#3600 = CARTESIAN_POINT('',(97.908929483326,54.884795593604,
    53.893267787305));
#3601 = CARTESIAN_POINT('',(97.932771477392,54.915202985452,
    53.977877935974));
#3602 = CARTESIAN_POINT('',(97.977886589663,54.972395918618,
    54.181009152772));
#3603 = CARTESIAN_POINT('',(97.996393832784,54.995550897867,
    54.302499722768));
#3604 = CARTESIAN_POINT('',(98.005939499249,55.00738292963,
    54.42812634969));
#3605 = CARTESIAN_POINT('',(98.005584522486,55.006971802081,
    54.554889448193));
#3606 = CARTESIAN_POINT('',(97.995606210645,54.994564945553,
    54.67973608307));
#3607 = CARTESIAN_POINT('',(97.967472152194,54.959167770815,
    54.865294571301));
#3608 = CARTESIAN_POINT('',(97.955107988014,54.943567723324,
    54.929284457527));
#3609 = CARTESIAN_POINT('',(97.940508808954,54.925070069351,
    54.991562502699));
#3610 = CARTESIAN_POINT('',(97.923907326851,54.90391065405,
    55.051929797615));
#3611 = CARTESIAN_POINT('',(97.905564981777,54.880352858323,
    55.110207936206));
#3612 = CARTESIAN_POINT('',(97.870753209133,54.835225066429,
    55.208741239429));
#3613 = CARTESIAN_POINT('',(97.854887336747,54.81453098585,
    55.249989480873));
#3614 = CARTESIAN_POINT('',(97.838268984294,54.79270035787,
    55.289981285752));
#3615 = CARTESIAN_POINT('',(97.820992765133,54.769819145642,
    55.328716306389));
#3616 = CARTESIAN_POINT('',(97.80314976999,54.745966575928,
    55.366198454551));
#3617 = CARTESIAN_POINT('',(97.744551603466,54.666806399897,
    55.482093248651));
#3618 = CARTESIAN_POINT('',(97.701953092793,54.608044692925,
    55.555749470936));
#3619 = CARTESIAN_POINT('',(97.657879394346,54.545587023727,
    55.623646229479));
#3620 = CARTESIAN_POINT('',(97.61305539621,54.47985615634,
    55.686054011311));
#3621 = CARTESIAN_POINT('',(97.568158073218,54.411092776165,
    55.743197367406));
#3622 = CARTESIAN_POINT('',(97.476420880329,54.262267588855,
    55.851135952301));
#3623 = CARTESIAN_POINT('',(97.429690548832,54.18174874799,
    55.901127710932));
#3624 = CARTESIAN_POINT('',(97.384673872218,54.097850867747,
    55.945400123105));
#3625 = CARTESIAN_POINT('',(97.342530643021,54.010608390546,
    55.983850934672));
#3626 = CARTESIAN_POINT('',(97.30482186098,53.920013702207,
    56.016279747178));
#3627 = CARTESIAN_POINT('',(97.250773237194,53.758445570138,
    56.060905006284));
#3628 = CARTESIAN_POINT('',(97.231293521428,53.688806184315,
    56.076320864325));
#3629 = CARTESIAN_POINT('',(97.215902634574,53.617735700776,
    56.088073345415));
#3630 = CARTESIAN_POINT('',(97.205333638064,53.545702940034,
    56.095999682294));
#3631 = CARTESIAN_POINT('',(97.2,53.473032873264,56.1));
#3632 = CARTESIAN_POINT('',(97.2,53.4,56.1));
#3633 = CYLINDRICAL_SURFACE('',#3634,2.);
#3634 = AXIS2_PLACEMENT_3D('',#3635,#3636,#3637);
#3635 = CARTESIAN_POINT('',(96.,70.,54.5));
#3636 = DIRECTION('',(0.,-1.,0.));
#3637 = DIRECTION('',(0.,-0.,-1.));
#3638 = ADVANCED_FACE('',(#3639),#3643,.F.);
#3639 = FACE_BOUND('',#3640,.F.);
#3640 = EDGE_LOOP('',(#3641,#3642));
#3641 = ORIENTED_EDGE('',*,*,#3044,.T.);
#3642 = ORIENTED_EDGE('',*,*,#3492,.F.);
#3643 = CYLINDRICAL_SURFACE('',#3644,1.6);
#3644 = AXIS2_PLACEMENT_3D('',#3645,#3646,#3647);
#3645 = CARTESIAN_POINT('',(96.,31.4,53.));
#3646 = DIRECTION('',(0.,0.,1.));
#3647 = DIRECTION('',(1.,0.,-0.));
#3648 = ADVANCED_FACE('',(#3649),#3661,.F.);
#3649 = FACE_BOUND('',#3650,.F.);
#3650 = EDGE_LOOP('',(#3651,#3652,#3653,#3658,#3659,#3660));
#3651 = ORIENTED_EDGE('',*,*,#3425,.F.);
#3652 = ORIENTED_EDGE('',*,*,#3377,.F.);
#3653 = ORIENTED_EDGE('',*,*,#3654,.F.);
#3654 = EDGE_CURVE('',#3137,#3346,#3655,.T.);
#3655 = B_SPLINE_CURVE_WITH_KNOTS('',1,(#3656,#3657),.UNSPECIFIED.,.F.,
  .F.,(2,2),(0.,16.8),.PIECEWISE_BEZIER_KNOTS.);
#3656 = CARTESIAN_POINT('',(97.6,42.4,36.5));
#3657 = CARTESIAN_POINT('',(97.6,42.4,53.3));
#3658 = ORIENTED_EDGE('',*,*,#3136,.T.);
#3659 = ORIENTED_EDGE('',*,*,#3654,.T.);
#3660 = ORIENTED_EDGE('',*,*,#3345,.F.);
#3661 = CYLINDRICAL_SURFACE('',#3662,1.6);
#3662 = AXIS2_PLACEMENT_3D('',#3663,#3664,#3665);
#3663 = CARTESIAN_POINT('',(96.,42.4,36.5));
#3664 = DIRECTION('',(0.,0.,1.));
#3665 = DIRECTION('',(1.,0.,-0.));
#3666 = ADVANCED_FACE('',(#3667),#3686,.F.);
#3667 = FACE_BOUND('',#3668,.F.);
#3668 = EDGE_LOOP('',(#3669,#3670,#3678,#3685));
#3669 = ORIENTED_EDGE('',*,*,#3156,.F.);
#3670 = ORIENTED_EDGE('',*,*,#3671,.F.);
#3671 = EDGE_CURVE('',#3672,#3157,#3674,.T.);
#3672 = VERTEX_POINT('',#3673);
#3673 = CARTESIAN_POINT('',(105.,53.4,51.6));
#3674 = LINE('',#3675,#3676);
#3675 = CARTESIAN_POINT('',(103.,53.4,51.6));
#3676 = VECTOR('',#3677,1.);
#3677 = DIRECTION('',(1.,0.,0.));
#3678 = ORIENTED_EDGE('',*,*,#3679,.T.);
#3679 = EDGE_CURVE('',#3672,#3672,#3680,.T.);
#3680 = CIRCLE('',#3681,1.6);
#3681 = AXIS2_PLACEMENT_3D('',#3682,#3683,#3684);
#3682 = CARTESIAN_POINT('',(105.,53.4,50.));
#3683 = DIRECTION('',(1.,0.,0.));
#3684 = DIRECTION('',(-0.,0.,1.));
#3685 = ORIENTED_EDGE('',*,*,#3671,.T.);
#3686 = CYLINDRICAL_SURFACE('',#3687,1.6);
#3687 = AXIS2_PLACEMENT_3D('',#3688,#3689,#3690);
#3688 = CARTESIAN_POINT('',(103.,53.4,50.));
#3689 = DIRECTION('',(1.,0.,0.));
#3690 = DIRECTION('',(-0.,0.,1.));
#3691 = ADVANCED_FACE('',(#3692),#3703,.F.);
#3692 = FACE_BOUND('',#3693,.F.);
#3693 = EDGE_LOOP('',(#3694,#3695,#3696,#3697));
#3694 = ORIENTED_EDGE('',*,*,#3254,.F.);
#3695 = ORIENTED_EDGE('',*,*,#3319,.T.);
#3696 = ORIENTED_EDGE('',*,*,#3173,.T.);
#3697 = ORIENTED_EDGE('',*,*,#3698,.T.);
#3698 = EDGE_CURVE('',#3176,#3255,#3699,.T.);
#3699 = LINE('',#3700,#3701);
#3700 = CARTESIAN_POINT('',(96.,20.4,54.5));
#3701 = VECTOR('',#3702,1.);
#3702 = DIRECTION('',(1.,0.,-0.));
#3703 = PLANE('',#3704);
#3704 = AXIS2_PLACEMENT_3D('',#3705,#3706,#3707);
#3705 = CARTESIAN_POINT('',(96.,20.4,54.5));
#3706 = DIRECTION('',(0.,-1.,0.));
#3707 = DIRECTION('',(0.,-0.,-1.));
#3708 = ADVANCED_FACE('',(#3709),#3713,.F.);
#3709 = FACE_BOUND('',#3710,.F.);
#3710 = EDGE_LOOP('',(#3711,#3712));
#3711 = ORIENTED_EDGE('',*,*,#3262,.T.);
#3712 = ORIENTED_EDGE('',*,*,#3698,.F.);
#3713 = PLANE('',#3714);
#3714 = AXIS2_PLACEMENT_3D('',#3715,#3716,#3717);
#3715 = CARTESIAN_POINT('',(96.,20.4,54.5));
#3716 = DIRECTION('',(0.,0.,1.));
#3717 = DIRECTION('',(1.,0.,-0.));
#3718 = ADVANCED_FACE('',(#3719),#3722,.T.);
#3719 = FACE_BOUND('',#3720,.F.);
#3720 = EDGE_LOOP('',(#3721));
#3721 = ORIENTED_EDGE('',*,*,#3417,.F.);
#3722 = PLANE('',#3723);
#3723 = AXIS2_PLACEMENT_3D('',#3724,#3725,#3726);
#3724 = CARTESIAN_POINT('',(96.,70.,54.5));
#3725 = DIRECTION('',(0.,-1.,0.));
#3726 = DIRECTION('',(0.,-0.,-1.));
#3727 = ADVANCED_FACE('',(#3728),#3765,.F.);
#3728 = FACE_BOUND('',#3729,.F.);
#3729 = EDGE_LOOP('',(#3730,#3738,#3747,#3756,#3763,#3764));
#3730 = ORIENTED_EDGE('',*,*,#3731,.T.);
#3731 = EDGE_CURVE('',#3528,#3732,#3734,.T.);
#3732 = VERTEX_POINT('',#3733);
#3733 = CARTESIAN_POINT('',(103.,53.4,56.1));
#3734 = LINE('',#3735,#3736);
#3735 = CARTESIAN_POINT('',(96.,53.4,56.1));
#3736 = VECTOR('',#3737,1.);
#3737 = DIRECTION('',(1.,0.,0.));
#3738 = ORIENTED_EDGE('',*,*,#3739,.F.);
#3739 = EDGE_CURVE('',#3740,#3732,#3742,.T.);
#3740 = VERTEX_POINT('',#3741);
#3741 = CARTESIAN_POINT('',(103.,55.,54.5));
#3742 = CIRCLE('',#3743,1.6);
#3743 = AXIS2_PLACEMENT_3D('',#3744,#3745,#3746);
#3744 = CARTESIAN_POINT('',(103.,53.4,54.5));
#3745 = DIRECTION('',(1.,0.,0.));
#3746 = DIRECTION('',(-0.,0.,1.));
#3747 = ORIENTED_EDGE('',*,*,#3748,.T.);
#3748 = EDGE_CURVE('',#3740,#3749,#3751,.T.);
#3749 = VERTEX_POINT('',#3750);
#3750 = CARTESIAN_POINT('',(103.,51.8,54.5));
#3751 = ELLIPSE('',#3752,2.262741699797,1.6);
#3752 = AXIS2_PLACEMENT_3D('',#3753,#3754,#3755);
#3753 = CARTESIAN_POINT('',(103.,53.4,54.5));
#3754 = DIRECTION('',(-0.707106781187,0.,0.707106781187));
#3755 = DIRECTION('',(0.707106781187,0.,0.707106781187));
#3756 = ORIENTED_EDGE('',*,*,#3757,.F.);
#3757 = EDGE_CURVE('',#3732,#3749,#3758,.T.);
#3758 = CIRCLE('',#3759,1.6);
#3759 = AXIS2_PLACEMENT_3D('',#3760,#3761,#3762);
#3760 = CARTESIAN_POINT('',(103.,53.4,54.5));
#3761 = DIRECTION('',(1.,0.,0.));
#3762 = DIRECTION('',(-0.,0.,1.));
#3763 = ORIENTED_EDGE('',*,*,#3731,.F.);
#3764 = ORIENTED_EDGE('',*,*,#3527,.T.);
#3765 = CYLINDRICAL_SURFACE('',#3766,1.6);
#3766 = AXIS2_PLACEMENT_3D('',#3767,#3768,#3769);
#3767 = CARTESIAN_POINT('',(96.,53.4,54.5));
#3768 = DIRECTION('',(1.,0.,0.));
#3769 = DIRECTION('',(-0.,0.,1.));
#3770 = ADVANCED_FACE('',(#3771),#3808,.F.);
#3771 = FACE_BOUND('',#3772,.F.);
#3772 = EDGE_LOOP('',(#3773,#3784,#3793,#3799,#3800,#3801));
#3773 = ORIENTED_EDGE('',*,*,#3774,.T.);
#3774 = EDGE_CURVE('',#3775,#3777,#3779,.T.);
#3775 = VERTEX_POINT('',#3776);
#3776 = CARTESIAN_POINT('',(103.,51.8,50.));
#3777 = VERTEX_POINT('',#3778);
#3778 = CARTESIAN_POINT('',(103.,55.,50.));
#3779 = CIRCLE('',#3780,1.6);
#3780 = AXIS2_PLACEMENT_3D('',#3781,#3782,#3783);
#3781 = CARTESIAN_POINT('',(103.,53.4,50.));
#3782 = DIRECTION('',(1.,0.,0.));
#3783 = DIRECTION('',(-0.,0.,1.));
#3784 = ORIENTED_EDGE('',*,*,#3785,.T.);
#3785 = EDGE_CURVE('',#3777,#3786,#3788,.T.);
#3786 = VERTEX_POINT('',#3787);
#3787 = CARTESIAN_POINT('',(104.6,53.4,51.6));
#3788 = ELLIPSE('',#3789,2.262741699797,1.6);
#3789 = AXIS2_PLACEMENT_3D('',#3790,#3791,#3792);
#3790 = CARTESIAN_POINT('',(103.,53.4,50.));
#3791 = DIRECTION('',(0.707106781187,0.,-0.707106781187));
#3792 = DIRECTION('',(0.707106781187,0.,0.707106781187));
#3793 = ORIENTED_EDGE('',*,*,#3794,.T.);
#3794 = EDGE_CURVE('',#3786,#3672,#3795,.T.);
#3795 = LINE('',#3796,#3797);
#3796 = CARTESIAN_POINT('',(103.,53.4,51.6));
#3797 = VECTOR('',#3798,1.);
#3798 = DIRECTION('',(1.,0.,0.));
#3799 = ORIENTED_EDGE('',*,*,#3679,.F.);
#3800 = ORIENTED_EDGE('',*,*,#3794,.F.);
#3801 = ORIENTED_EDGE('',*,*,#3802,.T.);
#3802 = EDGE_CURVE('',#3786,#3775,#3803,.T.);
#3803 = ELLIPSE('',#3804,2.262741699797,1.6);
#3804 = AXIS2_PLACEMENT_3D('',#3805,#3806,#3807);
#3805 = CARTESIAN_POINT('',(103.,53.4,50.));
#3806 = DIRECTION('',(0.707106781187,0.,-0.707106781187));
#3807 = DIRECTION('',(0.707106781187,0.,0.707106781187));
#3808 = CYLINDRICAL_SURFACE('',#3809,1.6);
#3809 = AXIS2_PLACEMENT_3D('',#3810,#3811,#3812);
#3810 = CARTESIAN_POINT('',(103.,53.4,50.));
#3811 = DIRECTION('',(1.,0.,0.));
#3812 = DIRECTION('',(-0.,0.,1.));
#3813 = ADVANCED_FACE('',(#3814),#3824,.F.);
#3814 = FACE_BOUND('',#3815,.F.);
#3815 = EDGE_LOOP('',(#3816,#3817,#3818));
#3816 = ORIENTED_EDGE('',*,*,#3739,.T.);
#3817 = ORIENTED_EDGE('',*,*,#3757,.T.);
#3818 = ORIENTED_EDGE('',*,*,#3819,.T.);
#3819 = EDGE_CURVE('',#3749,#3740,#3820,.T.);
#3820 = LINE('',#3821,#3822);
#3821 = CARTESIAN_POINT('',(103.,53.4,54.5));
#3822 = VECTOR('',#3823,1.);
#3823 = DIRECTION('',(0.,1.,0.));
#3824 = PLANE('',#3825);
#3825 = AXIS2_PLACEMENT_3D('',#3826,#3827,#3828);
#3826 = CARTESIAN_POINT('',(103.,53.4,54.5));
#3827 = DIRECTION('',(1.,0.,0.));
#3828 = DIRECTION('',(-0.,0.,1.));
#3829 = ADVANCED_FACE('',(#3830),#3865,.F.);
#3830 = FACE_BOUND('',#3831,.F.);
#3831 = EDGE_LOOP('',(#3832,#3840,#3841,#3848,#3849,#3850,#3857,#3858));
#3832 = ORIENTED_EDGE('',*,*,#3833,.F.);
#3833 = EDGE_CURVE('',#3786,#3834,#3836,.T.);
#3834 = VERTEX_POINT('',#3835);
#3835 = CARTESIAN_POINT('',(104.6,53.4,54.5));
#3836 = LINE('',#3837,#3838);
#3837 = CARTESIAN_POINT('',(104.6,53.4,50.));
#3838 = VECTOR('',#3839,1.);
#3839 = DIRECTION('',(0.,0.,1.));
#3840 = ORIENTED_EDGE('',*,*,#3785,.F.);
#3841 = ORIENTED_EDGE('',*,*,#3842,.T.);
#3842 = EDGE_CURVE('',#3777,#3775,#3843,.T.);
#3843 = CIRCLE('',#3844,1.6);
#3844 = AXIS2_PLACEMENT_3D('',#3845,#3846,#3847);
#3845 = CARTESIAN_POINT('',(103.,53.4,50.));
#3846 = DIRECTION('',(0.,0.,1.));
#3847 = DIRECTION('',(1.,0.,-0.));
#3848 = ORIENTED_EDGE('',*,*,#3802,.F.);
#3849 = ORIENTED_EDGE('',*,*,#3833,.T.);
#3850 = ORIENTED_EDGE('',*,*,#3851,.F.);
#3851 = EDGE_CURVE('',#3749,#3834,#3852,.T.);
#3852 = CIRCLE('',#3853,1.6);
#3853 = AXIS2_PLACEMENT_3D('',#3854,#3855,#3856);
#3854 = CARTESIAN_POINT('',(103.,53.4,54.5));
#3855 = DIRECTION('',(0.,0.,1.));
#3856 = DIRECTION('',(1.,0.,-0.));
#3857 = ORIENTED_EDGE('',*,*,#3748,.F.);
#3858 = ORIENTED_EDGE('',*,*,#3859,.F.);
#3859 = EDGE_CURVE('',#3834,#3740,#3860,.T.);
#3860 = CIRCLE('',#3861,1.6);
#3861 = AXIS2_PLACEMENT_3D('',#3862,#3863,#3864);
#3862 = CARTESIAN_POINT('',(103.,53.4,54.5));
#3863 = DIRECTION('',(0.,0.,1.));
#3864 = DIRECTION('',(1.,0.,-0.));
#3865 = CYLINDRICAL_SURFACE('',#3866,1.6);
#3866 = AXIS2_PLACEMENT_3D('',#3867,#3868,#3869);
#3867 = CARTESIAN_POINT('',(103.,53.4,50.));
#3868 = DIRECTION('',(0.,0.,1.));
#3869 = DIRECTION('',(1.,0.,-0.));
#3870 = ADVANCED_FACE('',(#3871),#3880,.T.);
#3871 = FACE_BOUND('',#3872,.T.);
#3872 = EDGE_LOOP('',(#3873,#3879));
#3873 = ORIENTED_EDGE('',*,*,#3874,.T.);
#3874 = EDGE_CURVE('',#3777,#3775,#3875,.T.);
#3875 = LINE('',#3876,#3877);
#3876 = CARTESIAN_POINT('',(103.,53.4,50.));
#3877 = VECTOR('',#3878,1.);
#3878 = DIRECTION('',(0.,-1.,0.));
#3879 = ORIENTED_EDGE('',*,*,#3774,.T.);
#3880 = PLANE('',#3881);
#3881 = AXIS2_PLACEMENT_3D('',#3882,#3883,#3884);
#3882 = CARTESIAN_POINT('',(103.,53.4,50.));
#3883 = DIRECTION('',(1.,0.,0.));
#3884 = DIRECTION('',(-0.,0.,1.));
#3885 = ADVANCED_FACE('',(#3886),#3891,.F.);
#3886 = FACE_BOUND('',#3887,.F.);
#3887 = EDGE_LOOP('',(#3888,#3889,#3890));
#3888 = ORIENTED_EDGE('',*,*,#3851,.T.);
#3889 = ORIENTED_EDGE('',*,*,#3859,.T.);
#3890 = ORIENTED_EDGE('',*,*,#3819,.F.);
#3891 = PLANE('',#3892);
#3892 = AXIS2_PLACEMENT_3D('',#3893,#3894,#3895);
#3893 = CARTESIAN_POINT('',(103.,53.4,54.5));
#3894 = DIRECTION('',(0.,0.,1.));
#3895 = DIRECTION('',(1.,0.,-0.));
#3896 = ADVANCED_FACE('',(#3897),#3901,.T.);
#3897 = FACE_BOUND('',#3898,.T.);
#3898 = EDGE_LOOP('',(#3899,#3900));
#3899 = ORIENTED_EDGE('',*,*,#3874,.F.);
#3900 = ORIENTED_EDGE('',*,*,#3842,.T.);
#3901 = PLANE('',#3902);
#3902 = AXIS2_PLACEMENT_3D('',#3903,#3904,#3905);
#3903 = CARTESIAN_POINT('',(103.,53.4,50.));
#3904 = DIRECTION('',(0.,0.,1.));
#3905 = DIRECTION('',(1.,0.,-0.));
#3906 = ( GEOMETRIC_REPRESENTATION_CONTEXT(3) 
GLOBAL_UNCERTAINTY_ASSIGNED_CONTEXT((#3910)) 
GLOBAL_UNIT_ASSIGNED_CONTEXT((#3907,#3908,#3909)) REPRESENTATION_CONTEXT
('Context #1','3D Context with UNIT and UNCERTAINTY') );
#3907 = ( LENGTH_UNIT() NAMED_UNIT(*) SI_UNIT(.MILLI.,.METRE.) );
#3908 = ( NAMED_UNIT(*) PLANE_ANGLE_UNIT() SI_UNIT($,.RADIAN.) );
#3909 = ( NAMED_UNIT(*) SI_UNIT($,.STERADIAN.) SOLID_ANGLE_UNIT() );
#3910 = UNCERTAINTY_MEASURE_WITH_UNIT(LENGTH_MEASURE(2.E-06),#3907,
  'distance_accuracy_value','confusion accuracy');
#3911 = PRODUCT_RELATED_PRODUCT_CATEGORY('part',$,(#7));
ENDSEC;
END-ISO-10303-21;
